PCM_type_Wall,Thickness_Wall,Melting_Point_Wall,PCM_type_Roof,Thickness_Roof,Melting_Point_Roof,Roof_PCM_Position,wall_PCM_Position,IDD,EUI,TL,city,pareto,TL_phase
1.0,2.0,3.0,0.0,1.0,3.0,1.0,2.0,5.02514,46.974,0.0,Ardebial,False,0.0
0.0,3.0,3.0,0.0,2.0,2.0,1.0,1.0,5.036634,47.073,0.0,Ardebial,False,0.0
1.0,2.0,2.0,1.0,1.0,2.0,0.0,2.0,5.052508,46.825,0.0,Ardebial,False,0.0
1.0,2.0,2.0,1.0,3.0,1.0,1.0,1.0,4.858312,45.685,0.0,Ardebial,False,0.0
0.0,0.0,3.0,0.0,2.0,1.0,1.0,1.0,5.036634,47.073,0.0,Ardebial,False,0.0
0.0,3.0,4.0,1.0,0.0,3.0,2.0,2.0,4.963331,46.379,0.0,Ardebial,False,0.0
1.0,2.0,2.0,0.0,0.0,3.0,1.0,0.0,5.081378,47.569,1.0,Ardebial,False,1.0
0.0,0.0,3.0,0.0,1.0,2.0,2.0,1.0,5.070177,47.47,0.0,Ardebial,False,0.0
1.0,0.0,0.0,0.0,1.0,4.0,1.0,1.0,5.079325,47.669,1.0,Ardebial,False,1.0
1.0,0.0,4.0,0.0,1.0,0.0,2.0,1.0,5.076017,47.569,0.0,Ardebial,False,0.0
1.0,2.0,0.0,0.0,0.0,0.0,1.0,0.0,5.081378,47.569,1.0,Ardebial,False,1.0
0.0,1.0,2.0,1.0,0.0,1.0,2.0,0.0,5.103487,47.867,1.0,Ardebial,False,1.0
0.0,2.0,1.0,0.0,1.0,1.0,2.0,1.0,5.034684,47.024,0.0,Ardebial,False,0.0
1.0,0.0,2.0,1.0,2.0,3.0,1.0,0.0,5.09986,47.917,1.0,Ardebial,False,1.0
1.0,0.0,3.0,0.0,2.0,4.0,2.0,1.0,5.063844,47.47,0.0,Ardebial,False,0.0
0.0,3.0,4.0,0.0,1.0,0.0,2.0,2.0,5.068088,47.321,1.0,Ardebial,False,1.0
0.0,1.0,2.0,0.0,2.0,1.0,1.0,1.0,5.036634,47.073,0.0,Ardebial,False,0.0
1.0,0.0,1.0,0.0,1.0,1.0,1.0,0.0,5.094872,47.768,1.0,Ardebial,False,1.0
1.0,1.0,1.0,1.0,2.0,1.0,1.0,1.0,5.009467,46.875,0.0,Ardebial,False,0.0
0.0,3.0,4.0,1.0,0.0,1.0,1.0,0.0,5.077814,47.371,1.0,Ardebial,False,1.0
1.0,1.0,1.0,0.0,1.0,4.0,0.0,0.0,5.11513,47.718,1.0,Ardebial,False,1.0
0.0,1.0,4.0,1.0,3.0,4.0,2.0,1.0,4.978835,47.024,0.0,Ardebial,False,0.0
1.0,1.0,3.0,0.0,1.0,2.0,1.0,2.0,5.060054,47.321,0.0,Ardebial,False,0.0
1.0,2.0,4.0,0.0,2.0,0.0,1.0,1.0,5.017649,46.974,0.0,Ardebial,False,0.0
1.0,3.0,3.0,1.0,1.0,0.0,1.0,1.0,4.858312,45.685,0.0,Ardebial,False,0.0
1.0,2.0,1.0,1.0,2.0,3.0,2.0,1.0,5.008374,46.875,0.0,Ardebial,False,0.0
0.0,1.0,3.0,0.0,0.0,3.0,1.0,1.0,5.072433,47.52,0.0,Ardebial,False,0.0
1.0,3.0,3.0,1.0,0.0,1.0,1.0,2.0,4.853528,45.585,0.0,Ardebial,False,0.0
1.0,1.0,0.0,1.0,0.0,3.0,0.0,1.0,5.09497,47.768,1.0,Ardebial,False,1.0
1.0,1.0,2.0,1.0,2.0,4.0,2.0,1.0,5.008374,46.875,0.0,Ardebial,False,0.0
0.0,3.0,4.0,1.0,3.0,2.0,0.0,1.0,4.995865,46.429,0.0,Ardebial,False,0.0
1.0,2.0,1.0,0.0,2.0,0.0,1.0,2.0,5.016142,46.925,0.0,Ardebial,False,0.0
0.0,3.0,4.0,1.0,1.0,1.0,1.0,1.0,4.957908,46.528,0.0,Ardebial,False,0.0
1.0,1.0,2.0,0.0,2.0,1.0,1.0,0.0,5.07557,47.52,1.0,Ardebial,False,1.0
0.0,2.0,3.0,0.0,1.0,4.0,0.0,0.0,5.131176,47.569,1.0,Ardebial,True,1.0
1.0,2.0,1.0,1.0,1.0,2.0,1.0,2.0,5.007505,46.875,0.0,Ardebial,False,0.0
1.0,3.0,2.0,0.0,2.0,2.0,0.0,2.0,4.949847,46.23,0.0,Ardebial,False,0.0
1.0,1.0,3.0,1.0,2.0,1.0,2.0,2.0,4.979881,46.825,0.0,Ardebial,False,0.0
1.0,0.0,3.0,1.0,1.0,1.0,2.0,1.0,5.083407,47.718,1.0,Ardebial,False,1.0
0.0,0.0,0.0,0.0,1.0,3.0,2.0,0.0,5.098033,47.718,1.0,Ardebial,False,1.0
1.0,3.0,0.0,0.0,1.0,1.0,1.0,2.0,4.916977,46.329,0.0,Ardebial,False,0.0
0.0,2.0,3.0,0.0,2.0,1.0,1.0,1.0,5.036634,47.073,0.0,Ardebial,False,0.0
0.0,3.0,1.0,1.0,1.0,2.0,0.0,0.0,5.091893,47.371,1.0,Ardebial,False,1.0
1.0,3.0,3.0,1.0,1.0,3.0,2.0,2.0,4.862559,45.585,0.0,Ardebial,False,0.0
0.0,3.0,2.0,0.0,1.0,1.0,0.0,1.0,5.095901,47.52,0.0,Ardebial,False,0.0
0.0,1.0,2.0,0.0,2.0,2.0,0.0,1.0,5.084524,47.123,0.0,Ardebial,False,0.0
1.0,2.0,1.0,1.0,2.0,2.0,0.0,1.0,5.054907,46.875,0.0,Ardebial,False,0.0
0.0,3.0,1.0,1.0,2.0,0.0,2.0,2.0,4.943161,46.329,0.0,Ardebial,False,0.0
0.0,2.0,2.0,1.0,2.0,4.0,1.0,0.0,5.071764,47.421,1.0,Ardebial,False,1.0
0.0,2.0,3.0,1.0,3.0,2.0,1.0,0.0,5.036313,47.024,1.0,Ardebial,False,1.0
1.0,1.0,1.0,1.0,1.0,2.0,1.0,2.0,5.054155,47.272,0.0,Ardebial,False,0.0
0.0,1.0,1.0,1.0,2.0,4.0,0.0,1.0,5.101354,47.321,0.0,Ardebial,False,0.0
0.0,0.0,3.0,1.0,2.0,3.0,2.0,1.0,5.063149,47.47,1.0,Ardebial,False,1.0
0.0,2.0,2.0,1.0,0.0,1.0,0.0,0.0,5.110061,47.768,1.0,Ardebial,False,1.0
0.0,1.0,2.0,0.0,3.0,2.0,1.0,1.0,5.072433,47.52,0.0,Ardebial,False,0.0
0.0,1.0,1.0,0.0,1.0,2.0,2.0,2.0,5.068088,47.321,1.0,Ardebial,False,1.0
0.0,2.0,1.0,0.0,3.0,1.0,2.0,2.0,5.001711,46.825,0.0,Ardebial,False,0.0
1.0,3.0,2.0,1.0,3.0,3.0,1.0,0.0,4.97248,46.28,1.0,Ardebial,False,1.0
1.0,0.0,0.0,1.0,3.0,2.0,0.0,0.0,5.066909,46.528,1.0,Ardebial,False,1.0
0.0,2.0,3.0,1.0,2.0,1.0,2.0,1.0,5.029247,46.974,0.0,Ardebial,False,0.0
1.0,1.0,2.0,0.0,0.0,1.0,2.0,1.0,5.065858,47.421,0.0,Ardebial,False,0.0
1.0,0.0,2.0,1.0,2.0,3.0,2.0,2.0,5.08247,47.669,1.0,Ardebial,False,1.0
0.0,1.0,3.0,0.0,3.0,4.0,1.0,0.0,5.098317,47.768,1.0,Ardebial,False,1.0
0.0,1.0,2.0,1.0,2.0,1.0,0.0,0.0,5.130452,47.669,1.0,Ardebial,True,1.0
0.0,3.0,2.0,0.0,2.0,0.0,1.0,0.0,5.082049,47.52,1.0,Ardebial,False,1.0
1.0,3.0,1.0,0.0,2.0,4.0,0.0,0.0,5.066344,46.974,1.0,Ardebial,False,1.0
0.0,2.0,3.0,1.0,1.0,3.0,0.0,2.0,5.063096,47.024,0.0,Ardebial,False,0.0
0.0,0.0,1.0,0.0,2.0,0.0,0.0,0.0,5.131176,47.569,1.0,Ardebial,True,1.0
0.0,1.0,0.0,1.0,1.0,4.0,0.0,0.0,5.121457,47.768,1.0,Ardebial,False,1.0
1.0,3.0,3.0,0.0,0.0,2.0,1.0,2.0,4.924006,46.28,0.0,Ardebial,False,0.0
0.0,2.0,3.0,0.0,1.0,1.0,2.0,1.0,5.034684,47.024,0.0,Ardebial,False,0.0
1.0,0.0,2.0,0.0,2.0,0.0,2.0,0.0,5.079301,47.52,1.0,Ardebial,False,1.0
0.0,3.0,2.0,0.0,1.0,3.0,1.0,2.0,5.071677,47.47,1.0,Ardebial,False,1.0
0.0,1.0,0.0,1.0,0.0,4.0,1.0,1.0,5.077359,47.569,0.0,Ardebial,False,0.0
0.0,2.0,2.0,1.0,2.0,0.0,1.0,1.0,5.030078,47.024,0.0,Ardebial,False,0.0
1.0,2.0,2.0,0.0,0.0,1.0,1.0,0.0,5.081378,47.569,1.0,Ardebial,False,1.0
0.0,3.0,1.0,0.0,2.0,0.0,1.0,1.0,5.036634,47.073,0.0,Ardebial,False,0.0
0.0,2.0,4.0,0.0,1.0,2.0,2.0,2.0,5.001711,46.825,0.0,Ardebial,False,0.0
1.0,2.0,1.0,0.0,0.0,2.0,1.0,2.0,5.033931,47.123,0.0,Ardebial,False,0.0
1.0,3.0,1.0,0.0,3.0,4.0,2.0,0.0,4.981461,46.23,1.0,Ardebial,False,1.0
1.0,0.0,1.0,1.0,1.0,3.0,1.0,1.0,5.084356,47.718,1.0,Ardebial,False,1.0
1.0,0.0,0.0,0.0,1.0,3.0,2.0,1.0,5.076017,47.569,0.0,Ardebial,False,0.0
1.0,0.0,1.0,1.0,2.0,1.0,0.0,1.0,5.09497,47.768,1.0,Ardebial,False,1.0
0.0,0.0,3.0,1.0,0.0,3.0,1.0,1.0,5.090735,47.768,1.0,Ardebial,False,1.0
0.0,3.0,3.0,1.0,2.0,2.0,0.0,0.0,5.100758,47.222,1.0,Ardebial,False,1.0
1.0,3.0,3.0,0.0,1.0,1.0,1.0,1.0,4.919376,46.429,0.0,Ardebial,False,0.0
0.0,3.0,1.0,0.0,3.0,2.0,0.0,1.0,5.015395,46.429,0.0,Ardebial,False,0.0
1.0,1.0,2.0,1.0,1.0,2.0,1.0,0.0,5.08328,47.669,1.0,Ardebial,False,1.0
1.0,2.0,2.0,1.0,3.0,3.0,0.0,0.0,5.066909,46.528,1.0,Ardebial,False,1.0
1.0,1.0,2.0,1.0,1.0,1.0,1.0,2.0,5.054155,47.272,0.0,Ardebial,False,0.0
0.0,2.0,3.0,0.0,2.0,1.0,0.0,1.0,5.084524,47.123,0.0,Ardebial,False,0.0
1.0,2.0,0.0,1.0,2.0,1.0,1.0,1.0,5.009467,46.875,0.0,Ardebial,False,0.0
0.0,3.0,3.0,1.0,2.0,1.0,2.0,0.0,5.050142,47.123,1.0,Ardebial,False,1.0
0.0,3.0,1.0,1.0,0.0,1.0,1.0,1.0,4.967999,46.627,0.0,Ardebial,False,0.0
1.0,2.0,1.0,0.0,0.0,1.0,0.0,1.0,5.045634,47.073,0.0,Ardebial,False,0.0
1.0,2.0,3.0,0.0,1.0,2.0,0.0,0.0,5.099813,47.52,1.0,Ardebial,False,1.0
1.0,2.0,2.0,1.0,1.0,1.0,2.0,2.0,4.979881,46.825,0.0,Ardebial,False,0.0
1.0,1.0,1.0,1.0,1.0,0.0,1.0,2.0,5.054155,47.272,0.0,Ardebial,False,0.0
0.0,0.0,0.0,1.0,3.0,1.0,1.0,0.0,5.042152,47.173,1.0,Ardebial,False,1.0
0.0,3.0,1.0,0.0,1.0,3.0,1.0,1.0,5.072433,47.52,0.0,Ardebial,False,0.0
0.0,2.0,1.0,0.0,1.0,1.0,1.0,0.0,5.082049,47.52,1.0,Ardebial,False,1.0
0.0,3.0,4.0,1.0,1.0,3.0,1.0,2.0,4.950538,46.429,0.0,Ardebial,False,0.0
1.0,2.0,1.0,0.0,2.0,3.0,1.0,1.0,5.017649,46.974,0.0,Ardebial,False,0.0
1.0,0.0,1.0,1.0,3.0,4.0,1.0,2.0,4.853528,45.585,0.0,Ardebial,False,0.0
1.0,2.0,2.0,0.0,0.0,4.0,2.0,1.0,5.03315,47.123,0.0,Ardebial,False,0.0
1.0,2.0,1.0,1.0,3.0,2.0,1.0,2.0,4.853528,45.585,0.0,Ardebial,False,0.0
1.0,2.0,0.0,1.0,2.0,2.0,2.0,1.0,5.008374,46.875,0.0,Ardebial,False,0.0
0.0,1.0,3.0,0.0,2.0,2.0,1.0,2.0,5.033645,46.974,0.0,Ardebial,False,0.0
1.0,1.0,2.0,1.0,3.0,1.0,1.0,0.0,4.97248,46.28,1.0,Ardebial,False,1.0
0.0,0.0,3.0,1.0,3.0,2.0,0.0,2.0,5.119457,47.321,1.0,Ardebial,False,1.0
0.0,2.0,1.0,0.0,3.0,1.0,2.0,1.0,5.034684,47.024,0.0,Ardebial,False,0.0
0.0,2.0,1.0,0.0,2.0,2.0,1.0,1.0,5.036634,47.073,0.0,Ardebial,False,0.0
0.0,2.0,2.0,1.0,3.0,3.0,0.0,0.0,5.134154,47.371,1.0,Ardebial,False,1.0
1.0,1.0,2.0,0.0,1.0,3.0,2.0,2.0,5.057382,47.272,0.0,Ardebial,False,0.0
0.0,1.0,2.0,1.0,1.0,2.0,0.0,0.0,5.121457,47.768,1.0,Ardebial,False,1.0
1.0,1.0,2.0,1.0,1.0,3.0,2.0,1.0,5.055929,47.272,0.0,Ardebial,False,0.0
1.0,1.0,2.0,1.0,0.0,1.0,1.0,0.0,5.09986,47.917,1.0,Ardebial,False,1.0
0.0,2.0,0.0,0.0,3.0,2.0,1.0,0.0,5.082049,47.52,1.0,Ardebial,False,1.0
0.0,3.0,3.0,0.0,1.0,3.0,1.0,1.0,5.072433,47.52,0.0,Ardebial,False,0.0
0.0,2.0,3.0,1.0,2.0,3.0,1.0,0.0,5.071764,47.421,1.0,Ardebial,False,1.0
1.0,1.0,0.0,0.0,1.0,0.0,2.0,2.0,5.057382,47.272,0.0,Ardebial,False,0.0
0.0,2.0,1.0,0.0,2.0,1.0,1.0,0.0,5.082049,47.52,1.0,Ardebial,False,1.0
1.0,2.0,2.0,0.0,2.0,1.0,1.0,2.0,5.016142,46.925,0.0,Ardebial,False,0.0
0.0,2.0,0.0,1.0,3.0,2.0,1.0,1.0,4.964434,46.577,0.0,Ardebial,False,0.0
0.0,2.0,1.0,1.0,0.0,1.0,1.0,2.0,5.051032,47.222,0.0,Ardebial,False,0.0
0.0,0.0,1.0,1.0,3.0,0.0,1.0,1.0,5.02664,47.123,1.0,Ardebial,False,1.0
1.0,1.0,2.0,0.0,1.0,1.0,1.0,0.0,5.088658,47.669,1.0,Ardebial,False,1.0
1.0,2.0,3.0,0.0,2.0,1.0,0.0,1.0,5.061915,46.974,0.0,Ardebial,False,0.0
0.0,1.0,4.0,1.0,1.0,2.0,0.0,1.0,5.094116,47.47,0.0,Ardebial,False,0.0
1.0,0.0,4.0,0.0,2.0,2.0,1.0,2.0,5.065658,47.47,1.0,Ardebial,False,1.0
1.0,1.0,4.0,1.0,1.0,3.0,2.0,2.0,5.054168,47.272,0.0,Ardebial,False,0.0
0.0,1.0,3.0,0.0,2.0,1.0,0.0,0.0,5.131176,47.569,1.0,Ardebial,True,1.0
1.0,2.0,2.0,1.0,2.0,1.0,2.0,1.0,5.008374,46.875,0.0,Ardebial,False,0.0
0.0,2.0,3.0,0.0,1.0,1.0,2.0,0.0,5.077274,47.371,1.0,Ardebial,False,1.0
1.0,3.0,0.0,1.0,2.0,2.0,1.0,1.0,4.858312,45.685,0.0,Ardebial,False,0.0
0.0,3.0,0.0,1.0,1.0,0.0,2.0,0.0,5.066996,47.222,1.0,Ardebial,False,1.0
0.0,1.0,2.0,0.0,2.0,3.0,1.0,1.0,5.036634,47.073,0.0,Ardebial,False,0.0
0.0,2.0,2.0,1.0,3.0,1.0,1.0,1.0,4.964434,46.577,0.0,Ardebial,False,0.0
0.0,2.0,3.0,1.0,0.0,2.0,2.0,2.0,5.049631,47.222,0.0,Ardebial,False,0.0
0.0,1.0,2.0,0.0,1.0,3.0,2.0,1.0,5.070177,47.47,0.0,Ardebial,False,0.0
1.0,2.0,2.0,0.0,0.0,3.0,0.0,1.0,5.045634,47.073,0.0,Ardebial,False,0.0
1.0,0.0,0.0,1.0,2.0,2.0,2.0,0.0,5.099154,47.917,1.0,Ardebial,False,1.0
1.0,2.0,1.0,1.0,1.0,2.0,1.0,1.0,5.009467,46.875,0.0,Ardebial,False,0.0
1.0,1.0,4.0,1.0,2.0,1.0,1.0,0.0,5.055294,47.272,1.0,Ardebial,False,1.0
0.0,1.0,1.0,1.0,3.0,1.0,0.0,0.0,5.138788,47.52,1.0,Ardebial,True,1.0
0.0,2.0,3.0,1.0,1.0,2.0,2.0,1.0,5.041746,47.173,0.0,Ardebial,False,0.0
0.0,1.0,2.0,0.0,1.0,3.0,1.0,1.0,5.072433,47.52,0.0,Ardebial,False,0.0
0.0,2.0,2.0,1.0,3.0,3.0,2.0,0.0,5.034575,46.974,1.0,Ardebial,False,1.0
1.0,2.0,1.0,0.0,2.0,2.0,1.0,1.0,5.017649,46.974,0.0,Ardebial,False,0.0
0.0,2.0,3.0,0.0,0.0,3.0,0.0,2.0,5.078732,46.974,0.0,Ardebial,False,0.0
0.0,2.0,1.0,0.0,1.0,3.0,1.0,0.0,5.082049,47.52,1.0,Ardebial,False,1.0
0.0,2.0,3.0,1.0,1.0,1.0,0.0,1.0,5.067153,47.123,0.0,Ardebial,False,0.0
0.0,2.0,1.0,1.0,1.0,0.0,1.0,2.0,5.040687,47.024,0.0,Ardebial,False,0.0
1.0,0.0,2.0,0.0,2.0,1.0,1.0,1.0,5.067514,47.52,1.0,Ardebial,False,1.0
0.0,2.0,2.0,0.0,2.0,1.0,2.0,1.0,5.034684,47.024,0.0,Ardebial,False,0.0
0.0,2.0,0.0,0.0,2.0,1.0,0.0,0.0,5.131176,47.569,1.0,Ardebial,True,1.0
0.0,2.0,1.0,1.0,0.0,0.0,0.0,0.0,5.110061,47.768,1.0,Ardebial,False,1.0
1.0,2.0,0.0,0.0,2.0,2.0,0.0,1.0,5.061915,46.974,0.0,Ardebial,False,0.0
0.0,3.0,2.0,1.0,2.0,3.0,1.0,2.0,4.943872,46.379,0.0,Ardebial,False,0.0
0.0,3.0,3.0,1.0,1.0,1.0,2.0,1.0,4.957707,46.528,0.0,Ardebial,False,0.0
0.0,1.0,3.0,0.0,1.0,3.0,1.0,0.0,5.098317,47.768,1.0,Ardebial,False,1.0
1.0,1.0,4.0,1.0,1.0,3.0,1.0,1.0,5.055943,47.272,0.0,Ardebial,False,0.0
0.0,1.0,4.0,0.0,2.0,2.0,1.0,2.0,5.033645,46.974,0.0,Ardebial,False,0.0
0.0,3.0,3.0,1.0,2.0,4.0,0.0,1.0,4.990774,46.429,0.0,Ardebial,False,0.0
0.0,2.0,1.0,1.0,3.0,2.0,1.0,0.0,5.036313,47.024,1.0,Ardebial,False,1.0
1.0,2.0,3.0,1.0,0.0,2.0,1.0,1.0,5.084356,47.718,1.0,Ardebial,False,1.0
0.0,0.0,2.0,0.0,2.0,3.0,0.0,1.0,5.084524,47.123,0.0,Ardebial,False,0.0
1.0,2.0,2.0,0.0,2.0,1.0,2.0,1.0,5.014062,46.825,0.0,Ardebial,False,0.0
1.0,1.0,0.0,0.0,1.0,4.0,0.0,1.0,5.084539,47.421,0.0,Ardebial,False,0.0
1.0,2.0,3.0,1.0,1.0,0.0,1.0,2.0,5.007505,46.875,0.0,Ardebial,False,0.0
0.0,2.0,0.0,0.0,2.0,1.0,2.0,1.0,5.034684,47.024,0.0,Ardebial,False,0.0
0.0,1.0,3.0,1.0,2.0,2.0,1.0,0.0,5.077584,47.569,1.0,Ardebial,False,1.0
1.0,2.0,4.0,0.0,1.0,2.0,0.0,1.0,5.048566,47.123,0.0,Ardebial,False,0.0
0.0,0.0,2.0,0.0,1.0,2.0,2.0,2.0,5.068088,47.321,1.0,Ardebial,False,1.0
0.0,1.0,1.0,1.0,2.0,3.0,1.0,1.0,5.050365,47.222,0.0,Ardebial,False,0.0
0.0,2.0,1.0,1.0,0.0,2.0,1.0,1.0,5.051312,47.222,0.0,Ardebial,False,0.0
0.0,3.0,2.0,0.0,2.0,1.0,1.0,1.0,5.036634,47.073,0.0,Ardebial,False,0.0
1.0,0.0,4.0,0.0,1.0,2.0,1.0,0.0,5.094872,47.768,1.0,Ardebial,False,1.0
0.0,1.0,2.0,1.0,1.0,3.0,1.0,1.0,5.067263,47.47,0.0,Ardebial,False,0.0
1.0,2.0,3.0,0.0,2.0,2.0,0.0,2.0,5.058823,46.925,0.0,Ardebial,False,0.0
1.0,2.0,2.0,1.0,0.0,2.0,2.0,0.0,5.099154,47.917,1.0,Ardebial,False,1.0
1.0,3.0,3.0,0.0,2.0,2.0,0.0,0.0,5.066344,46.974,1.0,Ardebial,False,1.0
0.0,0.0,2.0,0.0,2.0,2.0,2.0,1.0,5.034684,47.024,0.0,Ardebial,False,0.0
1.0,0.0,2.0,1.0,0.0,1.0,1.0,1.0,5.084356,47.718,1.0,Ardebial,False,1.0
1.0,3.0,1.0,1.0,2.0,0.0,0.0,1.0,4.951897,45.833,0.0,Ardebial,False,0.0
1.0,0.0,2.0,1.0,0.0,0.0,0.0,2.0,5.095377,47.718,1.0,Ardebial,False,1.0
0.0,1.0,1.0,0.0,2.0,3.0,2.0,2.0,5.001711,46.825,0.0,Ardebial,False,0.0
1.0,1.0,3.0,1.0,1.0,2.0,2.0,2.0,5.054168,47.272,0.0,Ardebial,False,0.0
0.0,3.0,0.0,1.0,3.0,2.0,1.0,0.0,5.011942,46.528,1.0,Ardebial,False,1.0
0.0,1.0,1.0,0.0,2.0,3.0,2.0,0.0,5.077274,47.371,1.0,Ardebial,False,1.0
1.0,2.0,4.0,1.0,2.0,1.0,2.0,1.0,5.008374,46.875,0.0,Ardebial,False,0.0
1.0,0.0,2.0,1.0,3.0,4.0,1.0,1.0,4.858312,45.685,0.0,Ardebial,False,0.0
1.0,0.0,2.0,0.0,0.0,2.0,0.0,2.0,5.095126,47.768,1.0,Ardebial,False,1.0
0.0,0.0,3.0,1.0,2.0,1.0,0.0,1.0,5.114982,47.569,0.0,Ardebial,False,0.0
1.0,0.0,1.0,0.0,2.0,4.0,1.0,1.0,5.067514,47.52,1.0,Ardebial,False,1.0
1.0,2.0,1.0,1.0,2.0,0.0,1.0,2.0,5.007505,46.875,0.0,Ardebial,False,0.0
1.0,1.0,4.0,1.0,3.0,3.0,1.0,2.0,4.853528,45.585,0.0,Ardebial,False,0.0
0.0,1.0,1.0,1.0,1.0,1.0,1.0,0.0,5.094664,47.718,1.0,Ardebial,False,1.0
1.0,3.0,0.0,1.0,2.0,3.0,1.0,2.0,4.853528,45.585,0.0,Ardebial,False,0.0
1.0,3.0,0.0,1.0,2.0,0.0,1.0,2.0,4.853528,45.585,0.0,Ardebial,False,0.0
0.0,2.0,3.0,1.0,2.0,3.0,1.0,2.0,5.027565,46.875,0.0,Ardebial,False,0.0
1.0,1.0,0.0,1.0,0.0,4.0,0.0,0.0,5.113832,47.917,1.0,Ardebial,True,1.0
0.0,0.0,0.0,1.0,2.0,1.0,1.0,2.0,5.062232,47.47,1.0,Ardebial,False,1.0
1.0,0.0,1.0,1.0,0.0,2.0,1.0,0.0,5.09986,47.917,1.0,Ardebial,False,1.0
1.0,3.0,0.0,0.0,2.0,1.0,1.0,2.0,4.939889,46.23,0.0,Ardebial,False,0.0
0.0,1.0,3.0,0.0,1.0,1.0,0.0,1.0,5.095901,47.52,0.0,Ardebial,False,0.0
1.0,0.0,4.0,1.0,1.0,1.0,2.0,1.0,5.083407,47.718,1.0,Ardebial,False,1.0
1.0,0.0,3.0,0.0,3.0,3.0,1.0,1.0,5.035179,47.222,1.0,Ardebial,False,1.0
1.0,2.0,2.0,0.0,1.0,1.0,1.0,2.0,5.02514,46.974,0.0,Ardebial,False,0.0
1.0,2.0,1.0,0.0,1.0,2.0,0.0,1.0,5.048566,47.123,0.0,Ardebial,False,0.0
1.0,1.0,1.0,1.0,3.0,1.0,1.0,1.0,4.858312,45.685,0.0,Ardebial,False,0.0
0.0,1.0,2.0,0.0,2.0,3.0,2.0,1.0,5.034684,47.024,0.0,Ardebial,False,0.0
1.0,1.0,3.0,1.0,0.0,4.0,1.0,1.0,5.084356,47.718,1.0,Ardebial,False,1.0
0.0,3.0,2.0,0.0,3.0,3.0,1.0,2.0,4.910633,46.032,0.0,Ardebial,False,0.0
0.0,2.0,4.0,1.0,3.0,0.0,1.0,0.0,5.036313,47.024,1.0,Ardebial,False,1.0
1.0,0.0,0.0,0.0,1.0,0.0,0.0,1.0,5.102919,47.669,0.0,Ardebial,False,0.0
1.0,0.0,3.0,0.0,1.0,4.0,1.0,2.0,5.077357,47.619,1.0,Ardebial,False,1.0
0.0,2.0,3.0,0.0,2.0,3.0,0.0,1.0,5.084524,47.123,0.0,Ardebial,False,0.0
0.0,1.0,1.0,0.0,0.0,2.0,0.0,1.0,5.095901,47.52,0.0,Ardebial,False,0.0
1.0,1.0,1.0,0.0,1.0,3.0,1.0,1.0,5.06189,47.421,0.0,Ardebial,False,0.0
1.0,1.0,3.0,0.0,1.0,2.0,0.0,1.0,5.084539,47.421,0.0,Ardebial,False,0.0
1.0,1.0,2.0,0.0,1.0,2.0,2.0,1.0,5.057681,47.272,0.0,Ardebial,False,0.0
0.0,2.0,2.0,0.0,1.0,2.0,1.0,2.0,5.033645,46.974,0.0,Ardebial,False,0.0
1.0,3.0,0.0,1.0,2.0,4.0,0.0,1.0,4.951897,45.833,0.0,Ardebial,False,0.0
0.0,2.0,2.0,1.0,1.0,4.0,2.0,2.0,5.041276,47.024,0.0,Ardebial,False,0.0
1.0,1.0,3.0,0.0,1.0,1.0,1.0,2.0,5.060054,47.321,0.0,Ardebial,False,0.0
0.0,1.0,2.0,0.0,3.0,4.0,0.0,0.0,5.12537,47.817,1.0,Ardebial,True,1.0
1.0,1.0,2.0,1.0,1.0,2.0,2.0,2.0,5.054168,47.272,0.0,Ardebial,False,0.0
1.0,2.0,1.0,1.0,3.0,4.0,1.0,2.0,4.853528,45.585,0.0,Ardebial,False,0.0
1.0,0.0,1.0,0.0,2.0,2.0,0.0,1.0,5.115446,47.569,0.0,Ardebial,False,0.0
1.0,1.0,4.0,0.0,2.0,3.0,1.0,0.0,5.07557,47.52,1.0,Ardebial,False,1.0
1.0,2.0,3.0,1.0,2.0,3.0,1.0,1.0,5.009467,46.875,0.0,Ardebial,False,0.0
1.0,1.0,3.0,1.0,1.0,0.0,1.0,2.0,5.054155,47.272,0.0,Ardebial,False,0.0
0.0,0.0,0.0,0.0,1.0,0.0,1.0,1.0,5.072433,47.52,0.0,Ardebial,False,0.0
1.0,0.0,0.0,1.0,2.0,2.0,2.0,2.0,5.08247,47.669,1.0,Ardebial,False,1.0
0.0,2.0,3.0,1.0,0.0,2.0,1.0,1.0,5.051312,47.222,0.0,Ardebial,False,0.0
1.0,2.0,2.0,1.0,1.0,3.0,1.0,0.0,5.055294,47.272,1.0,Ardebial,False,1.0
0.0,1.0,2.0,1.0,2.0,0.0,2.0,2.0,5.047943,47.073,1.0,Ardebial,False,1.0
0.0,2.0,2.0,1.0,1.0,3.0,1.0,1.0,5.042746,47.173,0.0,Ardebial,False,0.0
1.0,1.0,1.0,1.0,0.0,2.0,2.0,0.0,5.099154,47.917,1.0,Ardebial,False,1.0
0.0,2.0,4.0,1.0,3.0,2.0,0.0,0.0,5.134154,47.371,1.0,Ardebial,False,1.0
0.0,1.0,0.0,1.0,3.0,2.0,0.0,2.0,5.106187,47.024,0.0,Ardebial,False,0.0
1.0,3.0,4.0,0.0,3.0,2.0,1.0,1.0,4.861593,45.784,0.0,Ardebial,False,0.0
0.0,1.0,2.0,1.0,0.0,3.0,1.0,1.0,5.077359,47.569,0.0,Ardebial,False,0.0
1.0,3.0,4.0,0.0,0.0,1.0,0.0,1.0,4.938926,46.379,0.0,Ardebial,False,0.0
1.0,3.0,0.0,0.0,2.0,1.0,1.0,0.0,5.018561,46.875,1.0,Ardebial,False,1.0
0.0,0.0,1.0,1.0,3.0,3.0,2.0,1.0,5.02607,47.123,1.0,Ardebial,False,1.0
0.0,1.0,1.0,0.0,0.0,3.0,1.0,1.0,5.072433,47.52,0.0,Ardebial,False,0.0
0.0,2.0,3.0,0.0,3.0,4.0,1.0,2.0,5.033645,46.974,0.0,Ardebial,False,0.0
0.0,1.0,4.0,1.0,1.0,0.0,2.0,1.0,5.066675,47.47,0.0,Ardebial,False,0.0
0.0,1.0,2.0,1.0,0.0,1.0,1.0,1.0,5.077359,47.569,0.0,Ardebial,False,0.0
0.0,2.0,3.0,0.0,1.0,4.0,1.0,0.0,5.082049,47.52,1.0,Ardebial,False,1.0
0.0,1.0,3.0,0.0,0.0,3.0,0.0,2.0,5.093362,47.421,1.0,Ardebial,False,1.0
1.0,2.0,1.0,1.0,2.0,1.0,1.0,1.0,5.009467,46.875,0.0,Ardebial,False,0.0
1.0,2.0,1.0,0.0,0.0,2.0,1.0,1.0,5.032945,47.123,0.0,Ardebial,False,0.0
0.0,1.0,0.0,1.0,3.0,1.0,0.0,0.0,5.138788,47.52,1.0,Ardebial,True,1.0
1.0,2.0,3.0,0.0,1.0,3.0,1.0,1.0,5.026006,47.024,0.0,Ardebial,False,0.0
1.0,0.0,1.0,1.0,2.0,3.0,0.0,1.0,5.09497,47.768,1.0,Ardebial,False,1.0
1.0,0.0,1.0,0.0,1.0,2.0,0.0,0.0,5.120672,47.817,1.0,Ardebial,False,1.0
0.0,2.0,1.0,1.0,0.0,1.0,1.0,1.0,5.051312,47.222,0.0,Ardebial,False,0.0
1.0,0.0,1.0,1.0,3.0,0.0,2.0,1.0,4.85633,45.635,0.0,Ardebial,False,0.0
1.0,1.0,0.0,1.0,2.0,1.0,1.0,2.0,5.007505,46.875,0.0,Ardebial,False,0.0
0.0,0.0,0.0,1.0,2.0,4.0,2.0,1.0,5.063149,47.47,1.0,Ardebial,False,1.0
0.0,1.0,0.0,1.0,1.0,4.0,1.0,1.0,5.067263,47.47,0.0,Ardebial,False,0.0
0.0,1.0,3.0,1.0,1.0,2.0,2.0,0.0,5.094644,47.718,1.0,Ardebial,False,1.0
1.0,3.0,3.0,0.0,2.0,1.0,1.0,2.0,4.939889,46.23,0.0,Ardebial,False,0.0
1.0,2.0,3.0,0.0,2.0,2.0,2.0,2.0,4.985186,46.825,0.0,Ardebial,False,0.0
1.0,3.0,4.0,1.0,2.0,2.0,1.0,1.0,4.858312,45.685,0.0,Ardebial,False,0.0
1.0,0.0,2.0,1.0,1.0,1.0,1.0,2.0,5.08301,47.718,1.0,Ardebial,False,1.0
1.0,2.0,4.0,1.0,2.0,2.0,2.0,0.0,5.053223,47.272,1.0,Ardebial,False,1.0
0.0,0.0,3.0,1.0,2.0,0.0,1.0,2.0,5.062232,47.47,1.0,Ardebial,False,1.0
1.0,2.0,4.0,0.0,1.0,3.0,0.0,2.0,5.046377,47.073,0.0,Ardebial,False,0.0
1.0,2.0,1.0,0.0,1.0,4.0,2.0,1.0,5.025667,46.974,0.0,Ardebial,False,0.0
0.0,1.0,0.0,0.0,2.0,0.0,0.0,2.0,5.078732,46.974,0.0,Ardebial,False,0.0
0.0,2.0,2.0,0.0,0.0,2.0,1.0,2.0,5.033645,46.974,0.0,Ardebial,False,0.0
0.0,1.0,3.0,1.0,2.0,4.0,1.0,2.0,5.047465,47.073,1.0,Ardebial,False,1.0
0.0,2.0,4.0,1.0,1.0,4.0,0.0,1.0,5.067153,47.123,0.0,Ardebial,False,0.0
0.0,3.0,1.0,1.0,0.0,1.0,1.0,2.0,4.963988,46.379,0.0,Ardebial,False,0.0
1.0,1.0,0.0,0.0,2.0,1.0,0.0,1.0,5.096848,47.321,0.0,Ardebial,False,0.0
1.0,1.0,2.0,0.0,0.0,3.0,1.0,0.0,5.095951,47.817,1.0,Ardebial,False,1.0
0.0,2.0,3.0,0.0,3.0,3.0,1.0,2.0,5.033645,46.974,0.0,Ardebial,False,0.0
1.0,3.0,3.0,0.0,2.0,0.0,1.0,1.0,4.943296,46.379,0.0,Ardebial,False,0.0
0.0,1.0,1.0,0.0,2.0,0.0,1.0,0.0,5.082049,47.52,1.0,Ardebial,False,1.0
1.0,1.0,4.0,1.0,3.0,1.0,1.0,2.0,4.853528,45.585,0.0,Ardebial,False,0.0
0.0,1.0,4.0,0.0,1.0,2.0,1.0,0.0,5.098317,47.768,1.0,Ardebial,False,1.0
1.0,1.0,0.0,1.0,2.0,2.0,0.0,2.0,5.052508,46.825,0.0,Ardebial,False,0.0
1.0,3.0,3.0,1.0,0.0,0.0,2.0,1.0,4.85633,45.635,0.0,Ardebial,False,0.0
0.0,1.0,2.0,1.0,1.0,3.0,2.0,1.0,5.066675,47.47,0.0,Ardebial,False,0.0
0.0,1.0,0.0,0.0,1.0,1.0,0.0,1.0,5.095901,47.52,0.0,Ardebial,False,0.0
0.0,1.0,2.0,1.0,1.0,1.0,1.0,1.0,5.067263,47.47,0.0,Ardebial,False,0.0
1.0,2.0,1.0,0.0,2.0,3.0,0.0,2.0,5.058823,46.925,0.0,Ardebial,False,0.0
0.0,2.0,3.0,0.0,2.0,2.0,2.0,2.0,5.001711,46.825,0.0,Ardebial,False,0.0
1.0,2.0,1.0,1.0,0.0,0.0,1.0,0.0,5.09986,47.917,1.0,Ardebial,False,1.0
0.0,2.0,2.0,1.0,1.0,4.0,0.0,1.0,5.067153,47.123,0.0,Ardebial,False,0.0
1.0,1.0,2.0,0.0,3.0,1.0,1.0,2.0,5.019807,46.974,0.0,Ardebial,False,0.0
1.0,1.0,1.0,1.0,2.0,3.0,1.0,1.0,5.009467,46.875,0.0,Ardebial,False,0.0
1.0,1.0,3.0,0.0,1.0,3.0,1.0,1.0,5.06189,47.421,0.0,Ardebial,False,0.0
0.0,0.0,2.0,0.0,1.0,4.0,1.0,1.0,5.072433,47.52,0.0,Ardebial,False,0.0
0.0,0.0,1.0,1.0,2.0,4.0,1.0,1.0,5.063439,47.47,1.0,Ardebial,False,1.0
0.0,1.0,3.0,1.0,1.0,4.0,1.0,1.0,5.067263,47.47,0.0,Ardebial,False,0.0
0.0,2.0,4.0,1.0,3.0,0.0,0.0,1.0,5.082249,46.925,0.0,Ardebial,False,0.0
0.0,3.0,3.0,1.0,0.0,4.0,1.0,1.0,4.967999,46.627,0.0,Ardebial,False,0.0
1.0,2.0,4.0,0.0,1.0,3.0,1.0,0.0,5.075676,47.47,1.0,Ardebial,False,1.0
0.0,0.0,3.0,0.0,2.0,0.0,1.0,1.0,5.036634,47.073,0.0,Ardebial,False,0.0
0.0,1.0,2.0,0.0,1.0,2.0,1.0,0.0,5.098317,47.768,1.0,Ardebial,False,1.0
0.0,2.0,3.0,0.0,1.0,1.0,1.0,1.0,5.036634,47.073,0.0,Ardebial,False,0.0
1.0,1.0,1.0,1.0,2.0,4.0,0.0,1.0,5.054907,46.875,0.0,Ardebial,False,0.0
0.0,0.0,2.0,0.0,3.0,2.0,2.0,0.0,5.108389,47.966,1.0,Ardebial,True,1.0
0.0,1.0,3.0,0.0,2.0,4.0,2.0,0.0,5.077274,47.371,1.0,Ardebial,False,1.0
0.0,2.0,2.0,0.0,0.0,2.0,0.0,0.0,5.131176,47.569,1.0,Ardebial,True,1.0
1.0,2.0,1.0,1.0,2.0,3.0,1.0,1.0,5.009467,46.875,0.0,Ardebial,False,0.0
0.0,3.0,2.0,0.0,3.0,4.0,0.0,1.0,5.015395,46.429,0.0,Ardebial,False,0.0
0.0,1.0,0.0,1.0,3.0,2.0,2.0,0.0,5.03869,47.123,1.0,Ardebial,False,1.0
1.0,0.0,1.0,0.0,3.0,0.0,1.0,0.0,5.051709,47.222,1.0,Ardebial,False,1.0
0.0,3.0,3.0,0.0,3.0,0.0,2.0,0.0,5.026109,46.677,1.0,Ardebial,False,1.0
1.0,1.0,1.0,1.0,1.0,1.0,2.0,1.0,5.055929,47.272,0.0,Ardebial,False,0.0
0.0,0.0,3.0,0.0,2.0,1.0,1.0,2.0,5.033645,46.974,0.0,Ardebial,False,0.0
0.0,3.0,0.0,1.0,1.0,3.0,2.0,2.0,4.951703,46.429,0.0,Ardebial,False,0.0
0.0,0.0,1.0,1.0,0.0,4.0,1.0,0.0,5.106149,47.966,1.0,Ardebial,False,1.0
1.0,2.0,0.0,1.0,2.0,3.0,0.0,1.0,5.054907,46.875,0.0,Ardebial,False,0.0
0.0,1.0,2.0,0.0,1.0,1.0,2.0,1.0,5.070177,47.47,0.0,Ardebial,False,0.0
0.0,1.0,0.0,0.0,1.0,0.0,1.0,1.0,5.072433,47.52,0.0,Ardebial,False,0.0
0.0,3.0,4.0,0.0,2.0,4.0,2.0,1.0,5.034684,47.024,0.0,Ardebial,False,0.0
1.0,2.0,1.0,0.0,0.0,3.0,1.0,1.0,5.032945,47.123,0.0,Ardebial,False,0.0
1.0,1.0,4.0,0.0,0.0,3.0,0.0,1.0,5.077607,47.47,0.0,Ardebial,False,0.0
1.0,3.0,1.0,1.0,1.0,3.0,0.0,0.0,5.066909,46.528,1.0,Ardebial,False,1.0
1.0,1.0,4.0,0.0,2.0,1.0,1.0,1.0,5.046609,47.173,0.0,Ardebial,False,0.0
1.0,2.0,2.0,1.0,2.0,0.0,1.0,0.0,5.055294,47.272,1.0,Ardebial,False,1.0
1.0,1.0,2.0,1.0,2.0,3.0,1.0,2.0,5.007505,46.875,0.0,Ardebial,False,0.0
0.0,1.0,1.0,0.0,2.0,1.0,1.0,1.0,5.036634,47.073,0.0,Ardebial,False,0.0
0.0,1.0,2.0,0.0,2.0,0.0,2.0,0.0,5.077274,47.371,1.0,Ardebial,False,1.0
1.0,1.0,2.0,1.0,1.0,1.0,1.0,1.0,5.055943,47.272,0.0,Ardebial,False,0.0
1.0,0.0,2.0,0.0,3.0,0.0,0.0,1.0,5.134916,47.421,0.0,Ardebial,False,0.0
1.0,3.0,3.0,1.0,2.0,0.0,1.0,0.0,4.97248,46.28,1.0,Ardebial,False,1.0
0.0,2.0,0.0,0.0,1.0,3.0,1.0,1.0,5.036634,47.073,0.0,Ardebial,False,0.0
0.0,1.0,1.0,1.0,1.0,2.0,0.0,1.0,5.094116,47.47,0.0,Ardebial,False,0.0
0.0,1.0,0.0,0.0,3.0,2.0,1.0,2.0,5.071677,47.47,1.0,Ardebial,False,1.0
1.0,0.0,1.0,0.0,1.0,1.0,2.0,1.0,5.076017,47.569,0.0,Ardebial,False,0.0
0.0,1.0,1.0,0.0,2.0,1.0,0.0,0.0,5.131176,47.569,1.0,Ardebial,True,1.0
1.0,1.0,2.0,1.0,2.0,2.0,2.0,0.0,5.053223,47.272,1.0,Ardebial,False,1.0
1.0,1.0,3.0,0.0,3.0,2.0,1.0,0.0,5.044485,47.272,1.0,Ardebial,False,1.0
1.0,3.0,3.0,0.0,2.0,4.0,1.0,2.0,4.939889,46.23,0.0,Ardebial,False,0.0
1.0,2.0,1.0,1.0,2.0,1.0,2.0,0.0,5.053223,47.272,1.0,Ardebial,False,1.0
0.0,2.0,4.0,1.0,1.0,2.0,0.0,1.0,5.067153,47.123,0.0,Ardebial,False,0.0
1.0,0.0,2.0,0.0,2.0,4.0,0.0,1.0,5.115446,47.569,0.0,Ardebial,False,0.0
1.0,2.0,2.0,1.0,0.0,2.0,0.0,0.0,5.113832,47.917,1.0,Ardebial,True,1.0
0.0,2.0,1.0,1.0,3.0,3.0,0.0,0.0,5.134154,47.371,1.0,Ardebial,False,1.0
0.0,2.0,2.0,0.0,1.0,0.0,1.0,0.0,5.082049,47.52,1.0,Ardebial,False,1.0
1.0,3.0,1.0,0.0,1.0,3.0,1.0,1.0,4.919376,46.429,0.0,Ardebial,False,0.0
1.0,0.0,2.0,1.0,3.0,1.0,1.0,1.0,4.858312,45.685,0.0,Ardebial,False,0.0
1.0,2.0,0.0,1.0,1.0,3.0,1.0,1.0,5.009467,46.875,0.0,Ardebial,False,0.0
1.0,2.0,1.0,0.0,1.0,3.0,1.0,1.0,5.026006,47.024,0.0,Ardebial,False,0.0
1.0,0.0,3.0,0.0,1.0,3.0,1.0,1.0,5.079325,47.669,1.0,Ardebial,False,1.0
1.0,3.0,1.0,1.0,3.0,4.0,0.0,1.0,4.951897,45.833,0.0,Ardebial,False,0.0
0.0,1.0,4.0,0.0,2.0,1.0,0.0,1.0,5.084524,47.123,0.0,Ardebial,False,0.0
1.0,2.0,0.0,0.0,1.0,3.0,1.0,1.0,5.026006,47.024,0.0,Ardebial,False,0.0
0.0,3.0,3.0,0.0,1.0,1.0,2.0,1.0,5.070177,47.47,0.0,Ardebial,False,0.0
1.0,1.0,0.0,0.0,2.0,2.0,2.0,0.0,5.073853,47.421,1.0,Ardebial,False,1.0
1.0,2.0,3.0,0.0,1.0,0.0,1.0,0.0,5.075676,47.47,1.0,Ardebial,False,1.0
0.0,2.0,4.0,1.0,0.0,1.0,2.0,1.0,5.050553,47.222,0.0,Ardebial,False,0.0
1.0,2.0,1.0,0.0,2.0,2.0,1.0,0.0,5.06192,47.321,1.0,Ardebial,False,1.0
1.0,0.0,2.0,0.0,2.0,3.0,0.0,2.0,5.114123,47.569,0.0,Ardebial,False,0.0
0.0,0.0,2.0,0.0,2.0,0.0,1.0,1.0,5.036634,47.073,0.0,Ardebial,False,0.0
1.0,2.0,2.0,1.0,1.0,0.0,1.0,1.0,5.009467,46.875,0.0,Ardebial,False,0.0
0.0,1.0,3.0,0.0,2.0,3.0,1.0,2.0,5.033645,46.974,0.0,Ardebial,False,0.0
1.0,2.0,3.0,1.0,0.0,4.0,1.0,1.0,5.084356,47.718,1.0,Ardebial,False,1.0
0.0,2.0,0.0,1.0,0.0,3.0,0.0,1.0,5.064722,47.222,0.0,Ardebial,False,0.0
0.0,3.0,3.0,1.0,3.0,0.0,2.0,1.0,4.900415,46.032,0.0,Ardebial,False,0.0
1.0,1.0,4.0,1.0,2.0,2.0,0.0,2.0,5.052508,46.825,0.0,Ardebial,False,0.0
1.0,2.0,2.0,0.0,3.0,1.0,1.0,2.0,4.956086,46.528,0.0,Ardebial,False,0.0
1.0,2.0,3.0,1.0,2.0,3.0,0.0,1.0,5.054907,46.875,0.0,Ardebial,False,0.0
0.0,0.0,1.0,1.0,1.0,3.0,0.0,1.0,5.10611,47.718,0.0,Ardebial,False,0.0
1.0,3.0,0.0,0.0,0.0,3.0,0.0,2.0,4.935914,46.28,0.0,Ardebial,False,0.0
0.0,1.0,2.0,1.0,3.0,3.0,0.0,1.0,5.110015,47.123,0.0,Ardebial,False,0.0
0.0,1.0,4.0,1.0,2.0,2.0,2.0,2.0,5.047943,47.073,1.0,Ardebial,False,1.0
1.0,0.0,2.0,0.0,1.0,2.0,0.0,0.0,5.120672,47.817,1.0,Ardebial,False,1.0
0.0,2.0,4.0,0.0,0.0,2.0,0.0,0.0,5.131176,47.569,1.0,Ardebial,True,1.0
1.0,3.0,3.0,0.0,2.0,2.0,2.0,1.0,4.938683,46.23,0.0,Ardebial,False,0.0
0.0,1.0,3.0,0.0,0.0,1.0,1.0,2.0,5.071677,47.47,1.0,Ardebial,False,1.0
1.0,2.0,1.0,1.0,1.0,3.0,2.0,1.0,5.008374,46.875,0.0,Ardebial,False,0.0
1.0,1.0,4.0,0.0,1.0,2.0,0.0,1.0,5.084539,47.421,0.0,Ardebial,False,0.0
0.0,3.0,4.0,0.0,1.0,1.0,0.0,1.0,5.095901,47.52,0.0,Ardebial,False,0.0
0.0,0.0,3.0,1.0,1.0,0.0,1.0,0.0,5.095549,47.817,1.0,Ardebial,False,1.0
0.0,3.0,1.0,0.0,1.0,4.0,1.0,0.0,5.098317,47.768,1.0,Ardebial,False,1.0
1.0,2.0,1.0,0.0,2.0,4.0,2.0,1.0,5.014062,46.825,0.0,Ardebial,False,0.0
0.0,2.0,3.0,1.0,3.0,3.0,0.0,2.0,5.076969,46.776,0.0,Ardebial,False,0.0
0.0,2.0,3.0,0.0,2.0,4.0,2.0,2.0,5.001711,46.825,0.0,Ardebial,False,0.0
0.0,0.0,2.0,0.0,1.0,2.0,0.0,1.0,5.095901,47.52,0.0,Ardebial,False,0.0
1.0,2.0,4.0,0.0,2.0,4.0,1.0,1.0,5.017649,46.974,0.0,Ardebial,False,0.0
1.0,1.0,3.0,0.0,0.0,3.0,1.0,1.0,5.068286,47.52,0.0,Ardebial,False,0.0
1.0,3.0,0.0,1.0,1.0,4.0,1.0,2.0,4.853528,45.585,0.0,Ardebial,False,0.0
1.0,1.0,2.0,1.0,3.0,2.0,1.0,1.0,4.858312,45.685,0.0,Ardebial,False,0.0
0.0,1.0,2.0,0.0,2.0,3.0,0.0,1.0,5.084524,47.123,0.0,Ardebial,False,0.0
1.0,1.0,1.0,0.0,1.0,3.0,0.0,1.0,5.084539,47.421,0.0,Ardebial,False,0.0
1.0,2.0,1.0,0.0,3.0,3.0,1.0,1.0,4.9585,46.528,0.0,Ardebial,False,0.0
0.0,2.0,4.0,0.0,2.0,1.0,2.0,1.0,5.034684,47.024,0.0,Ardebial,False,0.0
1.0,2.0,3.0,1.0,1.0,2.0,1.0,1.0,5.009467,46.875,0.0,Ardebial,False,0.0
1.0,2.0,2.0,0.0,1.0,1.0,2.0,2.0,5.023585,46.974,0.0,Ardebial,False,0.0
0.0,1.0,3.0,1.0,0.0,3.0,2.0,0.0,5.103487,47.867,1.0,Ardebial,False,1.0
0.0,3.0,1.0,0.0,0.0,4.0,1.0,1.0,5.093482,47.817,1.0,Ardebial,False,1.0
1.0,2.0,1.0,1.0,0.0,0.0,2.0,1.0,5.083407,47.718,1.0,Ardebial,False,1.0
1.0,1.0,3.0,1.0,2.0,3.0,0.0,1.0,5.054907,46.875,0.0,Ardebial,False,0.0
1.0,1.0,1.0,0.0,2.0,4.0,1.0,0.0,5.07557,47.52,1.0,Ardebial,False,1.0
1.0,2.0,2.0,1.0,0.0,2.0,2.0,1.0,5.083407,47.718,1.0,Ardebial,False,1.0
1.0,1.0,4.0,1.0,1.0,1.0,2.0,1.0,5.055929,47.272,0.0,Ardebial,False,0.0
0.0,1.0,2.0,0.0,0.0,2.0,1.0,2.0,5.071677,47.47,1.0,Ardebial,False,1.0
1.0,1.0,0.0,0.0,1.0,1.0,1.0,1.0,5.06189,47.421,0.0,Ardebial,False,0.0
1.0,2.0,2.0,1.0,1.0,1.0,0.0,1.0,5.054907,46.875,0.0,Ardebial,False,0.0
0.0,2.0,1.0,1.0,0.0,1.0,0.0,1.0,5.064722,47.222,0.0,Ardebial,False,0.0
0.0,1.0,1.0,1.0,0.0,3.0,1.0,0.0,5.10412,47.917,1.0,Ardebial,False,1.0
0.0,1.0,1.0,0.0,3.0,3.0,2.0,2.0,5.068088,47.321,1.0,Ardebial,False,1.0
1.0,1.0,3.0,1.0,0.0,1.0,1.0,0.0,5.09986,47.917,1.0,Ardebial,False,1.0
0.0,1.0,1.0,1.0,1.0,3.0,1.0,2.0,5.065793,47.321,1.0,Ardebial,False,1.0
0.0,1.0,0.0,1.0,0.0,2.0,2.0,2.0,5.074763,47.421,1.0,Ardebial,False,1.0
1.0,3.0,4.0,0.0,0.0,1.0,1.0,1.0,4.927389,46.329,0.0,Ardebial,False,0.0
1.0,1.0,3.0,0.0,2.0,3.0,0.0,2.0,5.094408,47.272,0.0,Ardebial,False,0.0
0.0,3.0,1.0,1.0,0.0,3.0,1.0,2.0,4.963988,46.379,0.0,Ardebial,False,0.0
1.0,1.0,2.0,1.0,0.0,3.0,1.0,1.0,5.084356,47.718,1.0,Ardebial,False,1.0
0.0,2.0,4.0,1.0,0.0,2.0,1.0,1.0,5.051312,47.222,0.0,Ardebial,False,0.0
0.0,2.0,2.0,1.0,2.0,2.0,1.0,1.0,5.030078,47.024,0.0,Ardebial,False,0.0
1.0,0.0,4.0,1.0,3.0,2.0,1.0,1.0,4.858312,45.685,0.0,Ardebial,False,0.0
1.0,2.0,3.0,0.0,1.0,2.0,1.0,2.0,5.02514,46.974,0.0,Ardebial,False,0.0
1.0,1.0,4.0,1.0,0.0,2.0,2.0,1.0,5.083407,47.718,1.0,Ardebial,False,1.0
0.0,0.0,2.0,0.0,1.0,2.0,1.0,1.0,5.072433,47.52,0.0,Ardebial,False,0.0
0.0,2.0,1.0,1.0,0.0,0.0,1.0,1.0,5.051312,47.222,0.0,Ardebial,False,0.0
1.0,0.0,0.0,1.0,2.0,4.0,1.0,1.0,5.084356,47.718,1.0,Ardebial,False,1.0
1.0,1.0,1.0,1.0,2.0,3.0,0.0,0.0,5.104419,47.371,1.0,Ardebial,False,1.0
0.0,3.0,3.0,1.0,0.0,0.0,1.0,1.0,4.967999,46.627,0.0,Ardebial,False,0.0
0.0,2.0,0.0,0.0,3.0,1.0,1.0,1.0,5.036634,47.073,0.0,Ardebial,False,0.0
0.0,1.0,3.0,0.0,1.0,4.0,1.0,1.0,5.072433,47.52,0.0,Ardebial,False,0.0
0.0,3.0,3.0,1.0,0.0,1.0,2.0,1.0,4.968751,46.627,0.0,Ardebial,False,0.0
0.0,1.0,4.0,0.0,3.0,4.0,0.0,1.0,5.095901,47.52,0.0,Ardebial,False,0.0
1.0,3.0,4.0,0.0,2.0,0.0,2.0,1.0,4.938683,46.23,0.0,Ardebial,False,0.0
1.0,2.0,4.0,1.0,3.0,3.0,2.0,0.0,4.971403,46.181,1.0,Ardebial,False,1.0
1.0,2.0,3.0,1.0,0.0,1.0,1.0,1.0,5.084356,47.718,1.0,Ardebial,False,1.0
0.0,1.0,3.0,1.0,3.0,3.0,2.0,2.0,5.010689,46.925,1.0,Ardebial,False,1.0
0.0,3.0,3.0,1.0,3.0,3.0,2.0,1.0,4.900415,46.032,0.0,Ardebial,False,0.0
1.0,1.0,3.0,0.0,2.0,2.0,0.0,0.0,5.127744,47.619,1.0,Ardebial,False,1.0
0.0,0.0,3.0,1.0,3.0,0.0,1.0,1.0,5.02664,47.123,1.0,Ardebial,False,1.0
0.0,3.0,4.0,0.0,3.0,1.0,1.0,2.0,4.910633,46.032,0.0,Ardebial,False,0.0
0.0,1.0,1.0,0.0,1.0,2.0,0.0,0.0,5.12537,47.817,1.0,Ardebial,True,1.0
0.0,3.0,1.0,0.0,1.0,2.0,1.0,1.0,5.072433,47.52,0.0,Ardebial,False,0.0
1.0,1.0,1.0,0.0,1.0,1.0,2.0,0.0,5.08772,47.669,1.0,Ardebial,False,1.0
0.0,1.0,2.0,0.0,0.0,4.0,0.0,1.0,5.095901,47.52,0.0,Ardebial,False,0.0
0.0,2.0,1.0,1.0,1.0,1.0,2.0,2.0,5.041276,47.024,0.0,Ardebial,False,0.0
1.0,3.0,4.0,0.0,1.0,3.0,2.0,1.0,4.914576,46.379,0.0,Ardebial,False,0.0
0.0,2.0,2.0,0.0,3.0,3.0,1.0,2.0,5.033645,46.974,0.0,Ardebial,False,0.0
0.0,2.0,4.0,1.0,0.0,0.0,2.0,0.0,5.098566,47.718,1.0,Ardebial,False,1.0
1.0,1.0,1.0,1.0,2.0,2.0,1.0,1.0,5.009467,46.875,0.0,Ardebial,False,0.0
1.0,2.0,2.0,0.0,1.0,1.0,2.0,0.0,5.073424,47.371,1.0,Ardebial,False,1.0
0.0,3.0,3.0,1.0,1.0,3.0,2.0,1.0,4.957707,46.528,0.0,Ardebial,False,0.0
0.0,1.0,1.0,0.0,3.0,2.0,2.0,2.0,5.068088,47.321,1.0,Ardebial,False,1.0
0.0,0.0,1.0,0.0,1.0,3.0,1.0,1.0,5.072433,47.52,0.0,Ardebial,False,0.0
0.0,2.0,4.0,1.0,2.0,1.0,0.0,1.0,5.076362,47.073,0.0,Ardebial,False,0.0
0.0,0.0,3.0,1.0,1.0,2.0,0.0,1.0,5.10611,47.718,0.0,Ardebial,False,0.0
1.0,1.0,2.0,1.0,3.0,0.0,1.0,2.0,4.853528,45.585,0.0,Ardebial,False,0.0
1.0,3.0,4.0,0.0,2.0,1.0,1.0,1.0,4.943296,46.379,0.0,Ardebial,False,0.0
1.0,3.0,2.0,1.0,2.0,2.0,2.0,1.0,4.85633,45.635,0.0,Ardebial,False,0.0
0.0,0.0,1.0,1.0,3.0,0.0,2.0,0.0,5.039,47.073,1.0,Ardebial,False,1.0
0.0,1.0,2.0,0.0,1.0,2.0,1.0,2.0,5.071677,47.47,1.0,Ardebial,False,1.0
0.0,2.0,3.0,0.0,0.0,1.0,1.0,2.0,5.033645,46.974,0.0,Ardebial,False,0.0
1.0,0.0,1.0,1.0,3.0,1.0,1.0,1.0,4.858312,45.685,0.0,Ardebial,False,0.0
0.0,1.0,0.0,0.0,2.0,4.0,0.0,0.0,5.131176,47.569,1.0,Ardebial,True,1.0
0.0,0.0,1.0,0.0,1.0,2.0,0.0,0.0,5.12537,47.817,1.0,Ardebial,True,1.0
1.0,1.0,4.0,1.0,2.0,4.0,2.0,0.0,5.053223,47.272,1.0,Ardebial,False,1.0
0.0,0.0,1.0,0.0,3.0,1.0,1.0,1.0,5.093482,47.817,1.0,Ardebial,False,1.0
0.0,1.0,3.0,0.0,1.0,3.0,0.0,0.0,5.12537,47.817,1.0,Ardebial,True,1.0
0.0,1.0,2.0,1.0,2.0,3.0,1.0,1.0,5.050365,47.222,0.0,Ardebial,False,0.0
0.0,0.0,1.0,1.0,2.0,3.0,1.0,1.0,5.063439,47.47,1.0,Ardebial,False,1.0
0.0,2.0,1.0,1.0,2.0,1.0,0.0,1.0,5.076362,47.073,0.0,Ardebial,False,0.0
1.0,1.0,2.0,0.0,3.0,3.0,0.0,2.0,5.114321,47.123,0.0,Ardebial,False,0.0
1.0,0.0,3.0,1.0,3.0,2.0,1.0,2.0,4.853528,45.585,0.0,Ardebial,False,0.0
0.0,2.0,3.0,1.0,1.0,1.0,0.0,0.0,5.116007,47.619,1.0,Ardebial,False,1.0
1.0,1.0,2.0,1.0,3.0,0.0,1.0,1.0,4.858312,45.685,0.0,Ardebial,False,0.0
1.0,3.0,3.0,0.0,1.0,3.0,0.0,2.0,4.939491,46.28,0.0,Ardebial,False,0.0
0.0,2.0,3.0,1.0,1.0,4.0,1.0,1.0,5.042746,47.173,0.0,Ardebial,False,0.0
1.0,0.0,3.0,0.0,2.0,2.0,0.0,1.0,5.115446,47.569,0.0,Ardebial,False,0.0
1.0,2.0,3.0,0.0,1.0,0.0,2.0,2.0,5.023585,46.974,0.0,Ardebial,False,0.0
1.0,2.0,1.0,1.0,1.0,4.0,1.0,1.0,5.009467,46.875,0.0,Ardebial,False,0.0
1.0,1.0,1.0,0.0,0.0,3.0,2.0,1.0,13.57392,237.45,8.0,Bandarabbas,False,8.0
0.0,1.0,2.0,0.0,3.0,3.0,1.0,0.0,13.572859,237.55,0.0,Bandarabbas,False,0.0
1.0,3.0,1.0,0.0,2.0,3.0,0.0,1.0,13.651637,238.492,-2.0,Bandarabbas,False,22.0
1.0,2.0,1.0,1.0,1.0,1.0,1.0,2.0,13.548297,236.756,8.0,Bandarabbas,False,8.0
0.0,2.0,0.0,1.0,2.0,2.0,1.0,1.0,13.537841,221.478,-2.0,Bandarabbas,False,22.0
0.0,3.0,0.0,1.0,0.0,3.0,1.0,1.0,13.526544,236.359,-2.0,Bandarabbas,False,22.0
0.0,1.0,3.0,1.0,1.0,2.0,0.0,1.0,13.634567,238.145,8.0,Bandarabbas,False,8.0
0.0,3.0,0.0,1.0,1.0,3.0,1.0,1.0,13.525446,236.012,-2.0,Bandarabbas,False,22.0
0.0,1.0,1.0,0.0,3.0,1.0,1.0,0.0,13.572859,237.55,0.0,Bandarabbas,False,0.0
0.0,3.0,1.0,0.0,1.0,1.0,0.0,2.0,13.643166,237.5,8.0,Bandarabbas,False,8.0
0.0,2.0,3.0,0.0,1.0,1.0,2.0,2.0,13.551464,221.627,-2.0,Bandarabbas,False,22.0
1.0,3.0,2.0,1.0,0.0,4.0,1.0,0.0,11.016018,235.069,8.0,Bandarabbas,False,8.0
0.0,3.0,0.0,0.0,2.0,3.0,1.0,0.0,13.573945,237.748,-2.0,Bandarabbas,False,22.0
0.0,1.0,3.0,1.0,1.0,4.0,1.0,2.0,13.550418,237.103,8.0,Bandarabbas,False,8.0
0.0,1.0,3.0,1.0,1.0,3.0,0.0,1.0,13.634567,238.145,8.0,Bandarabbas,False,8.0
0.0,2.0,4.0,1.0,3.0,1.0,1.0,2.0,13.527955,234.772,-2.0,Bandarabbas,False,22.0
0.0,2.0,0.0,0.0,0.0,2.0,1.0,1.0,13.577887,237.302,8.0,Bandarabbas,False,8.0
0.0,0.0,3.0,1.0,2.0,1.0,2.0,1.0,13.549118,237.103,8.0,Bandarabbas,False,8.0
1.0,2.0,2.0,0.0,2.0,2.0,1.0,1.0,13.541982,220.437,-2.0,Bandarabbas,False,22.0
0.0,2.0,1.0,1.0,1.0,4.0,2.0,2.0,13.549668,233.482,-1.0,Bandarabbas,False,23.0
0.0,1.0,1.0,1.0,1.0,1.0,2.0,1.0,13.543547,237.401,8.0,Bandarabbas,False,8.0
1.0,1.0,0.0,1.0,1.0,3.0,2.0,2.0,13.577133,236.706,8.0,Bandarabbas,False,8.0
0.0,0.0,2.0,0.0,3.0,3.0,1.0,1.0,13.577887,237.302,8.0,Bandarabbas,False,8.0
1.0,2.0,4.0,0.0,2.0,1.0,1.0,1.0,13.541982,220.437,-2.0,Bandarabbas,False,22.0
1.0,1.0,3.0,1.0,1.0,2.0,2.0,1.0,13.574261,237.252,8.0,Bandarabbas,False,8.0
1.0,1.0,1.0,0.0,1.0,0.0,1.0,1.0,13.543879,237.401,8.0,Bandarabbas,False,8.0
1.0,3.0,1.0,0.0,1.0,3.0,1.0,1.0,13.538333,230.06,-2.0,Bandarabbas,False,22.0
1.0,2.0,4.0,1.0,3.0,3.0,1.0,2.0,13.518052,235.417,-2.0,Bandarabbas,False,22.0
1.0,2.0,1.0,0.0,1.0,3.0,2.0,0.0,13.581631,237.55,-1.0,Bandarabbas,False,23.0
0.0,1.0,3.0,0.0,3.0,1.0,1.0,2.0,13.548832,237.202,8.0,Bandarabbas,False,8.0
1.0,1.0,0.0,0.0,2.0,1.0,0.0,2.0,13.691112,239.286,8.0,Bandarabbas,False,8.0
0.0,1.0,2.0,1.0,3.0,3.0,1.0,1.0,13.535148,236.756,-2.0,Bandarabbas,False,22.0
0.0,1.0,3.0,1.0,2.0,2.0,0.0,2.0,13.70242,239.385,8.0,Bandarabbas,False,8.0
0.0,0.0,0.0,0.0,2.0,3.0,0.0,2.0,13.603839,222.917,8.0,Bandarabbas,False,8.0
1.0,3.0,4.0,0.0,2.0,3.0,2.0,1.0,13.544687,235.565,-2.0,Bandarabbas,False,22.0
0.0,2.0,2.0,0.0,2.0,0.0,1.0,2.0,13.545961,221.429,-2.0,Bandarabbas,False,22.0
1.0,0.0,3.0,0.0,1.0,4.0,1.0,1.0,13.581368,237.748,8.0,Bandarabbas,False,8.0
1.0,0.0,4.0,1.0,0.0,1.0,1.0,1.0,13.580721,237.202,8.0,Bandarabbas,False,8.0
1.0,1.0,0.0,0.0,1.0,3.0,2.0,2.0,13.578617,237.004,8.0,Bandarabbas,False,8.0
1.0,3.0,0.0,0.0,1.0,2.0,2.0,1.0,13.543245,229.812,-2.0,Bandarabbas,False,22.0
1.0,2.0,3.0,1.0,1.0,0.0,2.0,1.0,13.574261,237.252,8.0,Bandarabbas,False,8.0
1.0,2.0,0.0,1.0,1.0,4.0,1.0,1.0,13.545316,237.302,8.0,Bandarabbas,False,8.0
1.0,1.0,1.0,0.0,2.0,3.0,2.0,1.0,13.549179,236.706,8.0,Bandarabbas,False,8.0
0.0,0.0,3.0,0.0,2.0,4.0,1.0,1.0,13.577887,237.302,8.0,Bandarabbas,False,8.0
0.0,1.0,1.0,0.0,3.0,1.0,0.0,1.0,13.637036,238.194,8.0,Bandarabbas,False,8.0
0.0,1.0,2.0,0.0,1.0,0.0,1.0,2.0,13.548832,237.202,8.0,Bandarabbas,False,8.0
0.0,3.0,1.0,0.0,1.0,2.0,0.0,1.0,13.637036,238.194,8.0,Bandarabbas,False,8.0
1.0,0.0,0.0,1.0,1.0,2.0,1.0,1.0,13.580721,237.202,8.0,Bandarabbas,False,8.0
1.0,1.0,1.0,1.0,1.0,0.0,2.0,1.0,13.574261,237.252,8.0,Bandarabbas,False,8.0
0.0,3.0,4.0,1.0,2.0,3.0,2.0,1.0,13.528024,236.161,-2.0,Bandarabbas,False,22.0
1.0,2.0,1.0,0.0,0.0,3.0,1.0,1.0,13.572175,237.45,-2.0,Bandarabbas,False,22.0
0.0,0.0,0.0,0.0,2.0,0.0,2.0,1.0,13.581234,236.607,8.0,Bandarabbas,False,8.0
0.0,1.0,2.0,0.0,0.0,2.0,1.0,1.0,13.577887,237.302,8.0,Bandarabbas,False,8.0
1.0,0.0,2.0,1.0,1.0,2.0,0.0,1.0,13.602602,222.917,8.0,Bandarabbas,False,8.0
0.0,1.0,2.0,0.0,3.0,0.0,1.0,1.0,13.540316,237.401,8.0,Bandarabbas,False,8.0
1.0,0.0,1.0,1.0,2.0,4.0,0.0,2.0,13.604763,222.867,8.0,Bandarabbas,False,8.0
1.0,2.0,3.0,0.0,2.0,2.0,1.0,1.0,13.541982,220.437,-2.0,Bandarabbas,False,22.0
0.0,1.0,3.0,0.0,2.0,2.0,0.0,0.0,13.676661,240.476,-2.0,Bandarabbas,False,22.0
0.0,2.0,2.0,1.0,2.0,2.0,0.0,1.0,13.683664,239.931,-2.0,Bandarabbas,False,22.0
1.0,2.0,4.0,1.0,0.0,1.0,2.0,0.0,13.579962,235.069,8.0,Bandarabbas,False,8.0
0.0,2.0,2.0,1.0,1.0,1.0,0.0,0.0,13.626809,236.508,-2.0,Bandarabbas,False,22.0
1.0,3.0,4.0,1.0,2.0,2.0,1.0,1.0,13.515252,235.565,-2.0,Bandarabbas,False,22.0
1.0,0.0,3.0,0.0,1.0,3.0,1.0,0.0,13.579098,234.474,8.0,Bandarabbas,False,8.0
1.0,3.0,2.0,0.0,1.0,1.0,1.0,0.0,13.582373,237.847,-2.0,Bandarabbas,False,22.0
1.0,0.0,3.0,1.0,1.0,2.0,1.0,1.0,13.580721,237.202,8.0,Bandarabbas,False,8.0
1.0,1.0,2.0,1.0,1.0,1.0,2.0,1.0,13.574261,237.252,8.0,Bandarabbas,False,8.0
1.0,2.0,0.0,1.0,2.0,2.0,1.0,1.0,13.544357,220.933,-2.0,Bandarabbas,False,22.0
1.0,1.0,3.0,1.0,1.0,3.0,1.0,1.0,13.545316,237.302,8.0,Bandarabbas,False,8.0
1.0,2.0,2.0,1.0,2.0,3.0,1.0,1.0,13.544357,220.933,-2.0,Bandarabbas,False,22.0
1.0,2.0,1.0,1.0,1.0,3.0,0.0,2.0,13.641367,237.996,8.0,Bandarabbas,False,8.0
1.0,2.0,2.0,1.0,1.0,1.0,1.0,1.0,13.545316,237.302,8.0,Bandarabbas,False,8.0
0.0,1.0,2.0,1.0,2.0,3.0,1.0,2.0,13.55097,236.657,8.0,Bandarabbas,False,8.0
0.0,1.0,3.0,1.0,3.0,3.0,2.0,0.0,13.54071,236.558,-1.0,Bandarabbas,False,23.0
0.0,0.0,1.0,1.0,2.0,1.0,2.0,1.0,13.549118,237.103,8.0,Bandarabbas,False,8.0
1.0,2.0,2.0,0.0,1.0,1.0,2.0,0.0,13.581631,237.55,-1.0,Bandarabbas,False,23.0
1.0,2.0,0.0,1.0,1.0,3.0,0.0,1.0,13.63842,237.996,8.0,Bandarabbas,False,8.0
1.0,1.0,4.0,1.0,3.0,2.0,1.0,1.0,13.545316,237.302,8.0,Bandarabbas,False,8.0
1.0,1.0,1.0,1.0,0.0,2.0,2.0,0.0,13.579962,235.069,8.0,Bandarabbas,False,8.0
1.0,1.0,3.0,0.0,0.0,2.0,1.0,1.0,13.570417,237.202,8.0,Bandarabbas,False,8.0
1.0,3.0,2.0,0.0,1.0,0.0,1.0,1.0,13.538333,230.06,-2.0,Bandarabbas,False,22.0
1.0,0.0,0.0,0.0,1.0,4.0,1.0,2.0,13.58043,237.698,8.0,Bandarabbas,False,8.0
1.0,3.0,1.0,1.0,2.0,2.0,1.0,0.0,13.552589,236.359,-2.0,Bandarabbas,False,22.0
1.0,0.0,2.0,0.0,1.0,1.0,2.0,2.0,13.58517,237.45,8.0,Bandarabbas,False,8.0
0.0,1.0,0.0,0.0,1.0,3.0,1.0,2.0,13.548832,237.202,8.0,Bandarabbas,False,8.0
0.0,2.0,3.0,0.0,0.0,1.0,0.0,2.0,13.603839,222.917,8.0,Bandarabbas,False,8.0
1.0,2.0,3.0,1.0,2.0,1.0,2.0,0.0,13.564955,237.302,-2.0,Bandarabbas,False,22.0
0.0,2.0,1.0,1.0,3.0,3.0,0.0,1.0,13.724805,241.022,-2.0,Bandarabbas,False,22.0
0.0,0.0,2.0,0.0,2.0,2.0,1.0,2.0,13.581071,237.054,8.0,Bandarabbas,False,8.0
0.0,1.0,1.0,0.0,3.0,0.0,1.0,2.0,13.548832,237.202,8.0,Bandarabbas,False,8.0
1.0,3.0,1.0,0.0,0.0,0.0,0.0,1.0,13.565994,236.359,-2.0,Bandarabbas,False,22.0
0.0,1.0,4.0,0.0,3.0,1.0,1.0,2.0,13.548832,237.202,8.0,Bandarabbas,False,8.0
0.0,0.0,2.0,1.0,3.0,3.0,0.0,1.0,13.734536,238.294,8.0,Bandarabbas,False,8.0
0.0,2.0,3.0,1.0,2.0,1.0,0.0,2.0,13.694956,239.583,-2.0,Bandarabbas,False,22.0
1.0,2.0,1.0,0.0,2.0,1.0,0.0,1.0,13.681856,239.484,-2.0,Bandarabbas,False,22.0
0.0,0.0,2.0,1.0,1.0,0.0,2.0,0.0,13.580338,237.351,8.0,Bandarabbas,False,8.0
0.0,1.0,0.0,0.0,2.0,3.0,1.0,1.0,13.535437,221.875,-2.0,Bandarabbas,False,22.0
1.0,3.0,3.0,1.0,2.0,2.0,1.0,1.0,13.515252,235.565,-2.0,Bandarabbas,False,22.0
0.0,2.0,4.0,1.0,1.0,3.0,2.0,1.0,13.539238,233.78,-2.0,Bandarabbas,False,22.0
0.0,2.0,1.0,0.0,3.0,4.0,1.0,0.0,13.573945,237.748,-2.0,Bandarabbas,False,22.0
1.0,2.0,0.0,0.0,3.0,0.0,2.0,1.0,13.524905,235.615,-2.0,Bandarabbas,False,22.0
0.0,3.0,1.0,0.0,2.0,2.0,2.0,1.0,13.542312,221.478,-2.0,Bandarabbas,False,22.0
0.0,1.0,0.0,0.0,0.0,4.0,1.0,2.0,13.581071,237.054,8.0,Bandarabbas,False,8.0
1.0,2.0,4.0,1.0,1.0,0.0,2.0,2.0,13.577133,236.706,8.0,Bandarabbas,False,8.0
0.0,2.0,4.0,0.0,1.0,1.0,1.0,2.0,13.545961,221.429,-2.0,Bandarabbas,False,22.0
1.0,3.0,2.0,0.0,2.0,1.0,2.0,0.0,13.580744,237.103,-2.0,Bandarabbas,False,22.0
1.0,1.0,3.0,0.0,0.0,1.0,1.0,1.0,13.570417,237.202,8.0,Bandarabbas,False,8.0
0.0,1.0,2.0,0.0,1.0,1.0,0.0,1.0,13.637036,238.194,8.0,Bandarabbas,False,8.0
0.0,0.0,4.0,0.0,2.0,3.0,1.0,2.0,13.581071,237.054,8.0,Bandarabbas,False,8.0
1.0,0.0,1.0,1.0,3.0,1.0,1.0,1.0,13.580721,237.202,8.0,Bandarabbas,False,8.0
1.0,2.0,1.0,1.0,3.0,2.0,1.0,1.0,13.515252,235.565,-2.0,Bandarabbas,False,22.0
0.0,1.0,1.0,0.0,2.0,0.0,1.0,1.0,13.535437,221.875,-2.0,Bandarabbas,False,22.0
0.0,3.0,2.0,0.0,0.0,1.0,0.0,0.0,13.599292,224.008,8.0,Bandarabbas,False,8.0
0.0,1.0,2.0,1.0,2.0,0.0,1.0,1.0,13.542295,237.302,8.0,Bandarabbas,False,8.0
1.0,2.0,1.0,0.0,3.0,2.0,0.0,1.0,13.733431,241.022,-2.0,Bandarabbas,False,22.0
1.0,1.0,1.0,1.0,1.0,1.0,1.0,1.0,13.545316,237.302,8.0,Bandarabbas,False,8.0
1.0,2.0,3.0,0.0,0.0,3.0,1.0,1.0,13.572175,237.45,-2.0,Bandarabbas,False,22.0
0.0,1.0,2.0,1.0,3.0,3.0,2.0,2.0,13.564227,236.508,8.0,Bandarabbas,False,8.0
0.0,3.0,4.0,1.0,1.0,2.0,2.0,1.0,13.527165,235.962,-2.0,Bandarabbas,False,22.0
1.0,3.0,3.0,1.0,1.0,1.0,1.0,0.0,13.577909,237.351,-1.0,Bandarabbas,False,23.0
1.0,3.0,3.0,1.0,0.0,3.0,0.0,2.0,13.604763,222.867,8.0,Bandarabbas,False,8.0
1.0,3.0,3.0,0.0,2.0,3.0,1.0,1.0,13.537805,236.062,-2.0,Bandarabbas,False,22.0
0.0,1.0,4.0,1.0,2.0,4.0,1.0,1.0,13.542295,237.302,8.0,Bandarabbas,False,8.0
1.0,3.0,2.0,1.0,2.0,3.0,1.0,1.0,13.515252,235.565,-2.0,Bandarabbas,False,22.0
0.0,1.0,2.0,0.0,1.0,1.0,2.0,0.0,13.577788,237.401,0.0,Bandarabbas,False,0.0
0.0,1.0,1.0,0.0,1.0,1.0,1.0,1.0,13.540316,237.401,8.0,Bandarabbas,False,8.0
0.0,2.0,3.0,1.0,0.0,3.0,0.0,1.0,13.592374,237.649,-2.0,Bandarabbas,False,22.0
0.0,1.0,3.0,1.0,1.0,2.0,2.0,2.0,13.579369,236.558,8.0,Bandarabbas,False,8.0
0.0,1.0,0.0,1.0,1.0,0.0,2.0,2.0,13.579369,236.558,8.0,Bandarabbas,False,8.0
1.0,1.0,1.0,1.0,3.0,4.0,1.0,0.0,13.577909,237.351,-1.0,Bandarabbas,False,23.0
1.0,0.0,2.0,0.0,1.0,1.0,0.0,0.0,13.630131,227.728,8.0,Bandarabbas,False,8.0
0.0,1.0,4.0,0.0,2.0,1.0,1.0,0.0,13.573945,237.748,-2.0,Bandarabbas,False,22.0
0.0,0.0,2.0,1.0,1.0,3.0,1.0,2.0,13.584075,236.954,8.0,Bandarabbas,False,8.0
1.0,0.0,4.0,0.0,2.0,2.0,2.0,1.0,13.552218,236.607,8.0,Bandarabbas,False,8.0
0.0,1.0,0.0,0.0,1.0,1.0,1.0,0.0,13.572859,237.55,0.0,Bandarabbas,False,0.0
1.0,3.0,3.0,0.0,3.0,2.0,1.0,1.0,13.523528,235.863,-2.0,Bandarabbas,False,22.0
1.0,2.0,0.0,0.0,1.0,2.0,1.0,1.0,13.542488,233.581,-2.0,Bandarabbas,False,22.0
0.0,2.0,3.0,0.0,2.0,3.0,0.0,0.0,13.676661,240.476,-2.0,Bandarabbas,False,22.0
0.0,2.0,3.0,0.0,2.0,2.0,1.0,1.0,13.535437,221.875,-2.0,Bandarabbas,False,22.0
1.0,2.0,1.0,0.0,2.0,1.0,1.0,0.0,13.569987,237.55,-2.0,Bandarabbas,False,22.0
1.0,0.0,1.0,0.0,3.0,3.0,0.0,1.0,13.738401,238.79,8.0,Bandarabbas,False,8.0
1.0,0.0,1.0,1.0,2.0,1.0,1.0,1.0,13.580721,237.202,8.0,Bandarabbas,False,8.0
1.0,3.0,3.0,1.0,2.0,3.0,1.0,1.0,13.515252,235.565,-2.0,Bandarabbas,False,22.0
0.0,2.0,2.0,0.0,0.0,2.0,2.0,0.0,13.579303,235.169,8.0,Bandarabbas,False,8.0
1.0,0.0,3.0,0.0,0.0,0.0,1.0,2.0,13.579195,237.054,8.0,Bandarabbas,False,8.0
0.0,1.0,2.0,0.0,0.0,4.0,1.0,1.0,13.577887,237.302,8.0,Bandarabbas,False,8.0
1.0,0.0,2.0,1.0,2.0,2.0,1.0,2.0,13.579979,237.004,8.0,Bandarabbas,False,8.0
0.0,1.0,3.0,0.0,2.0,3.0,2.0,2.0,13.551464,221.627,-2.0,Bandarabbas,False,22.0
0.0,3.0,2.0,1.0,0.0,2.0,1.0,1.0,13.526544,236.359,-2.0,Bandarabbas,False,22.0
0.0,2.0,2.0,0.0,1.0,0.0,1.0,1.0,13.535437,221.875,-2.0,Bandarabbas,False,22.0
1.0,3.0,1.0,1.0,1.0,2.0,0.0,1.0,13.63842,237.996,8.0,Bandarabbas,False,8.0
0.0,2.0,3.0,0.0,2.0,4.0,1.0,1.0,13.535437,221.875,-2.0,Bandarabbas,False,22.0
0.0,1.0,2.0,0.0,2.0,4.0,1.0,2.0,13.545961,221.429,-2.0,Bandarabbas,False,22.0
0.0,2.0,3.0,0.0,2.0,0.0,0.0,1.0,13.675003,239.782,-2.0,Bandarabbas,False,22.0
0.0,1.0,1.0,0.0,2.0,3.0,1.0,2.0,13.545961,221.429,-2.0,Bandarabbas,False,22.0
0.0,2.0,4.0,0.0,0.0,0.0,1.0,1.0,13.577887,237.302,8.0,Bandarabbas,False,8.0
0.0,2.0,3.0,1.0,1.0,2.0,1.0,0.0,13.572326,237.748,-1.0,Bandarabbas,False,23.0
1.0,1.0,1.0,1.0,1.0,0.0,1.0,1.0,13.545316,237.302,8.0,Bandarabbas,False,8.0
0.0,2.0,1.0,1.0,1.0,1.0,1.0,1.0,13.537616,233.829,-2.0,Bandarabbas,False,22.0
1.0,0.0,3.0,0.0,2.0,0.0,0.0,1.0,13.685722,224.95,8.0,Bandarabbas,False,8.0
0.0,1.0,2.0,1.0,2.0,3.0,2.0,0.0,13.583664,237.599,-1.0,Bandarabbas,False,23.0
1.0,1.0,3.0,1.0,1.0,0.0,1.0,1.0,13.545316,237.302,8.0,Bandarabbas,False,8.0
1.0,2.0,0.0,1.0,3.0,4.0,1.0,2.0,13.518052,235.417,-2.0,Bandarabbas,False,22.0
1.0,2.0,3.0,0.0,2.0,2.0,2.0,1.0,13.547972,220.784,-2.0,Bandarabbas,False,22.0
0.0,2.0,0.0,1.0,2.0,0.0,1.0,2.0,13.548091,221.131,-2.0,Bandarabbas,False,22.0
1.0,2.0,2.0,1.0,0.0,2.0,0.0,0.0,13.603866,226.24,8.0,Bandarabbas,False,8.0
1.0,2.0,0.0,1.0,3.0,1.0,0.0,2.0,13.745081,239.633,-2.0,Bandarabbas,True,22.0
1.0,1.0,1.0,1.0,1.0,1.0,2.0,1.0,13.574261,237.252,8.0,Bandarabbas,False,8.0
0.0,2.0,2.0,1.0,2.0,4.0,1.0,0.0,13.557104,237.55,-2.0,Bandarabbas,False,22.0
0.0,1.0,2.0,1.0,2.0,3.0,0.0,2.0,13.70242,239.385,8.0,Bandarabbas,False,8.0
1.0,3.0,1.0,1.0,2.0,0.0,2.0,2.0,13.519672,235.417,-2.0,Bandarabbas,False,22.0
1.0,3.0,2.0,0.0,1.0,3.0,0.0,0.0,13.639984,238.591,-2.0,Bandarabbas,False,22.0
1.0,0.0,1.0,0.0,1.0,1.0,1.0,2.0,13.58043,237.698,8.0,Bandarabbas,False,8.0
0.0,2.0,1.0,0.0,1.0,4.0,0.0,0.0,13.676661,240.476,-2.0,Bandarabbas,False,22.0
1.0,3.0,0.0,1.0,1.0,1.0,1.0,1.0,13.545316,237.302,8.0,Bandarabbas,False,8.0
0.0,2.0,4.0,1.0,0.0,3.0,0.0,1.0,13.592374,237.649,-2.0,Bandarabbas,False,22.0
1.0,2.0,2.0,1.0,2.0,0.0,1.0,0.0,13.563058,237.401,-2.0,Bandarabbas,False,22.0
1.0,0.0,3.0,0.0,3.0,3.0,2.0,1.0,13.543202,236.706,8.0,Bandarabbas,False,8.0
1.0,0.0,2.0,0.0,1.0,3.0,1.0,2.0,13.58043,237.698,8.0,Bandarabbas,False,8.0
0.0,2.0,3.0,1.0,2.0,2.0,0.0,2.0,13.694956,239.583,-2.0,Bandarabbas,False,22.0
0.0,0.0,3.0,1.0,2.0,0.0,0.0,0.0,13.693636,226.984,8.0,Bandarabbas,False,8.0
0.0,1.0,4.0,1.0,3.0,1.0,1.0,2.0,13.562823,236.558,8.0,Bandarabbas,False,8.0
0.0,2.0,0.0,0.0,1.0,1.0,1.0,2.0,13.545961,221.429,-2.0,Bandarabbas,False,22.0
1.0,0.0,3.0,1.0,1.0,2.0,2.0,2.0,13.58124,236.954,8.0,Bandarabbas,False,8.0
1.0,1.0,1.0,1.0,1.0,2.0,1.0,1.0,13.545316,237.302,8.0,Bandarabbas,False,8.0
0.0,3.0,0.0,1.0,1.0,4.0,0.0,1.0,13.586995,237.698,-2.0,Bandarabbas,False,22.0
1.0,1.0,2.0,0.0,2.0,1.0,1.0,0.0,13.582228,237.798,-1.0,Bandarabbas,False,23.0
1.0,2.0,4.0,1.0,3.0,2.0,2.0,1.0,13.516913,234.772,-2.0,Bandarabbas,False,22.0
0.0,1.0,0.0,1.0,0.0,2.0,2.0,0.0,13.573826,234.772,0.0,Bandarabbas,False,0.0
0.0,2.0,1.0,1.0,3.0,1.0,0.0,2.0,13.735932,240.625,-2.0,Bandarabbas,False,22.0
1.0,1.0,1.0,1.0,3.0,3.0,1.0,0.0,13.577909,237.351,-1.0,Bandarabbas,False,23.0
0.0,2.0,3.0,1.0,1.0,3.0,1.0,0.0,13.572326,237.748,-1.0,Bandarabbas,False,23.0
0.0,0.0,1.0,1.0,1.0,0.0,2.0,0.0,13.580338,237.351,8.0,Bandarabbas,False,8.0
1.0,1.0,3.0,0.0,2.0,3.0,0.0,1.0,13.687949,239.435,8.0,Bandarabbas,False,8.0
1.0,2.0,1.0,1.0,1.0,0.0,1.0,1.0,13.545316,237.302,8.0,Bandarabbas,False,8.0
0.0,1.0,3.0,0.0,0.0,4.0,1.0,0.0,13.575999,235.218,8.0,Bandarabbas,False,8.0
0.0,1.0,1.0,1.0,2.0,0.0,1.0,2.0,13.55097,236.657,8.0,Bandarabbas,False,8.0
1.0,2.0,4.0,0.0,2.0,4.0,2.0,0.0,13.576129,237.351,-2.0,Bandarabbas,False,22.0
1.0,1.0,4.0,1.0,1.0,3.0,1.0,0.0,13.577909,237.351,-1.0,Bandarabbas,False,23.0
1.0,2.0,3.0,0.0,0.0,2.0,1.0,1.0,13.572175,237.45,-2.0,Bandarabbas,False,22.0
1.0,2.0,0.0,1.0,1.0,1.0,1.0,2.0,13.548297,236.756,8.0,Bandarabbas,False,8.0
1.0,2.0,2.0,1.0,3.0,0.0,2.0,2.0,13.519672,235.417,-2.0,Bandarabbas,False,22.0
1.0,2.0,3.0,1.0,2.0,1.0,1.0,2.0,13.547732,220.734,-2.0,Bandarabbas,False,22.0
0.0,1.0,3.0,0.0,3.0,2.0,2.0,1.0,13.572123,237.401,8.0,Bandarabbas,False,8.0
1.0,1.0,3.0,0.0,3.0,1.0,1.0,1.0,13.545404,236.954,-2.0,Bandarabbas,False,22.0
0.0,1.0,1.0,0.0,1.0,2.0,0.0,2.0,13.643166,237.5,8.0,Bandarabbas,False,8.0
1.0,2.0,3.0,1.0,2.0,4.0,1.0,2.0,13.547732,220.734,-2.0,Bandarabbas,False,22.0
0.0,3.0,3.0,0.0,3.0,1.0,0.0,0.0,13.729653,241.518,-2.0,Bandarabbas,True,22.0
0.0,3.0,4.0,1.0,2.0,2.0,0.0,0.0,13.68372,240.129,-2.0,Bandarabbas,False,22.0
1.0,1.0,4.0,1.0,2.0,2.0,1.0,0.0,13.577909,237.351,-1.0,Bandarabbas,False,23.0
1.0,1.0,2.0,0.0,1.0,4.0,2.0,0.0,13.58128,237.302,-1.0,Bandarabbas,False,23.0
1.0,2.0,2.0,1.0,2.0,2.0,1.0,2.0,13.547732,220.734,-2.0,Bandarabbas,False,22.0
0.0,1.0,2.0,0.0,1.0,3.0,0.0,1.0,13.637036,238.194,8.0,Bandarabbas,False,8.0
1.0,0.0,3.0,1.0,1.0,0.0,1.0,2.0,13.579979,237.004,8.0,Bandarabbas,False,8.0
1.0,3.0,4.0,0.0,0.0,3.0,1.0,1.0,13.539525,235.913,-2.0,Bandarabbas,False,22.0
0.0,1.0,2.0,1.0,3.0,3.0,0.0,1.0,13.734798,240.774,-2.0,Bandarabbas,False,22.0
0.0,0.0,3.0,1.0,3.0,0.0,2.0,1.0,13.54157,237.103,8.0,Bandarabbas,False,8.0
1.0,2.0,3.0,0.0,2.0,4.0,0.0,1.0,13.681856,239.484,-2.0,Bandarabbas,False,22.0
0.0,1.0,3.0,0.0,3.0,2.0,1.0,1.0,13.540316,237.401,8.0,Bandarabbas,False,8.0
1.0,1.0,1.0,1.0,3.0,0.0,2.0,0.0,13.579556,237.252,-1.0,Bandarabbas,False,23.0
1.0,1.0,1.0,1.0,0.0,4.0,1.0,2.0,13.579979,237.004,8.0,Bandarabbas,False,8.0
0.0,1.0,2.0,1.0,1.0,1.0,2.0,1.0,13.543547,237.401,8.0,Bandarabbas,False,8.0
0.0,1.0,0.0,0.0,3.0,2.0,0.0,2.0,13.643166,237.5,8.0,Bandarabbas,False,8.0
1.0,0.0,2.0,1.0,2.0,2.0,0.0,2.0,13.604763,222.867,8.0,Bandarabbas,False,8.0
0.0,2.0,3.0,1.0,3.0,1.0,0.0,0.0,13.726452,238.79,-2.0,Bandarabbas,False,22.0
1.0,2.0,2.0,0.0,1.0,3.0,0.0,0.0,13.625819,235.962,-2.0,Bandarabbas,False,22.0
1.0,2.0,3.0,1.0,3.0,3.0,1.0,2.0,13.518052,235.417,-2.0,Bandarabbas,False,22.0
1.0,2.0,2.0,1.0,1.0,4.0,1.0,0.0,13.577909,237.351,-1.0,Bandarabbas,False,23.0
0.0,2.0,4.0,0.0,3.0,2.0,1.0,2.0,13.545961,221.429,-2.0,Bandarabbas,False,22.0
1.0,1.0,0.0,0.0,0.0,3.0,1.0,1.0,13.570417,237.202,8.0,Bandarabbas,False,8.0
1.0,0.0,1.0,0.0,2.0,3.0,1.0,1.0,13.546044,237.302,8.0,Bandarabbas,False,8.0
0.0,1.0,0.0,0.0,1.0,4.0,0.0,2.0,13.643166,237.5,8.0,Bandarabbas,False,8.0
1.0,1.0,1.0,1.0,1.0,1.0,0.0,1.0,13.63842,237.996,8.0,Bandarabbas,False,8.0
1.0,2.0,2.0,0.0,2.0,0.0,2.0,0.0,13.576129,237.351,-2.0,Bandarabbas,False,22.0
0.0,2.0,2.0,0.0,0.0,1.0,0.0,1.0,13.59769,223.313,8.0,Bandarabbas,False,8.0
0.0,3.0,4.0,1.0,2.0,2.0,1.0,2.0,13.535374,235.119,-2.0,Bandarabbas,False,22.0
0.0,1.0,2.0,1.0,2.0,2.0,2.0,1.0,13.544311,237.252,8.0,Bandarabbas,False,8.0
0.0,2.0,2.0,0.0,3.0,4.0,0.0,1.0,13.675003,239.782,-2.0,Bandarabbas,False,22.0
0.0,0.0,3.0,1.0,0.0,4.0,2.0,0.0,13.578108,235.119,8.0,Bandarabbas,False,8.0
0.0,3.0,2.0,0.0,2.0,3.0,1.0,1.0,13.535437,221.875,-2.0,Bandarabbas,False,22.0
0.0,0.0,2.0,1.0,3.0,3.0,2.0,1.0,13.54157,237.103,8.0,Bandarabbas,False,8.0
1.0,3.0,3.0,1.0,1.0,0.0,1.0,0.0,13.577909,237.351,-1.0,Bandarabbas,False,23.0
0.0,1.0,2.0,0.0,2.0,4.0,1.0,0.0,13.573945,237.748,-2.0,Bandarabbas,False,22.0
1.0,1.0,2.0,1.0,2.0,4.0,0.0,0.0,13.634763,225.794,-1.0,Bandarabbas,False,23.0
1.0,0.0,2.0,1.0,2.0,3.0,1.0,0.0,13.578796,235.069,8.0,Bandarabbas,False,8.0
0.0,3.0,3.0,0.0,3.0,2.0,0.0,1.0,13.688813,240.476,-2.0,Bandarabbas,False,22.0
1.0,2.0,1.0,1.0,3.0,3.0,1.0,1.0,13.515252,235.565,-2.0,Bandarabbas,False,22.0
0.0,2.0,3.0,0.0,2.0,4.0,0.0,1.0,13.675003,239.782,-2.0,Bandarabbas,False,22.0
1.0,2.0,0.0,0.0,0.0,4.0,2.0,0.0,13.57621,237.45,-1.0,Bandarabbas,False,23.0
1.0,3.0,1.0,1.0,0.0,2.0,0.0,2.0,13.604763,222.867,8.0,Bandarabbas,False,8.0
0.0,3.0,3.0,1.0,0.0,3.0,1.0,1.0,13.526544,236.359,-2.0,Bandarabbas,False,22.0
1.0,3.0,1.0,1.0,3.0,3.0,1.0,1.0,13.515252,235.565,-2.0,Bandarabbas,False,22.0
1.0,3.0,3.0,0.0,2.0,4.0,1.0,1.0,13.537805,236.062,-2.0,Bandarabbas,False,22.0
0.0,2.0,3.0,0.0,0.0,1.0,0.0,0.0,13.599292,224.008,8.0,Bandarabbas,False,8.0
0.0,0.0,0.0,1.0,1.0,2.0,2.0,0.0,13.580338,237.351,8.0,Bandarabbas,False,8.0
1.0,2.0,2.0,0.0,1.0,2.0,2.0,1.0,13.547246,233.433,-2.0,Bandarabbas,False,22.0
1.0,3.0,3.0,1.0,0.0,2.0,0.0,0.0,13.603866,226.24,8.0,Bandarabbas,False,8.0
0.0,2.0,3.0,0.0,0.0,3.0,2.0,1.0,13.581234,236.607,8.0,Bandarabbas,False,8.0
1.0,0.0,2.0,0.0,2.0,0.0,1.0,1.0,13.546044,237.302,8.0,Bandarabbas,False,8.0
1.0,2.0,1.0,1.0,3.0,0.0,1.0,2.0,13.518052,235.417,-2.0,Bandarabbas,False,22.0
0.0,1.0,0.0,1.0,1.0,3.0,0.0,1.0,13.634567,238.145,8.0,Bandarabbas,False,8.0
1.0,3.0,1.0,0.0,1.0,2.0,1.0,2.0,13.540332,229.812,-2.0,Bandarabbas,False,22.0
0.0,1.0,1.0,0.0,3.0,2.0,1.0,0.0,13.572859,237.55,0.0,Bandarabbas,False,0.0
1.0,2.0,4.0,0.0,0.0,2.0,0.0,1.0,13.596073,237.897,-2.0,Bandarabbas,False,22.0
0.0,1.0,1.0,1.0,1.0,0.0,1.0,2.0,13.550418,237.103,8.0,Bandarabbas,False,8.0
1.0,2.0,0.0,1.0,2.0,3.0,2.0,2.0,13.549577,220.536,-2.0,Bandarabbas,False,22.0
0.0,1.0,3.0,1.0,3.0,2.0,2.0,1.0,13.536562,236.756,-2.0,Bandarabbas,False,22.0
0.0,2.0,2.0,1.0,0.0,1.0,2.0,0.0,13.568851,237.698,-1.0,Bandarabbas,False,23.0
0.0,1.0,1.0,1.0,2.0,1.0,1.0,2.0,13.55097,236.657,8.0,Bandarabbas,False,8.0
1.0,0.0,1.0,0.0,3.0,3.0,1.0,0.0,13.541147,236.855,8.0,Bandarabbas,False,8.0
0.0,3.0,1.0,1.0,0.0,1.0,2.0,1.0,13.527542,236.359,-2.0,Bandarabbas,False,22.0
1.0,2.0,2.0,0.0,2.0,2.0,2.0,0.0,13.576129,237.351,-2.0,Bandarabbas,False,22.0
0.0,0.0,3.0,1.0,0.0,1.0,1.0,2.0,13.581983,236.458,8.0,Bandarabbas,False,8.0
0.0,1.0,1.0,0.0,3.0,3.0,0.0,1.0,13.637036,238.194,8.0,Bandarabbas,False,8.0
0.0,1.0,2.0,1.0,2.0,1.0,2.0,1.0,13.544311,237.252,8.0,Bandarabbas,False,8.0
1.0,2.0,2.0,1.0,1.0,4.0,2.0,1.0,13.574261,237.252,8.0,Bandarabbas,False,8.0
1.0,1.0,4.0,1.0,1.0,3.0,0.0,0.0,13.634763,225.794,-1.0,Bandarabbas,False,23.0
1.0,2.0,3.0,1.0,2.0,1.0,2.0,1.0,13.546409,220.635,-2.0,Bandarabbas,False,22.0
0.0,2.0,1.0,1.0,1.0,1.0,1.0,2.0,13.548088,233.532,-1.0,Bandarabbas,False,23.0
0.0,2.0,2.0,1.0,2.0,1.0,2.0,1.0,13.539837,220.734,-2.0,Bandarabbas,False,22.0
1.0,3.0,0.0,1.0,1.0,4.0,0.0,1.0,13.63842,237.996,8.0,Bandarabbas,False,8.0
1.0,3.0,1.0,0.0,2.0,2.0,1.0,1.0,13.537805,236.062,-2.0,Bandarabbas,False,22.0
1.0,2.0,0.0,1.0,0.0,1.0,1.0,2.0,13.579979,237.004,8.0,Bandarabbas,False,8.0
1.0,3.0,2.0,1.0,1.0,3.0,1.0,0.0,13.577909,237.351,-1.0,Bandarabbas,False,23.0
0.0,3.0,1.0,0.0,1.0,2.0,1.0,1.0,13.540316,237.401,8.0,Bandarabbas,False,8.0
0.0,2.0,3.0,1.0,0.0,3.0,1.0,0.0,13.567736,237.748,-1.0,Bandarabbas,False,23.0
0.0,0.0,3.0,0.0,2.0,0.0,1.0,1.0,13.577887,237.302,8.0,Bandarabbas,False,8.0
0.0,1.0,3.0,0.0,1.0,1.0,0.0,1.0,13.637036,238.194,8.0,Bandarabbas,False,8.0
0.0,0.0,2.0,1.0,2.0,1.0,0.0,0.0,13.693636,226.984,8.0,Bandarabbas,False,8.0
0.0,1.0,1.0,0.0,1.0,2.0,1.0,0.0,13.572859,237.55,0.0,Bandarabbas,False,0.0
0.0,0.0,1.0,0.0,3.0,0.0,1.0,1.0,13.577887,237.302,8.0,Bandarabbas,False,8.0
1.0,2.0,1.0,0.0,0.0,0.0,2.0,0.0,13.57621,237.45,-1.0,Bandarabbas,False,23.0
0.0,0.0,1.0,1.0,1.0,3.0,1.0,1.0,13.581127,237.748,8.0,Bandarabbas,False,8.0
0.0,0.0,3.0,1.0,1.0,2.0,0.0,0.0,13.635204,226.339,8.0,Bandarabbas,False,8.0
0.0,1.0,1.0,1.0,1.0,1.0,0.0,0.0,13.631446,225.992,-1.0,Bandarabbas,False,23.0
1.0,0.0,0.0,0.0,3.0,3.0,0.0,1.0,13.738401,238.79,8.0,Bandarabbas,False,8.0
0.0,2.0,2.0,1.0,1.0,2.0,1.0,1.0,13.537616,233.829,-2.0,Bandarabbas,False,22.0
0.0,3.0,1.0,0.0,2.0,0.0,0.0,1.0,13.675003,239.782,-2.0,Bandarabbas,False,22.0
1.0,2.0,3.0,1.0,3.0,3.0,1.0,0.0,13.552589,236.359,-2.0,Bandarabbas,False,22.0
0.0,2.0,0.0,1.0,1.0,2.0,1.0,0.0,13.572326,237.748,-1.0,Bandarabbas,False,23.0
0.0,1.0,2.0,1.0,0.0,4.0,2.0,2.0,13.574677,236.954,8.0,Bandarabbas,False,8.0
1.0,1.0,2.0,0.0,0.0,2.0,1.0,1.0,13.570417,237.202,8.0,Bandarabbas,False,8.0
1.0,1.0,3.0,1.0,3.0,3.0,1.0,0.0,13.577909,237.351,-1.0,Bandarabbas,False,23.0
0.0,1.0,2.0,0.0,0.0,3.0,1.0,2.0,13.581071,237.054,8.0,Bandarabbas,False,8.0
1.0,1.0,0.0,1.0,0.0,1.0,0.0,1.0,13.602602,222.917,8.0,Bandarabbas,False,8.0
1.0,3.0,3.0,1.0,2.0,2.0,2.0,2.0,13.519672,235.417,-2.0,Bandarabbas,False,22.0
1.0,0.0,3.0,0.0,1.0,2.0,1.0,1.0,13.581368,237.748,8.0,Bandarabbas,False,8.0
1.0,2.0,4.0,0.0,1.0,1.0,2.0,0.0,13.581631,237.55,-1.0,Bandarabbas,False,23.0
0.0,0.0,0.0,0.0,0.0,3.0,0.0,1.0,13.59769,223.313,8.0,Bandarabbas,False,8.0
0.0,1.0,2.0,1.0,0.0,0.0,0.0,0.0,13.597496,226.141,0.0,Bandarabbas,False,0.0
1.0,2.0,2.0,0.0,2.0,4.0,2.0,1.0,13.547972,220.784,-2.0,Bandarabbas,False,22.0
0.0,1.0,1.0,0.0,2.0,3.0,1.0,1.0,13.535437,221.875,-2.0,Bandarabbas,False,22.0
1.0,0.0,0.0,1.0,3.0,4.0,0.0,1.0,13.602602,222.917,8.0,Bandarabbas,False,8.0
1.0,3.0,3.0,0.0,1.0,3.0,1.0,0.0,13.582373,237.847,-2.0,Bandarabbas,False,22.0
0.0,0.0,3.0,1.0,0.0,3.0,1.0,0.0,13.576841,235.119,8.0,Bandarabbas,False,8.0
1.0,1.0,1.0,0.0,2.0,3.0,1.0,1.0,13.542813,237.351,-1.0,Bandarabbas,False,23.0
1.0,2.0,2.0,0.0,3.0,2.0,1.0,1.0,13.519043,235.863,-2.0,Bandarabbas,False,22.0
1.0,1.0,1.0,0.0,0.0,4.0,0.0,1.0,13.602823,237.798,8.0,Bandarabbas,False,8.0
1.0,2.0,4.0,0.0,2.0,0.0,2.0,2.0,13.550925,220.883,-2.0,Bandarabbas,False,22.0
0.0,0.0,1.0,0.0,2.0,3.0,2.0,0.0,13.579303,235.169,8.0,Bandarabbas,False,8.0
1.0,1.0,2.0,1.0,3.0,1.0,1.0,0.0,13.577909,237.351,-1.0,Bandarabbas,False,23.0
0.0,0.0,1.0,0.0,3.0,0.0,1.0,0.0,13.575999,235.218,8.0,Bandarabbas,False,8.0
0.0,1.0,3.0,1.0,1.0,4.0,0.0,1.0,13.634567,238.145,8.0,Bandarabbas,False,8.0
0.0,2.0,3.0,1.0,2.0,1.0,2.0,1.0,13.539837,220.734,-2.0,Bandarabbas,False,22.0
0.0,1.0,1.0,0.0,1.0,4.0,0.0,1.0,13.637036,238.194,8.0,Bandarabbas,False,8.0
1.0,1.0,3.0,1.0,2.0,4.0,2.0,0.0,13.579556,237.252,-1.0,Bandarabbas,False,23.0
0.0,2.0,3.0,0.0,3.0,3.0,0.0,1.0,13.675003,239.782,-2.0,Bandarabbas,False,22.0
0.0,0.0,2.0,1.0,1.0,3.0,1.0,1.0,13.581127,237.748,8.0,Bandarabbas,False,8.0
0.0,3.0,2.0,1.0,1.0,3.0,1.0,1.0,13.525446,236.012,-2.0,Bandarabbas,False,22.0
0.0,3.0,2.0,0.0,1.0,2.0,2.0,0.0,13.577788,237.401,0.0,Bandarabbas,False,0.0
1.0,2.0,1.0,1.0,3.0,0.0,2.0,2.0,13.519672,235.417,-2.0,Bandarabbas,False,22.0
0.0,0.0,4.0,1.0,1.0,1.0,1.0,1.0,13.581127,237.748,8.0,Bandarabbas,False,8.0
1.0,1.0,0.0,0.0,0.0,2.0,0.0,1.0,13.602823,237.798,8.0,Bandarabbas,False,8.0
1.0,2.0,1.0,0.0,2.0,0.0,0.0,0.0,13.682912,237.55,-2.0,Bandarabbas,False,22.0
0.0,2.0,1.0,0.0,2.0,3.0,2.0,0.0,13.570102,237.55,-2.0,Bandarabbas,False,22.0
1.0,2.0,1.0,0.0,1.0,0.0,0.0,2.0,13.627282,238.046,-2.0,Bandarabbas,False,22.0
1.0,3.0,2.0,1.0,1.0,2.0,0.0,0.0,13.634763,225.794,-1.0,Bandarabbas,False,23.0
0.0,1.0,3.0,1.0,2.0,1.0,0.0,0.0,13.690025,227.083,-1.0,Bandarabbas,False,23.0
0.0,2.0,1.0,0.0,2.0,3.0,1.0,0.0,13.573945,237.748,-2.0,Bandarabbas,False,22.0
0.0,2.0,4.0,1.0,2.0,2.0,1.0,2.0,13.548091,221.131,-2.0,Bandarabbas,False,22.0
0.0,3.0,1.0,0.0,1.0,0.0,2.0,1.0,13.572123,237.401,8.0,Bandarabbas,False,8.0
1.0,3.0,2.0,0.0,1.0,4.0,2.0,0.0,13.587522,237.698,-2.0,Bandarabbas,False,22.0
0.0,2.0,3.0,0.0,2.0,0.0,0.0,0.0,13.676661,240.476,-2.0,Bandarabbas,False,22.0
1.0,2.0,1.0,0.0,2.0,4.0,1.0,2.0,13.54421,220.982,-2.0,Bandarabbas,False,22.0
0.0,1.0,2.0,1.0,0.0,2.0,0.0,1.0,13.602053,237.004,8.0,Bandarabbas,False,8.0
0.0,0.0,0.0,1.0,0.0,3.0,2.0,1.0,13.580015,237.103,8.0,Bandarabbas,False,8.0
1.0,3.0,2.0,1.0,2.0,1.0,1.0,1.0,13.515252,235.565,-2.0,Bandarabbas,False,22.0
1.0,2.0,2.0,1.0,1.0,1.0,0.0,1.0,13.63842,237.996,8.0,Bandarabbas,False,8.0
0.0,2.0,3.0,0.0,2.0,4.0,2.0,2.0,13.551464,221.627,-2.0,Bandarabbas,False,22.0
0.0,2.0,4.0,0.0,2.0,3.0,2.0,2.0,13.551464,221.627,-2.0,Bandarabbas,False,22.0
0.0,1.0,0.0,1.0,1.0,3.0,1.0,2.0,13.550418,237.103,8.0,Bandarabbas,False,8.0
0.0,2.0,3.0,0.0,0.0,2.0,1.0,2.0,13.581071,237.054,8.0,Bandarabbas,False,8.0
1.0,3.0,3.0,0.0,2.0,2.0,2.0,1.0,13.544687,235.565,-2.0,Bandarabbas,False,22.0
1.0,0.0,1.0,1.0,2.0,1.0,2.0,1.0,13.581871,237.004,8.0,Bandarabbas,False,8.0
0.0,3.0,3.0,0.0,1.0,2.0,1.0,1.0,13.540316,237.401,8.0,Bandarabbas,False,8.0
1.0,0.0,2.0,0.0,2.0,2.0,2.0,2.0,13.554344,236.905,8.0,Bandarabbas,False,8.0
1.0,0.0,2.0,0.0,2.0,1.0,1.0,0.0,13.58161,237.798,8.0,Bandarabbas,False,8.0
1.0,2.0,1.0,0.0,1.0,3.0,1.0,1.0,13.542488,233.581,-2.0,Bandarabbas,False,22.0
0.0,2.0,3.0,1.0,0.0,1.0,0.0,1.0,13.592374,237.649,-2.0,Bandarabbas,False,22.0
0.0,2.0,3.0,1.0,3.0,1.0,1.0,0.0,13.533893,237.45,-2.0,Bandarabbas,False,22.0
1.0,1.0,2.0,0.0,2.0,4.0,0.0,2.0,13.691112,239.286,8.0,Bandarabbas,False,8.0
1.0,0.0,4.0,0.0,2.0,0.0,0.0,1.0,13.685722,224.95,8.0,Bandarabbas,False,8.0
1.0,1.0,3.0,0.0,3.0,1.0,1.0,2.0,13.548457,236.905,8.0,Bandarabbas,False,8.0
1.0,1.0,4.0,0.0,1.0,2.0,2.0,1.0,13.575905,237.252,8.0,Bandarabbas,False,8.0
1.0,3.0,1.0,1.0,3.0,3.0,0.0,2.0,13.745081,239.633,-2.0,Bandarabbas,True,22.0
0.0,1.0,4.0,0.0,1.0,1.0,0.0,0.0,13.623963,225.942,0.0,Bandarabbas,False,0.0
0.0,3.0,3.0,1.0,0.0,2.0,1.0,2.0,13.535889,236.062,-2.0,Bandarabbas,False,22.0
0.0,0.0,3.0,1.0,1.0,3.0,1.0,0.0,13.578948,237.45,8.0,Bandarabbas,False,8.0
1.0,3.0,1.0,1.0,2.0,2.0,2.0,2.0,13.519672,235.417,-2.0,Bandarabbas,False,22.0
0.0,3.0,0.0,0.0,0.0,1.0,2.0,1.0,13.581234,236.607,8.0,Bandarabbas,False,8.0
0.0,2.0,1.0,0.0,1.0,4.0,0.0,1.0,13.675003,239.782,-2.0,Bandarabbas,False,22.0
0.0,1.0,1.0,0.0,2.0,1.0,1.0,2.0,13.545961,221.429,-2.0,Bandarabbas,False,22.0
1.0,2.0,1.0,0.0,1.0,4.0,0.0,0.0,13.625819,235.962,-2.0,Bandarabbas,False,22.0
1.0,1.0,0.0,1.0,1.0,3.0,1.0,1.0,13.545316,237.302,8.0,Bandarabbas,False,8.0
1.0,2.0,3.0,0.0,2.0,1.0,1.0,2.0,13.54421,220.982,-2.0,Bandarabbas,False,22.0
0.0,1.0,1.0,1.0,2.0,0.0,2.0,2.0,13.552757,236.062,8.0,Bandarabbas,False,8.0
0.0,0.0,2.0,0.0,2.0,3.0,1.0,1.0,13.577887,237.302,8.0,Bandarabbas,False,8.0
0.0,0.0,2.0,1.0,2.0,3.0,1.0,2.0,13.553341,237.054,8.0,Bandarabbas,False,8.0
0.0,3.0,4.0,0.0,1.0,1.0,2.0,1.0,13.572123,237.401,8.0,Bandarabbas,False,8.0
0.0,3.0,4.0,1.0,2.0,1.0,1.0,2.0,13.535374,235.119,-2.0,Bandarabbas,False,22.0
0.0,3.0,2.0,0.0,3.0,2.0,1.0,2.0,13.519186,235.119,-2.0,Bandarabbas,False,22.0
1.0,3.0,2.0,0.0,0.0,1.0,1.0,2.0,13.541878,235.863,-2.0,Bandarabbas,False,22.0
1.0,1.0,2.0,0.0,3.0,3.0,1.0,0.0,13.537975,236.806,-1.0,Bandarabbas,False,23.0
0.0,1.0,3.0,0.0,1.0,4.0,2.0,1.0,13.572123,237.401,8.0,Bandarabbas,False,8.0
0.0,1.0,3.0,0.0,1.0,1.0,1.0,1.0,13.540316,237.401,8.0,Bandarabbas,False,8.0
1.0,1.0,2.0,0.0,2.0,1.0,0.0,1.0,13.687949,239.435,8.0,Bandarabbas,False,8.0
0.0,0.0,0.0,0.0,1.0,2.0,0.0,0.0,13.599292,224.008,8.0,Bandarabbas,False,8.0
1.0,2.0,1.0,1.0,2.0,3.0,2.0,2.0,13.549577,220.536,-2.0,Bandarabbas,False,22.0
1.0,1.0,2.0,1.0,2.0,2.0,1.0,1.0,13.545316,237.302,8.0,Bandarabbas,False,8.0
1.0,2.0,4.0,0.0,0.0,1.0,1.0,1.0,13.572175,237.45,-2.0,Bandarabbas,False,22.0
0.0,2.0,2.0,0.0,1.0,0.0,2.0,0.0,13.570102,237.55,-2.0,Bandarabbas,False,22.0
1.0,3.0,3.0,0.0,3.0,2.0,0.0,0.0,13.742816,241.121,-2.0,Bandarabbas,True,22.0
0.0,2.0,1.0,0.0,3.0,0.0,1.0,2.0,13.545961,221.429,-2.0,Bandarabbas,False,22.0
0.0,1.0,3.0,1.0,0.0,2.0,2.0,1.0,13.568858,237.748,8.0,Bandarabbas,False,8.0
1.0,1.0,0.0,0.0,1.0,3.0,1.0,0.0,13.576305,237.45,-1.0,Bandarabbas,False,23.0
0.0,2.0,1.0,1.0,0.0,3.0,1.0,0.0,13.567736,237.748,-1.0,Bandarabbas,False,23.0
0.0,0.0,4.0,1.0,2.0,4.0,1.0,1.0,13.547312,237.153,8.0,Bandarabbas,False,8.0
1.0,2.0,2.0,0.0,3.0,1.0,1.0,2.0,13.522514,235.764,-2.0,Bandarabbas,False,22.0
0.0,0.0,4.0,1.0,1.0,3.0,1.0,2.0,13.584075,236.954,8.0,Bandarabbas,False,8.0
1.0,1.0,2.0,0.0,1.0,4.0,2.0,1.0,13.575905,237.252,8.0,Bandarabbas,False,8.0
1.0,1.0,3.0,1.0,2.0,2.0,0.0,1.0,13.63842,237.996,8.0,Bandarabbas,False,8.0
1.0,1.0,4.0,1.0,1.0,1.0,1.0,1.0,13.545316,237.302,8.0,Bandarabbas,False,8.0
1.0,2.0,0.0,1.0,2.0,1.0,0.0,0.0,13.691747,237.649,-2.0,Bandarabbas,False,22.0
1.0,2.0,3.0,0.0,1.0,0.0,0.0,1.0,13.624736,238.145,-2.0,Bandarabbas,False,22.0
1.0,2.0,4.0,0.0,2.0,2.0,1.0,1.0,13.541982,220.437,-2.0,Bandarabbas,False,22.0
0.0,2.0,3.0,1.0,0.0,1.0,1.0,1.0,13.537706,237.649,-2.0,Bandarabbas,False,22.0
0.0,0.0,4.0,0.0,3.0,2.0,2.0,1.0,13.581234,236.607,8.0,Bandarabbas,False,8.0
1.0,1.0,3.0,1.0,1.0,2.0,2.0,0.0,13.579556,237.252,-1.0,Bandarabbas,False,23.0
1.0,3.0,2.0,1.0,1.0,2.0,2.0,1.0,13.574261,237.252,8.0,Bandarabbas,False,8.0
0.0,3.0,3.0,0.0,1.0,3.0,1.0,1.0,13.540316,237.401,8.0,Bandarabbas,False,8.0
1.0,2.0,4.0,0.0,2.0,2.0,2.0,0.0,13.576129,237.351,-2.0,Bandarabbas,False,22.0
0.0,2.0,1.0,1.0,3.0,2.0,0.0,1.0,13.724805,241.022,-2.0,Bandarabbas,False,22.0
1.0,2.0,1.0,1.0,2.0,1.0,1.0,1.0,13.544357,220.933,-2.0,Bandarabbas,False,22.0
0.0,0.0,2.0,1.0,1.0,1.0,0.0,1.0,13.632703,223.065,8.0,Bandarabbas,False,8.0
0.0,1.0,1.0,0.0,1.0,0.0,0.0,1.0,13.637036,238.194,8.0,Bandarabbas,False,8.0
1.0,2.0,0.0,1.0,3.0,4.0,1.0,1.0,13.515252,235.565,-2.0,Bandarabbas,False,22.0
0.0,1.0,1.0,0.0,3.0,4.0,2.0,0.0,13.577788,237.401,0.0,Bandarabbas,False,0.0
1.0,2.0,0.0,1.0,0.0,3.0,1.0,1.0,13.580721,237.202,8.0,Bandarabbas,False,8.0
1.0,3.0,2.0,1.0,3.0,2.0,1.0,1.0,13.515252,235.565,-2.0,Bandarabbas,False,22.0
0.0,1.0,3.0,0.0,2.0,2.0,0.0,1.0,13.675003,239.782,-2.0,Bandarabbas,False,22.0
1.0,2.0,1.0,0.0,3.0,3.0,1.0,2.0,13.522514,235.764,-2.0,Bandarabbas,False,22.0
1.0,1.0,2.0,0.0,2.0,1.0,2.0,1.0,13.549179,236.706,8.0,Bandarabbas,False,8.0
0.0,3.0,0.0,0.0,1.0,1.0,2.0,1.0,13.572123,237.401,8.0,Bandarabbas,False,8.0
1.0,0.0,2.0,1.0,2.0,2.0,0.0,1.0,13.602602,222.917,8.0,Bandarabbas,False,8.0
0.0,0.0,4.0,1.0,1.0,3.0,2.0,0.0,13.580338,237.351,8.0,Bandarabbas,False,8.0
1.0,2.0,3.0,0.0,0.0,4.0,1.0,2.0,13.57569,237.351,-2.0,Bandarabbas,False,22.0
0.0,3.0,3.0,0.0,0.0,1.0,1.0,2.0,13.581071,237.054,8.0,Bandarabbas,False,8.0
1.0,2.0,2.0,1.0,1.0,2.0,1.0,1.0,13.545316,237.302,8.0,Bandarabbas,False,8.0
1.0,0.0,1.0,0.0,2.0,1.0,0.0,1.0,13.685722,224.95,8.0,Bandarabbas,False,8.0
0.0,0.0,1.0,0.0,2.0,1.0,0.0,1.0,13.59769,223.313,8.0,Bandarabbas,False,8.0
1.0,1.0,2.0,1.0,1.0,2.0,2.0,1.0,13.574261,237.252,8.0,Bandarabbas,False,8.0
0.0,1.0,4.0,0.0,2.0,1.0,1.0,1.0,13.535437,221.875,-2.0,Bandarabbas,False,22.0
0.0,2.0,1.0,0.0,2.0,1.0,1.0,0.0,13.573945,237.748,-2.0,Bandarabbas,False,22.0
0.0,3.0,4.0,0.0,1.0,2.0,1.0,1.0,13.540316,237.401,8.0,Bandarabbas,False,8.0
0.0,3.0,3.0,1.0,2.0,4.0,1.0,2.0,13.535374,235.119,-2.0,Bandarabbas,False,22.0
1.0,2.0,2.0,0.0,2.0,1.0,2.0,1.0,13.547972,220.784,-2.0,Bandarabbas,False,22.0
0.0,3.0,4.0,1.0,0.0,2.0,0.0,1.0,13.554956,236.905,-2.0,Bandarabbas,False,22.0
1.0,2.0,3.0,0.0,0.0,3.0,1.0,0.0,13.572919,237.45,-1.0,Bandarabbas,False,23.0
0.0,1.0,4.0,0.0,2.0,3.0,1.0,1.0,13.535437,221.875,-2.0,Bandarabbas,False,22.0
0.0,2.0,3.0,1.0,2.0,3.0,1.0,2.0,13.548091,221.131,-2.0,Bandarabbas,False,22.0
0.0,1.0,1.0,0.0,2.0,2.0,2.0,1.0,13.542312,221.478,-2.0,Bandarabbas,False,22.0
1.0,2.0,2.0,1.0,1.0,1.0,1.0,0.0,13.577909,237.351,-1.0,Bandarabbas,False,23.0
0.0,1.0,0.0,0.0,2.0,2.0,1.0,1.0,13.535437,221.875,-2.0,Bandarabbas,False,22.0
0.0,1.0,1.0,1.0,1.0,1.0,1.0,1.0,13.542186,237.45,8.0,Bandarabbas,False,8.0
0.0,1.0,4.0,0.0,1.0,2.0,1.0,0.0,13.572859,237.55,0.0,Bandarabbas,False,0.0
1.0,1.0,4.0,0.0,2.0,4.0,1.0,1.0,13.542813,237.351,-1.0,Bandarabbas,False,23.0
1.0,2.0,1.0,0.0,0.0,1.0,2.0,2.0,13.579055,236.806,-2.0,Bandarabbas,False,22.0
1.0,1.0,2.0,1.0,0.0,3.0,2.0,2.0,13.58124,236.954,8.0,Bandarabbas,False,8.0
1.0,1.0,2.0,0.0,2.0,2.0,1.0,1.0,13.542813,237.351,-1.0,Bandarabbas,False,23.0
0.0,2.0,1.0,1.0,2.0,3.0,1.0,1.0,13.537841,221.478,-2.0,Bandarabbas,False,22.0
1.0,1.0,3.0,1.0,1.0,1.0,1.0,0.0,13.577909,237.351,-1.0,Bandarabbas,False,23.0
1.0,1.0,1.0,1.0,1.0,1.0,1.0,0.0,13.577909,237.351,-1.0,Bandarabbas,False,23.0
1.0,1.0,1.0,0.0,3.0,2.0,1.0,1.0,13.545404,236.954,-2.0,Bandarabbas,False,22.0
1.0,2.0,4.0,1.0,3.0,2.0,1.0,2.0,13.518052,235.417,-2.0,Bandarabbas,False,22.0
1.0,2.0,1.0,0.0,2.0,2.0,0.0,1.0,13.681856,239.484,-2.0,Bandarabbas,False,22.0
0.0,1.0,2.0,1.0,2.0,4.0,2.0,0.0,13.583664,237.599,-1.0,Bandarabbas,False,23.0
0.0,1.0,4.0,0.0,0.0,2.0,0.0,1.0,13.59769,223.313,8.0,Bandarabbas,False,8.0
0.0,2.0,1.0,1.0,0.0,0.0,1.0,1.0,13.537706,237.649,-2.0,Bandarabbas,False,22.0
0.0,0.0,2.0,1.0,1.0,1.0,0.0,2.0,13.638622,223.76,8.0,Bandarabbas,False,8.0
1.0,2.0,3.0,1.0,1.0,4.0,0.0,0.0,13.634763,225.794,-1.0,Bandarabbas,False,23.0
1.0,1.0,1.0,1.0,2.0,2.0,2.0,0.0,13.579556,237.252,-1.0,Bandarabbas,False,23.0
1.0,2.0,3.0,1.0,0.0,3.0,2.0,2.0,13.58124,236.954,8.0,Bandarabbas,False,8.0
0.0,1.0,3.0,1.0,0.0,1.0,2.0,2.0,13.574677,236.954,8.0,Bandarabbas,False,8.0
0.0,1.0,1.0,0.0,1.0,2.0,2.0,1.0,13.572123,237.401,8.0,Bandarabbas,False,8.0
0.0,0.0,3.0,0.0,2.0,4.0,1.0,0.0,13.575999,235.218,8.0,Bandarabbas,False,8.0
0.0,0.0,3.0,0.0,1.0,1.0,1.0,2.0,13.581071,237.054,8.0,Bandarabbas,False,8.0
0.0,2.0,3.0,0.0,1.0,3.0,2.0,1.0,13.542312,221.478,-2.0,Bandarabbas,False,22.0
1.0,3.0,3.0,0.0,0.0,2.0,1.0,0.0,13.58107,238.145,-2.0,Bandarabbas,False,22.0
1.0,2.0,3.0,0.0,0.0,0.0,2.0,1.0,13.575725,237.351,-2.0,Bandarabbas,False,22.0
1.0,1.0,1.0,0.0,1.0,1.0,2.0,2.0,13.578617,237.004,8.0,Bandarabbas,False,8.0
1.0,2.0,2.0,1.0,0.0,1.0,1.0,2.0,13.579979,237.004,8.0,Bandarabbas,False,8.0
1.0,1.0,4.0,1.0,1.0,0.0,1.0,1.0,13.545316,237.302,8.0,Bandarabbas,False,8.0
0.0,1.0,1.0,0.0,1.0,1.0,0.0,0.0,13.623963,225.942,0.0,Bandarabbas,False,0.0
0.0,2.0,4.0,1.0,2.0,1.0,1.0,1.0,13.537841,221.478,-2.0,Bandarabbas,False,22.0
0.0,3.0,0.0,1.0,2.0,0.0,1.0,1.0,13.525825,236.458,-2.0,Bandarabbas,False,22.0
0.0,1.0,3.0,0.0,2.0,3.0,1.0,1.0,13.535437,221.875,-2.0,Bandarabbas,False,22.0
1.0,1.0,1.0,0.0,1.0,3.0,1.0,1.0,13.543879,237.401,8.0,Bandarabbas,False,8.0
0.0,0.0,2.0,1.0,2.0,2.0,0.0,1.0,13.692777,224.256,8.0,Bandarabbas,False,8.0
1.0,1.0,2.0,0.0,1.0,3.0,1.0,1.0,13.543879,237.401,8.0,Bandarabbas,False,8.0
1.0,1.0,1.0,1.0,2.0,3.0,0.0,1.0,13.63842,237.996,8.0,Bandarabbas,False,8.0
1.0,3.0,2.0,1.0,0.0,4.0,2.0,2.0,13.58124,236.954,8.0,Bandarabbas,False,8.0
1.0,2.0,2.0,1.0,3.0,1.0,1.0,1.0,13.515252,235.565,-2.0,Bandarabbas,False,22.0
1.0,0.0,2.0,1.0,1.0,2.0,0.0,2.0,13.604763,222.867,8.0,Bandarabbas,False,8.0
0.0,3.0,2.0,0.0,2.0,2.0,2.0,1.0,11.781058,167.857,-16.0,Bushhr,False,8.0
0.0,1.0,2.0,1.0,1.0,3.0,2.0,2.0,11.797359,168.8,-16.0,Bushhr,False,8.0
0.0,3.0,1.0,0.0,3.0,2.0,1.0,1.0,11.753248,168.403,0.0,Bushhr,False,0.0
0.0,1.0,2.0,1.0,1.0,4.0,2.0,0.0,11.812959,169.345,-16.0,Bushhr,False,8.0
0.0,2.0,1.0,0.0,2.0,3.0,0.0,1.0,11.971548,172.073,-16.0,Bushhr,False,8.0
0.0,3.0,3.0,0.0,2.0,4.0,2.0,1.0,11.781058,167.857,-16.0,Bushhr,False,8.0
0.0,2.0,2.0,0.0,1.0,1.0,2.0,2.0,11.790341,167.708,-16.0,Bushhr,False,8.0
1.0,3.0,4.0,0.0,0.0,3.0,1.0,1.0,11.796766,168.8,0.0,Bushhr,False,0.0
0.0,1.0,3.0,1.0,2.0,1.0,0.0,0.0,11.978839,172.173,-16.0,Bushhr,False,8.0
0.0,2.0,2.0,1.0,1.0,2.0,0.0,0.0,11.902943,170.883,0.0,Bushhr,False,0.0
1.0,2.0,2.0,0.0,2.0,3.0,2.0,1.0,11.789777,168.353,0.0,Bushhr,False,0.0
0.0,0.0,1.0,1.0,2.0,1.0,1.0,0.0,11.816919,168.849,-16.0,Bushhr,False,8.0
1.0,0.0,2.0,0.0,3.0,3.0,1.0,1.0,11.778113,168.651,-16.0,Bushhr,False,8.0
1.0,0.0,2.0,1.0,2.0,3.0,1.0,1.0,11.819926,169.246,-16.0,Bushhr,False,8.0
0.0,2.0,1.0,0.0,1.0,2.0,0.0,2.0,11.980572,171.677,-16.0,Bushhr,False,8.0
1.0,0.0,3.0,0.0,0.0,2.0,1.0,2.0,11.820768,169.246,-16.0,Bushhr,False,8.0
0.0,2.0,3.0,0.0,0.0,1.0,0.0,1.0,11.852982,169.742,-16.0,Bushhr,False,8.0
0.0,3.0,2.0,1.0,0.0,4.0,0.0,1.0,11.822487,169.395,0.0,Bushhr,False,0.0
1.0,2.0,1.0,1.0,3.0,1.0,0.0,2.0,12.015081,172.47,-1.0,Bushhr,False,23.0
1.0,3.0,1.0,0.0,2.0,4.0,2.0,1.0,11.788497,167.262,0.0,Bushhr,False,0.0
0.0,1.0,3.0,1.0,1.0,4.0,1.0,1.0,11.788589,169.147,-16.0,Bushhr,False,8.0
0.0,0.0,0.0,1.0,2.0,1.0,1.0,1.0,11.790245,166.617,-16.0,Bushhr,False,8.0
1.0,2.0,2.0,0.0,2.0,2.0,1.0,2.0,11.787011,168.8,-8.0,Bushhr,False,16.0
0.0,2.0,1.0,0.0,1.0,1.0,0.0,2.0,11.980572,171.677,-16.0,Bushhr,False,8.0
0.0,2.0,3.0,0.0,1.0,4.0,0.0,2.0,11.980572,171.677,-16.0,Bushhr,False,8.0
1.0,0.0,3.0,1.0,3.0,0.0,1.0,1.0,11.775839,168.601,-1.0,Bushhr,False,23.0
1.0,1.0,1.0,0.0,1.0,4.0,0.0,1.0,11.906984,170.585,-16.0,Bushhr,False,8.0
0.0,1.0,4.0,0.0,0.0,1.0,1.0,1.0,11.814665,169.147,-16.0,Bushhr,False,8.0
1.0,2.0,1.0,0.0,3.0,3.0,0.0,2.0,12.039796,173.115,-8.0,Bushhr,True,16.0
1.0,2.0,2.0,1.0,1.0,0.0,1.0,2.0,11.795873,168.899,-16.0,Bushhr,False,8.0
1.0,1.0,3.0,0.0,1.0,3.0,2.0,0.0,11.81871,169.246,-16.0,Bushhr,False,8.0
0.0,2.0,2.0,1.0,3.0,0.0,1.0,0.0,11.778282,168.552,0.0,Bushhr,False,0.0
0.0,3.0,4.0,0.0,1.0,1.0,1.0,1.0,11.786981,169.395,-16.0,Bushhr,False,8.0
1.0,0.0,1.0,0.0,0.0,3.0,0.0,2.0,11.857557,169.643,-16.0,Bushhr,False,8.0
0.0,2.0,2.0,1.0,3.0,3.0,1.0,0.0,11.778282,168.552,0.0,Bushhr,False,0.0
0.0,3.0,2.0,1.0,2.0,4.0,1.0,0.0,11.779913,168.7,1.0,Bushhr,False,1.0
1.0,3.0,2.0,0.0,2.0,0.0,1.0,2.0,11.787302,167.312,-1.0,Bushhr,False,23.0
0.0,2.0,1.0,1.0,1.0,2.0,1.0,1.0,11.783172,169.147,-16.0,Bushhr,False,8.0
0.0,0.0,3.0,1.0,1.0,1.0,0.0,2.0,11.916211,170.833,-16.0,Bushhr,False,8.0
0.0,2.0,3.0,0.0,1.0,1.0,1.0,2.0,11.784922,167.808,-16.0,Bushhr,False,8.0
1.0,2.0,3.0,0.0,2.0,3.0,1.0,1.0,11.784205,168.552,0.0,Bushhr,False,0.0
0.0,0.0,1.0,0.0,3.0,1.0,2.0,2.0,11.824037,169.345,-16.0,Bushhr,False,8.0
0.0,0.0,1.0,0.0,1.0,3.0,1.0,0.0,11.815722,169.444,-16.0,Bushhr,False,8.0
0.0,1.0,1.0,1.0,1.0,2.0,1.0,1.0,11.788589,169.147,-16.0,Bushhr,False,8.0
1.0,1.0,2.0,1.0,3.0,3.0,0.0,2.0,12.015081,172.47,-1.0,Bushhr,False,23.0
0.0,2.0,2.0,1.0,3.0,1.0,2.0,2.0,11.778201,168.7,-16.0,Bushhr,False,8.0
0.0,0.0,1.0,0.0,3.0,3.0,0.0,1.0,11.852982,169.742,-16.0,Bushhr,False,8.0
1.0,0.0,4.0,1.0,3.0,2.0,0.0,0.0,12.03944,170.337,0.0,Bushhr,False,0.0
1.0,0.0,2.0,1.0,0.0,0.0,1.0,1.0,11.819926,169.246,-16.0,Bushhr,False,8.0
1.0,2.0,2.0,0.0,3.0,0.0,0.0,1.0,12.037321,173.165,-8.0,Bushhr,True,16.0
0.0,2.0,2.0,0.0,1.0,1.0,2.0,0.0,11.785908,166.964,0.0,Bushhr,False,0.0
1.0,1.0,2.0,0.0,2.0,2.0,2.0,1.0,11.792761,168.8,-16.0,Bushhr,False,8.0
1.0,1.0,2.0,0.0,2.0,3.0,1.0,2.0,11.789904,168.75,-16.0,Bushhr,False,8.0
0.0,1.0,1.0,1.0,1.0,1.0,0.0,1.0,11.910479,170.536,-16.0,Bushhr,False,8.0
1.0,2.0,0.0,0.0,1.0,3.0,1.0,1.0,11.790503,168.75,0.0,Bushhr,False,0.0
1.0,1.0,2.0,1.0,1.0,2.0,0.0,0.0,11.912521,170.982,-16.0,Bushhr,False,8.0
1.0,3.0,1.0,1.0,2.0,3.0,1.0,1.0,11.775839,168.601,-1.0,Bushhr,False,23.0
0.0,3.0,4.0,0.0,2.0,0.0,2.0,0.0,11.785908,166.964,0.0,Bushhr,False,0.0
1.0,0.0,4.0,1.0,1.0,3.0,1.0,0.0,11.81866,168.849,-16.0,Bushhr,False,8.0
1.0,3.0,1.0,0.0,2.0,2.0,2.0,1.0,11.788497,167.262,0.0,Bushhr,False,0.0
0.0,0.0,4.0,0.0,0.0,1.0,1.0,2.0,11.821428,169.246,-16.0,Bushhr,False,8.0
1.0,0.0,1.0,1.0,1.0,3.0,0.0,2.0,11.918157,170.635,-16.0,Bushhr,False,8.0
1.0,1.0,3.0,1.0,1.0,0.0,1.0,1.0,11.793487,169.246,-16.0,Bushhr,False,8.0
1.0,2.0,3.0,1.0,0.0,2.0,1.0,1.0,11.819926,169.246,-16.0,Bushhr,False,8.0
1.0,2.0,0.0,0.0,2.0,3.0,1.0,1.0,11.784205,168.552,0.0,Bushhr,False,0.0
1.0,2.0,2.0,0.0,3.0,3.0,1.0,0.0,11.781912,168.849,0.0,Bushhr,False,0.0
0.0,1.0,4.0,1.0,1.0,0.0,1.0,1.0,11.788589,169.147,-16.0,Bushhr,False,8.0
0.0,1.0,1.0,0.0,3.0,4.0,2.0,1.0,11.791153,168.8,-16.0,Bushhr,False,8.0
0.0,3.0,3.0,0.0,0.0,2.0,0.0,1.0,11.852982,169.742,-16.0,Bushhr,False,8.0
0.0,0.0,2.0,0.0,2.0,0.0,0.0,1.0,11.852982,169.742,-16.0,Bushhr,False,8.0
0.0,1.0,0.0,1.0,2.0,4.0,1.0,1.0,11.785498,168.849,-16.0,Bushhr,False,8.0
0.0,1.0,4.0,1.0,2.0,1.0,0.0,1.0,11.981759,172.024,-16.0,Bushhr,False,8.0
0.0,1.0,3.0,1.0,0.0,2.0,1.0,1.0,11.790816,169.296,-16.0,Bushhr,False,8.0
1.0,1.0,4.0,1.0,1.0,1.0,2.0,1.0,11.794827,169.048,-16.0,Bushhr,False,8.0
1.0,3.0,1.0,0.0,2.0,2.0,0.0,1.0,11.959709,171.379,0.0,Bushhr,False,0.0
0.0,1.0,2.0,1.0,1.0,3.0,2.0,1.0,11.79001,168.8,-16.0,Bushhr,False,8.0
0.0,0.0,4.0,0.0,3.0,0.0,1.0,0.0,11.815722,169.444,-16.0,Bushhr,False,8.0
0.0,1.0,3.0,1.0,1.0,2.0,2.0,0.0,11.812959,169.345,-16.0,Bushhr,False,8.0
1.0,3.0,2.0,1.0,0.0,1.0,0.0,2.0,12.015081,172.47,-1.0,Bushhr,False,23.0
1.0,2.0,0.0,0.0,0.0,2.0,1.0,1.0,11.793536,168.849,0.0,Bushhr,False,0.0
1.0,2.0,3.0,0.0,1.0,2.0,0.0,0.0,11.903366,170.585,0.0,Bushhr,False,0.0
1.0,1.0,2.0,1.0,0.0,0.0,2.0,0.0,11.820067,168.7,-16.0,Bushhr,False,8.0
1.0,1.0,4.0,1.0,2.0,4.0,2.0,1.0,11.794827,169.048,-16.0,Bushhr,False,8.0
0.0,1.0,0.0,1.0,2.0,4.0,2.0,0.0,11.813949,168.998,-16.0,Bushhr,False,8.0
0.0,1.0,2.0,0.0,1.0,2.0,2.0,2.0,11.798563,168.601,-16.0,Bushhr,False,8.0
1.0,3.0,2.0,1.0,0.0,0.0,2.0,0.0,11.794071,168.353,0.0,Bushhr,False,0.0
1.0,1.0,3.0,1.0,2.0,1.0,0.0,0.0,11.912521,170.982,-16.0,Bushhr,False,8.0
1.0,2.0,2.0,1.0,3.0,2.0,1.0,0.0,11.792783,168.254,0.0,Bushhr,False,0.0
1.0,1.0,2.0,0.0,2.0,4.0,1.0,1.0,11.787526,168.75,-16.0,Bushhr,False,8.0
0.0,0.0,2.0,0.0,1.0,1.0,2.0,1.0,11.818985,169.246,-16.0,Bushhr,False,8.0
1.0,1.0,1.0,1.0,0.0,1.0,1.0,1.0,11.793487,169.246,-16.0,Bushhr,False,8.0
0.0,2.0,1.0,1.0,1.0,1.0,0.0,0.0,11.902943,170.883,0.0,Bushhr,False,0.0
0.0,1.0,2.0,0.0,2.0,3.0,1.0,2.0,11.784922,167.808,-16.0,Bushhr,False,8.0
0.0,1.0,2.0,1.0,2.0,2.0,2.0,2.0,11.794372,168.7,-16.0,Bushhr,False,8.0
1.0,0.0,3.0,0.0,2.0,3.0,2.0,2.0,11.796952,166.567,-16.0,Bushhr,False,8.0
1.0,1.0,2.0,0.0,2.0,1.0,0.0,1.0,11.977195,171.875,-16.0,Bushhr,False,8.0
0.0,0.0,2.0,1.0,1.0,3.0,1.0,2.0,11.798526,169.048,-16.0,Bushhr,False,8.0
1.0,1.0,3.0,1.0,0.0,2.0,2.0,2.0,11.797198,168.651,-16.0,Bushhr,False,8.0
1.0,2.0,3.0,1.0,0.0,1.0,1.0,0.0,11.819378,169.196,-16.0,Bushhr,False,8.0
0.0,2.0,3.0,1.0,2.0,1.0,1.0,2.0,11.787591,168.552,-16.0,Bushhr,False,8.0
0.0,0.0,1.0,1.0,0.0,3.0,1.0,2.0,11.822387,169.246,-16.0,Bushhr,False,8.0
1.0,1.0,1.0,1.0,1.0,3.0,1.0,2.0,11.795873,168.899,-16.0,Bushhr,False,8.0
0.0,0.0,1.0,1.0,2.0,1.0,1.0,1.0,11.790245,166.617,-16.0,Bushhr,False,8.0
0.0,1.0,0.0,0.0,2.0,1.0,0.0,2.0,11.980572,171.677,-16.0,Bushhr,False,8.0
0.0,1.0,1.0,0.0,0.0,2.0,1.0,1.0,11.814665,169.147,-16.0,Bushhr,False,8.0
0.0,2.0,3.0,1.0,2.0,2.0,0.0,0.0,11.974216,172.371,0.0,Bushhr,False,0.0
1.0,0.0,2.0,1.0,3.0,0.0,1.0,1.0,11.775839,168.601,-1.0,Bushhr,False,23.0
1.0,2.0,2.0,1.0,1.0,3.0,1.0,1.0,11.793487,169.246,-16.0,Bushhr,False,8.0
0.0,1.0,1.0,1.0,1.0,3.0,1.0,0.0,11.811699,169.345,-16.0,Bushhr,False,8.0
0.0,1.0,4.0,1.0,0.0,1.0,1.0,1.0,11.790816,169.296,-16.0,Bushhr,False,8.0
1.0,2.0,3.0,0.0,0.0,3.0,0.0,2.0,11.836627,169.048,-16.0,Bushhr,False,8.0
1.0,1.0,3.0,0.0,1.0,0.0,0.0,2.0,11.909377,170.734,-16.0,Bushhr,False,8.0
0.0,0.0,0.0,0.0,3.0,1.0,2.0,1.0,11.818985,169.246,-16.0,Bushhr,False,8.0
0.0,2.0,1.0,0.0,1.0,2.0,0.0,0.0,11.964337,172.073,0.0,Bushhr,False,0.0
0.0,3.0,2.0,0.0,3.0,4.0,0.0,2.0,12.003028,172.569,-8.0,Bushhr,False,16.0
1.0,0.0,0.0,0.0,1.0,4.0,1.0,1.0,11.817388,169.444,-16.0,Bushhr,False,8.0
0.0,1.0,3.0,0.0,1.0,1.0,1.0,0.0,11.80991,169.345,-16.0,Bushhr,False,8.0
1.0,0.0,0.0,1.0,3.0,4.0,2.0,2.0,11.779699,168.155,-1.0,Bushhr,False,23.0
1.0,2.0,2.0,0.0,1.0,2.0,0.0,2.0,11.913433,170.188,-16.0,Bushhr,False,8.0
1.0,0.0,3.0,0.0,1.0,1.0,0.0,2.0,11.906953,170.585,-16.0,Bushhr,False,8.0
1.0,1.0,1.0,0.0,3.0,1.0,1.0,1.0,11.77764,168.502,-16.0,Bushhr,False,8.0
0.0,3.0,2.0,0.0,2.0,3.0,2.0,1.0,11.781058,167.857,-16.0,Bushhr,False,8.0
0.0,2.0,3.0,0.0,3.0,3.0,1.0,1.0,11.77572,168.105,0.0,Bushhr,False,0.0
0.0,1.0,2.0,0.0,3.0,1.0,1.0,1.0,11.786981,169.395,-16.0,Bushhr,False,8.0
1.0,0.0,1.0,1.0,2.0,3.0,1.0,1.0,11.819926,169.246,-16.0,Bushhr,False,8.0
1.0,2.0,1.0,1.0,2.0,1.0,1.0,2.0,11.789781,168.75,-8.0,Bushhr,False,16.0
0.0,2.0,1.0,1.0,0.0,2.0,0.0,0.0,11.848842,169.742,0.0,Bushhr,False,0.0
0.0,3.0,3.0,1.0,3.0,1.0,2.0,0.0,11.775738,168.75,1.0,Bushhr,False,1.0
1.0,1.0,2.0,0.0,0.0,2.0,2.0,1.0,11.797524,167.063,-16.0,Bushhr,False,8.0
1.0,1.0,2.0,0.0,2.0,1.0,1.0,1.0,11.787526,168.75,-16.0,Bushhr,False,8.0
1.0,2.0,2.0,1.0,2.0,3.0,1.0,0.0,11.816022,166.667,0.0,Bushhr,False,0.0
0.0,3.0,4.0,1.0,1.0,3.0,0.0,1.0,11.87744,170.337,0.0,Bushhr,False,0.0
0.0,2.0,0.0,0.0,0.0,1.0,2.0,1.0,11.818985,169.246,-16.0,Bushhr,False,8.0
0.0,2.0,1.0,1.0,1.0,0.0,1.0,1.0,11.783172,169.147,-16.0,Bushhr,False,8.0
0.0,1.0,2.0,0.0,0.0,2.0,0.0,1.0,11.852982,169.742,-16.0,Bushhr,False,8.0
1.0,2.0,2.0,1.0,2.0,3.0,2.0,2.0,11.791308,168.552,-8.0,Bushhr,False,16.0
1.0,2.0,0.0,1.0,2.0,3.0,2.0,1.0,11.788764,168.75,-8.0,Bushhr,False,16.0
1.0,2.0,4.0,1.0,2.0,2.0,1.0,1.0,11.786938,168.998,0.0,Bushhr,False,0.0
0.0,1.0,3.0,1.0,2.0,0.0,0.0,1.0,11.981759,172.024,-16.0,Bushhr,False,8.0
0.0,2.0,1.0,1.0,1.0,4.0,0.0,2.0,11.892652,170.387,-16.0,Bushhr,False,8.0
1.0,2.0,4.0,0.0,1.0,1.0,2.0,1.0,11.794813,168.998,0.0,Bushhr,False,0.0
0.0,1.0,3.0,1.0,3.0,3.0,1.0,0.0,11.784137,168.948,-16.0,Bushhr,False,8.0
0.0,0.0,1.0,0.0,1.0,1.0,2.0,2.0,11.824037,169.345,-16.0,Bushhr,False,8.0
0.0,2.0,1.0,1.0,2.0,1.0,1.0,2.0,11.787591,168.552,-16.0,Bushhr,False,8.0
1.0,1.0,2.0,0.0,1.0,3.0,1.0,2.0,11.794278,169.147,-16.0,Bushhr,False,8.0
0.0,2.0,1.0,0.0,0.0,2.0,2.0,1.0,11.818985,169.246,-16.0,Bushhr,False,8.0
0.0,1.0,4.0,0.0,1.0,2.0,2.0,1.0,11.791153,168.8,-16.0,Bushhr,False,8.0
1.0,3.0,4.0,0.0,2.0,2.0,1.0,0.0,11.795505,168.403,0.0,Bushhr,False,0.0
1.0,1.0,3.0,1.0,2.0,2.0,2.0,2.0,11.797198,168.651,-16.0,Bushhr,False,8.0
1.0,1.0,1.0,1.0,0.0,2.0,1.0,1.0,11.793487,169.246,-16.0,Bushhr,False,8.0
1.0,2.0,3.0,0.0,0.0,1.0,1.0,0.0,11.815285,169.097,0.0,Bushhr,False,0.0
0.0,2.0,2.0,1.0,0.0,3.0,1.0,1.0,11.785546,169.246,-16.0,Bushhr,False,8.0
1.0,1.0,1.0,0.0,2.0,1.0,1.0,2.0,11.789904,168.75,-16.0,Bushhr,False,8.0
1.0,3.0,2.0,0.0,0.0,1.0,2.0,1.0,11.798792,168.552,0.0,Bushhr,False,0.0
0.0,3.0,3.0,0.0,0.0,3.0,2.0,0.0,11.818508,169.395,-16.0,Bushhr,False,8.0
0.0,1.0,0.0,0.0,2.0,3.0,1.0,2.0,11.784922,167.808,-16.0,Bushhr,False,8.0
0.0,2.0,2.0,1.0,0.0,0.0,1.0,2.0,11.794361,168.899,-16.0,Bushhr,False,8.0
0.0,3.0,0.0,1.0,2.0,1.0,1.0,1.0,11.767295,167.56,0.0,Bushhr,False,0.0
0.0,3.0,2.0,0.0,0.0,2.0,1.0,1.0,11.814665,169.147,-16.0,Bushhr,False,8.0
1.0,2.0,1.0,0.0,2.0,3.0,1.0,1.0,11.784205,168.552,0.0,Bushhr,False,0.0
1.0,1.0,3.0,0.0,2.0,1.0,0.0,1.0,11.977195,171.875,-16.0,Bushhr,False,8.0
0.0,3.0,2.0,1.0,1.0,4.0,0.0,0.0,11.901719,170.734,1.0,Bushhr,False,1.0
0.0,3.0,1.0,1.0,1.0,0.0,1.0,1.0,11.775999,169.147,0.0,Bushhr,False,0.0
0.0,2.0,0.0,0.0,2.0,3.0,0.0,1.0,11.971548,172.073,-16.0,Bushhr,False,8.0
1.0,2.0,1.0,0.0,2.0,2.0,0.0,1.0,11.981082,171.726,-8.0,Bushhr,False,16.0
0.0,2.0,0.0,1.0,0.0,0.0,2.0,2.0,11.795252,168.651,-16.0,Bushhr,False,8.0
1.0,0.0,2.0,0.0,2.0,4.0,1.0,2.0,11.791823,166.667,-16.0,Bushhr,False,8.0
1.0,2.0,4.0,0.0,2.0,2.0,1.0,2.0,11.787011,168.8,-8.0,Bushhr,False,16.0
0.0,2.0,1.0,0.0,1.0,3.0,1.0,1.0,11.77572,168.105,0.0,Bushhr,False,0.0
1.0,1.0,4.0,1.0,1.0,1.0,1.0,2.0,11.795873,168.899,-16.0,Bushhr,False,8.0
1.0,1.0,3.0,1.0,3.0,3.0,1.0,0.0,11.792783,168.254,0.0,Bushhr,False,0.0
1.0,1.0,1.0,1.0,2.0,4.0,2.0,2.0,11.797198,168.651,-16.0,Bushhr,False,8.0
1.0,2.0,1.0,1.0,1.0,2.0,2.0,1.0,11.794827,169.048,-16.0,Bushhr,False,8.0
1.0,0.0,3.0,0.0,0.0,0.0,0.0,1.0,11.855693,169.692,-16.0,Bushhr,False,8.0
1.0,1.0,3.0,0.0,3.0,2.0,1.0,0.0,11.783787,169.048,-16.0,Bushhr,False,8.0
1.0,2.0,3.0,1.0,1.0,2.0,0.0,0.0,11.912521,170.982,-16.0,Bushhr,False,8.0
1.0,3.0,2.0,1.0,2.0,3.0,2.0,1.0,11.777199,168.403,-1.0,Bushhr,False,23.0
0.0,0.0,3.0,0.0,0.0,2.0,1.0,0.0,11.815722,169.444,-16.0,Bushhr,False,8.0
1.0,1.0,4.0,1.0,1.0,1.0,0.0,1.0,11.915745,170.685,-16.0,Bushhr,False,8.0
0.0,2.0,1.0,0.0,1.0,1.0,2.0,2.0,11.790341,167.708,-16.0,Bushhr,False,8.0
1.0,2.0,3.0,0.0,1.0,2.0,1.0,1.0,11.790503,168.75,0.0,Bushhr,False,0.0
0.0,2.0,2.0,0.0,2.0,0.0,1.0,1.0,11.77572,168.105,0.0,Bushhr,False,0.0
1.0,2.0,2.0,0.0,1.0,0.0,1.0,0.0,11.816001,168.849,0.0,Bushhr,False,0.0
1.0,3.0,3.0,1.0,1.0,1.0,1.0,2.0,11.777935,168.452,-1.0,Bushhr,False,23.0
0.0,1.0,2.0,0.0,3.0,3.0,0.0,1.0,11.901779,170.635,-16.0,Bushhr,False,8.0
1.0,0.0,1.0,1.0,3.0,4.0,1.0,1.0,11.775839,168.601,-1.0,Bushhr,False,23.0
1.0,1.0,3.0,1.0,1.0,4.0,2.0,1.0,11.794827,169.048,-16.0,Bushhr,False,8.0
0.0,3.0,4.0,1.0,0.0,2.0,2.0,1.0,11.779235,168.899,0.0,Bushhr,False,0.0
1.0,2.0,0.0,1.0,0.0,2.0,2.0,1.0,11.820851,169.246,-16.0,Bushhr,False,8.0
1.0,1.0,2.0,1.0,0.0,2.0,2.0,0.0,11.820067,168.7,-16.0,Bushhr,False,8.0
1.0,0.0,0.0,1.0,2.0,0.0,0.0,0.0,11.860318,169.94,-16.0,Bushhr,False,8.0
1.0,2.0,4.0,1.0,1.0,1.0,1.0,1.0,11.793487,169.246,-16.0,Bushhr,False,8.0
1.0,1.0,2.0,0.0,2.0,1.0,2.0,0.0,11.795812,168.75,-16.0,Bushhr,False,8.0
1.0,3.0,1.0,1.0,2.0,4.0,1.0,1.0,11.775839,168.601,-1.0,Bushhr,False,23.0
0.0,1.0,1.0,0.0,2.0,2.0,2.0,0.0,11.785908,166.964,0.0,Bushhr,False,0.0
1.0,2.0,0.0,1.0,1.0,3.0,2.0,2.0,11.797198,168.651,-16.0,Bushhr,False,8.0
0.0,0.0,1.0,0.0,2.0,1.0,1.0,1.0,11.814665,169.147,-16.0,Bushhr,False,8.0
1.0,1.0,2.0,1.0,2.0,0.0,1.0,1.0,11.793487,169.246,-16.0,Bushhr,False,8.0
1.0,2.0,3.0,0.0,1.0,1.0,1.0,1.0,11.790503,168.75,0.0,Bushhr,False,0.0
1.0,2.0,1.0,1.0,2.0,3.0,1.0,1.0,11.786938,168.998,0.0,Bushhr,False,0.0
1.0,1.0,2.0,0.0,3.0,2.0,1.0,1.0,11.77764,168.502,-16.0,Bushhr,False,8.0
0.0,2.0,0.0,0.0,3.0,2.0,1.0,1.0,11.77572,168.105,0.0,Bushhr,False,0.0
1.0,3.0,3.0,1.0,1.0,1.0,1.0,1.0,11.775839,168.601,-1.0,Bushhr,False,23.0
1.0,3.0,3.0,1.0,1.0,1.0,0.0,0.0,12.03944,170.337,0.0,Bushhr,False,0.0
1.0,1.0,3.0,1.0,3.0,3.0,1.0,2.0,11.777935,168.452,-1.0,Bushhr,False,23.0
0.0,2.0,2.0,1.0,0.0,4.0,0.0,1.0,11.829224,169.444,-16.0,Bushhr,False,8.0
0.0,3.0,1.0,1.0,1.0,3.0,1.0,1.0,11.775999,169.147,0.0,Bushhr,False,0.0
1.0,2.0,2.0,1.0,0.0,3.0,0.0,2.0,11.861381,169.544,-16.0,Bushhr,False,8.0
0.0,0.0,3.0,0.0,1.0,1.0,1.0,1.0,11.814665,169.147,-16.0,Bushhr,False,8.0
1.0,0.0,2.0,0.0,2.0,3.0,1.0,1.0,11.790019,166.667,-16.0,Bushhr,False,8.0
0.0,1.0,3.0,0.0,1.0,3.0,1.0,1.0,11.786981,169.395,-16.0,Bushhr,False,8.0
1.0,2.0,0.0,1.0,0.0,1.0,2.0,2.0,11.822593,169.196,-16.0,Bushhr,False,8.0
1.0,2.0,3.0,0.0,1.0,2.0,2.0,0.0,11.81936,169.097,0.0,Bushhr,False,0.0
1.0,3.0,3.0,0.0,1.0,1.0,1.0,2.0,11.790202,168.7,0.0,Bushhr,False,0.0
0.0,1.0,1.0,1.0,2.0,0.0,1.0,0.0,11.81251,168.8,-16.0,Bushhr,False,8.0
1.0,2.0,3.0,0.0,2.0,1.0,2.0,1.0,11.789777,168.353,0.0,Bushhr,False,0.0
0.0,3.0,2.0,0.0,0.0,1.0,0.0,1.0,11.852982,169.742,-16.0,Bushhr,False,8.0
0.0,2.0,1.0,0.0,1.0,3.0,1.0,0.0,11.804564,167.063,0.0,Bushhr,False,0.0
1.0,2.0,2.0,1.0,1.0,1.0,1.0,2.0,11.795873,168.899,-16.0,Bushhr,False,8.0
1.0,1.0,3.0,1.0,2.0,2.0,1.0,1.0,11.793487,169.246,-16.0,Bushhr,False,8.0
1.0,0.0,1.0,1.0,0.0,2.0,0.0,1.0,11.859648,169.692,-16.0,Bushhr,False,8.0
0.0,2.0,1.0,1.0,1.0,1.0,1.0,1.0,11.783172,169.147,-16.0,Bushhr,False,8.0
0.0,2.0,2.0,1.0,0.0,1.0,0.0,1.0,11.829224,169.444,-16.0,Bushhr,False,8.0
0.0,0.0,2.0,0.0,3.0,1.0,0.0,1.0,11.852982,169.742,-16.0,Bushhr,False,8.0
0.0,1.0,0.0,0.0,3.0,2.0,2.0,1.0,11.791153,168.8,-16.0,Bushhr,False,8.0
0.0,1.0,3.0,0.0,1.0,2.0,0.0,2.0,11.909248,170.337,-16.0,Bushhr,False,8.0
1.0,1.0,1.0,1.0,2.0,2.0,2.0,1.0,11.794827,169.048,-16.0,Bushhr,False,8.0
1.0,3.0,4.0,0.0,0.0,3.0,2.0,2.0,11.800751,168.8,0.0,Bushhr,False,0.0
1.0,3.0,4.0,0.0,0.0,3.0,1.0,2.0,11.797635,168.601,0.0,Bushhr,False,0.0
0.0,3.0,3.0,0.0,3.0,1.0,1.0,1.0,11.753248,168.403,0.0,Bushhr,False,0.0
0.0,1.0,4.0,1.0,2.0,1.0,1.0,0.0,11.81251,168.8,-16.0,Bushhr,False,8.0
1.0,1.0,1.0,0.0,3.0,0.0,1.0,0.0,11.783787,169.048,-16.0,Bushhr,False,8.0
0.0,2.0,3.0,0.0,2.0,2.0,0.0,1.0,11.971548,172.073,-16.0,Bushhr,False,8.0
0.0,3.0,0.0,0.0,1.0,3.0,1.0,1.0,11.786981,169.395,-16.0,Bushhr,False,8.0
0.0,3.0,2.0,0.0,2.0,2.0,0.0,1.0,11.971548,172.073,-16.0,Bushhr,False,8.0
0.0,1.0,3.0,1.0,2.0,2.0,1.0,1.0,11.785498,168.849,-16.0,Bushhr,False,8.0
0.0,2.0,1.0,1.0,3.0,1.0,1.0,0.0,11.778282,168.552,0.0,Bushhr,False,0.0
1.0,1.0,4.0,1.0,2.0,2.0,2.0,1.0,11.794827,169.048,-16.0,Bushhr,False,8.0
1.0,2.0,0.0,0.0,0.0,4.0,0.0,0.0,11.853601,169.494,0.0,Bushhr,False,0.0
0.0,1.0,4.0,1.0,2.0,4.0,1.0,0.0,11.81251,168.8,-16.0,Bushhr,False,8.0
1.0,2.0,1.0,0.0,0.0,1.0,2.0,0.0,11.817903,168.849,0.0,Bushhr,False,0.0
1.0,3.0,4.0,1.0,2.0,3.0,0.0,2.0,12.015081,172.47,-1.0,Bushhr,False,23.0
0.0,0.0,1.0,1.0,2.0,3.0,1.0,1.0,11.790245,166.617,-16.0,Bushhr,False,8.0
0.0,0.0,3.0,0.0,1.0,2.0,1.0,0.0,11.815722,169.444,-16.0,Bushhr,False,8.0
1.0,0.0,1.0,1.0,2.0,4.0,1.0,1.0,11.819926,169.246,-16.0,Bushhr,False,8.0
1.0,2.0,2.0,1.0,1.0,2.0,2.0,1.0,11.794827,169.048,-16.0,Bushhr,False,8.0
0.0,2.0,2.0,0.0,3.0,0.0,1.0,1.0,11.77572,168.105,0.0,Bushhr,False,0.0
0.0,3.0,3.0,0.0,1.0,1.0,0.0,1.0,11.901779,170.635,-16.0,Bushhr,False,8.0
0.0,1.0,1.0,0.0,3.0,1.0,2.0,1.0,11.791153,168.8,-16.0,Bushhr,False,8.0
1.0,1.0,1.0,0.0,2.0,1.0,2.0,1.0,11.792761,168.8,-16.0,Bushhr,False,8.0
1.0,2.0,4.0,0.0,1.0,2.0,1.0,2.0,11.793159,168.998,-16.0,Bushhr,False,8.0
0.0,1.0,4.0,0.0,2.0,4.0,0.0,1.0,11.971548,172.073,-16.0,Bushhr,False,8.0
1.0,0.0,3.0,0.0,1.0,2.0,1.0,0.0,11.817018,169.345,-16.0,Bushhr,False,8.0
0.0,0.0,1.0,1.0,2.0,2.0,0.0,2.0,11.987533,172.173,-16.0,Bushhr,False,8.0
0.0,1.0,2.0,1.0,2.0,1.0,1.0,1.0,11.785498,168.849,-16.0,Bushhr,False,8.0
1.0,3.0,3.0,0.0,1.0,1.0,0.0,1.0,11.887414,169.99,0.0,Bushhr,False,0.0
1.0,1.0,2.0,1.0,3.0,3.0,1.0,1.0,11.775839,168.601,-1.0,Bushhr,False,23.0
1.0,1.0,2.0,1.0,3.0,1.0,1.0,1.0,11.775839,168.601,-1.0,Bushhr,False,23.0
1.0,3.0,4.0,1.0,2.0,2.0,0.0,0.0,12.03944,170.337,0.0,Bushhr,False,0.0
0.0,0.0,4.0,1.0,2.0,0.0,1.0,0.0,11.816919,168.849,-16.0,Bushhr,False,8.0
0.0,2.0,2.0,1.0,1.0,4.0,1.0,2.0,11.792035,168.552,-16.0,Bushhr,False,8.0
0.0,3.0,0.0,0.0,1.0,1.0,0.0,1.0,11.901779,170.635,-16.0,Bushhr,False,8.0
1.0,2.0,3.0,1.0,2.0,0.0,0.0,1.0,11.991127,171.875,-8.0,Bushhr,False,16.0
0.0,2.0,3.0,0.0,2.0,4.0,1.0,1.0,11.77572,168.105,0.0,Bushhr,False,0.0
1.0,2.0,4.0,1.0,2.0,3.0,1.0,0.0,11.816022,166.667,0.0,Bushhr,False,0.0
1.0,1.0,3.0,1.0,1.0,2.0,1.0,0.0,11.81866,168.849,-16.0,Bushhr,False,8.0
1.0,1.0,2.0,1.0,2.0,1.0,0.0,0.0,11.912521,170.982,-16.0,Bushhr,False,8.0
1.0,2.0,1.0,0.0,1.0,1.0,2.0,0.0,11.81936,169.097,0.0,Bushhr,False,0.0
0.0,3.0,2.0,0.0,2.0,2.0,1.0,1.0,11.77572,168.105,0.0,Bushhr,False,0.0
1.0,1.0,2.0,1.0,1.0,1.0,0.0,1.0,11.915745,170.685,-16.0,Bushhr,False,8.0
0.0,1.0,0.0,0.0,0.0,3.0,2.0,2.0,11.824037,169.345,-16.0,Bushhr,False,8.0
1.0,2.0,0.0,1.0,0.0,4.0,1.0,0.0,11.819378,169.196,-16.0,Bushhr,False,8.0
0.0,1.0,2.0,0.0,1.0,3.0,2.0,2.0,11.798563,168.601,-16.0,Bushhr,False,8.0
0.0,1.0,0.0,0.0,0.0,1.0,0.0,1.0,11.852982,169.742,-16.0,Bushhr,False,8.0
1.0,0.0,1.0,0.0,1.0,3.0,2.0,2.0,11.800216,168.75,-16.0,Bushhr,False,8.0
1.0,2.0,0.0,1.0,1.0,3.0,1.0,1.0,11.793487,169.246,-16.0,Bushhr,False,8.0
0.0,2.0,2.0,0.0,2.0,3.0,2.0,2.0,11.790341,167.708,-16.0,Bushhr,False,8.0
0.0,2.0,2.0,1.0,3.0,1.0,1.0,2.0,11.777037,168.353,-16.0,Bushhr,False,8.0
0.0,2.0,3.0,1.0,0.0,3.0,0.0,1.0,11.829224,169.444,-16.0,Bushhr,False,8.0
0.0,2.0,3.0,1.0,2.0,2.0,1.0,2.0,11.787591,168.552,-16.0,Bushhr,False,8.0
1.0,2.0,3.0,1.0,1.0,2.0,1.0,1.0,11.793487,169.246,-16.0,Bushhr,False,8.0
1.0,0.0,1.0,0.0,1.0,3.0,1.0,1.0,11.817388,169.444,-16.0,Bushhr,False,8.0
0.0,2.0,1.0,0.0,2.0,1.0,1.0,1.0,11.77572,168.105,0.0,Bushhr,False,0.0
1.0,1.0,1.0,0.0,3.0,3.0,1.0,2.0,11.780067,168.601,-16.0,Bushhr,False,8.0
0.0,3.0,3.0,1.0,1.0,3.0,2.0,1.0,11.77712,169.097,0.0,Bushhr,False,0.0
0.0,1.0,3.0,0.0,1.0,4.0,0.0,0.0,11.898978,170.685,-16.0,Bushhr,False,8.0
0.0,1.0,2.0,1.0,0.0,2.0,1.0,2.0,11.798313,169.196,-16.0,Bushhr,False,8.0
0.0,2.0,3.0,1.0,3.0,2.0,0.0,0.0,12.017438,173.115,0.0,Bushhr,False,0.0
1.0,3.0,2.0,0.0,1.0,1.0,2.0,2.0,11.794951,168.601,0.0,Bushhr,False,0.0
0.0,2.0,3.0,1.0,2.0,4.0,1.0,1.0,11.778313,168.8,0.0,Bushhr,False,0.0
1.0,2.0,4.0,0.0,1.0,1.0,0.0,0.0,11.903366,170.585,0.0,Bushhr,False,0.0
0.0,3.0,3.0,1.0,1.0,3.0,0.0,1.0,11.87744,170.337,0.0,Bushhr,False,0.0
0.0,2.0,1.0,1.0,1.0,2.0,2.0,1.0,11.784803,169.097,-16.0,Bushhr,False,8.0
0.0,2.0,0.0,1.0,0.0,4.0,1.0,0.0,11.807337,169.196,0.0,Bushhr,False,0.0
0.0,2.0,3.0,0.0,1.0,4.0,2.0,1.0,11.781058,167.857,-16.0,Bushhr,False,8.0
1.0,2.0,3.0,1.0,2.0,1.0,1.0,1.0,11.786938,168.998,0.0,Bushhr,False,0.0
0.0,3.0,3.0,0.0,2.0,2.0,1.0,1.0,11.77572,168.105,0.0,Bushhr,False,0.0
1.0,0.0,2.0,1.0,3.0,2.0,0.0,2.0,12.015081,172.47,-1.0,Bushhr,False,23.0
0.0,0.0,2.0,0.0,1.0,2.0,2.0,2.0,11.824037,169.345,-16.0,Bushhr,False,8.0
1.0,2.0,2.0,1.0,0.0,2.0,1.0,1.0,11.819926,169.246,-16.0,Bushhr,False,8.0
0.0,0.0,3.0,1.0,0.0,2.0,1.0,0.0,11.816654,169.246,-16.0,Bushhr,False,8.0
0.0,2.0,0.0,0.0,3.0,4.0,2.0,2.0,11.790341,167.708,-16.0,Bushhr,False,8.0
0.0,2.0,4.0,1.0,3.0,1.0,1.0,1.0,11.772402,168.651,-8.0,Bushhr,False,16.0
1.0,2.0,1.0,0.0,2.0,1.0,2.0,1.0,11.789777,168.353,0.0,Bushhr,False,0.0
0.0,2.0,4.0,1.0,2.0,4.0,1.0,0.0,11.807506,166.964,0.0,Bushhr,False,0.0
0.0,0.0,0.0,0.0,2.0,0.0,0.0,1.0,11.852982,169.742,-16.0,Bushhr,False,8.0
1.0,0.0,2.0,0.0,0.0,3.0,1.0,0.0,11.818389,169.345,-16.0,Bushhr,False,8.0
0.0,1.0,4.0,0.0,1.0,2.0,2.0,0.0,11.813898,169.345,-16.0,Bushhr,False,8.0
1.0,3.0,0.0,0.0,0.0,4.0,2.0,1.0,11.798792,168.552,0.0,Bushhr,False,0.0
1.0,1.0,4.0,0.0,2.0,3.0,1.0,0.0,11.814224,169.097,-16.0,Bushhr,False,8.0
0.0,0.0,3.0,1.0,1.0,0.0,1.0,1.0,11.816469,169.246,-16.0,Bushhr,False,8.0
1.0,0.0,1.0,1.0,1.0,3.0,2.0,1.0,11.794827,169.048,-16.0,Bushhr,False,8.0
1.0,0.0,1.0,0.0,3.0,0.0,2.0,2.0,11.784972,168.353,-16.0,Bushhr,False,8.0
0.0,2.0,2.0,0.0,0.0,3.0,1.0,2.0,11.821428,169.246,-16.0,Bushhr,False,8.0
1.0,2.0,3.0,0.0,1.0,3.0,2.0,1.0,11.794813,168.998,0.0,Bushhr,False,0.0
0.0,3.0,2.0,0.0,1.0,0.0,0.0,1.0,11.901779,170.635,-16.0,Bushhr,False,8.0
1.0,2.0,3.0,0.0,1.0,4.0,1.0,1.0,11.790503,168.75,0.0,Bushhr,False,0.0
1.0,3.0,0.0,1.0,0.0,3.0,1.0,1.0,11.775839,168.601,-1.0,Bushhr,False,23.0
0.0,1.0,1.0,1.0,2.0,1.0,1.0,2.0,11.792912,168.75,-16.0,Bushhr,False,8.0
1.0,0.0,1.0,1.0,2.0,3.0,1.0,2.0,11.821676,169.246,-16.0,Bushhr,False,8.0
1.0,1.0,1.0,1.0,1.0,4.0,0.0,1.0,11.915745,170.685,-16.0,Bushhr,False,8.0
1.0,1.0,0.0,1.0,1.0,3.0,1.0,2.0,11.795873,168.899,-16.0,Bushhr,False,8.0
0.0,1.0,1.0,1.0,1.0,0.0,0.0,2.0,11.918058,170.585,-16.0,Bushhr,False,8.0
1.0,1.0,2.0,1.0,1.0,1.0,2.0,1.0,11.794827,169.048,-16.0,Bushhr,False,8.0
0.0,3.0,2.0,0.0,3.0,3.0,2.0,1.0,11.758565,168.998,0.0,Bushhr,False,0.0
0.0,3.0,2.0,0.0,1.0,0.0,2.0,0.0,11.813898,169.345,-16.0,Bushhr,False,8.0
0.0,3.0,1.0,1.0,3.0,3.0,1.0,0.0,11.774694,168.502,1.0,Bushhr,False,1.0
0.0,0.0,0.0,1.0,2.0,2.0,0.0,1.0,11.982274,172.073,-16.0,Bushhr,False,8.0
1.0,1.0,1.0,1.0,0.0,1.0,2.0,1.0,11.794827,169.048,-16.0,Bushhr,False,8.0
0.0,2.0,1.0,1.0,1.0,3.0,1.0,1.0,11.783172,169.147,-16.0,Bushhr,False,8.0
1.0,0.0,3.0,1.0,0.0,1.0,2.0,2.0,11.822593,169.196,-16.0,Bushhr,False,8.0
1.0,1.0,4.0,0.0,1.0,1.0,1.0,1.0,11.791817,169.196,-16.0,Bushhr,False,8.0
1.0,2.0,1.0,0.0,1.0,3.0,0.0,0.0,11.903366,170.585,0.0,Bushhr,False,0.0
0.0,1.0,4.0,0.0,2.0,3.0,1.0,1.0,11.77572,168.105,0.0,Bushhr,False,0.0
1.0,3.0,2.0,1.0,3.0,4.0,1.0,0.0,11.792783,168.254,0.0,Bushhr,False,0.0
0.0,0.0,1.0,0.0,1.0,2.0,0.0,2.0,11.85803,169.643,-16.0,Bushhr,False,8.0
1.0,1.0,1.0,1.0,1.0,0.0,2.0,1.0,11.794827,169.048,-16.0,Bushhr,False,8.0
0.0,2.0,2.0,1.0,3.0,1.0,0.0,1.0,12.024983,172.867,-8.0,Bushhr,False,16.0
1.0,1.0,1.0,1.0,1.0,3.0,1.0,0.0,11.81866,168.849,-16.0,Bushhr,False,8.0
0.0,2.0,3.0,0.0,1.0,1.0,2.0,0.0,11.785908,166.964,0.0,Bushhr,False,0.0
1.0,1.0,3.0,1.0,1.0,1.0,1.0,2.0,11.795873,168.899,-16.0,Bushhr,False,8.0
1.0,1.0,1.0,0.0,3.0,2.0,2.0,1.0,11.78251,168.403,-16.0,Bushhr,False,8.0
1.0,1.0,2.0,1.0,1.0,2.0,1.0,0.0,11.81866,168.849,-16.0,Bushhr,False,8.0
1.0,3.0,3.0,1.0,1.0,2.0,2.0,2.0,11.779699,168.155,-1.0,Bushhr,False,23.0
0.0,2.0,2.0,1.0,2.0,1.0,1.0,2.0,11.787591,168.552,-16.0,Bushhr,False,8.0
0.0,1.0,3.0,1.0,1.0,4.0,2.0,1.0,11.79001,168.8,-16.0,Bushhr,False,8.0
1.0,1.0,4.0,0.0,3.0,3.0,1.0,2.0,11.780067,168.601,-16.0,Bushhr,False,8.0
0.0,2.0,3.0,0.0,1.0,3.0,2.0,1.0,11.781058,167.857,-16.0,Bushhr,False,8.0
0.0,2.0,3.0,1.0,3.0,2.0,2.0,0.0,11.77945,168.601,0.0,Bushhr,False,0.0
0.0,2.0,2.0,0.0,1.0,3.0,1.0,0.0,11.804564,167.063,0.0,Bushhr,False,0.0
0.0,1.0,3.0,1.0,2.0,3.0,0.0,2.0,11.989367,171.875,-16.0,Bushhr,False,8.0
1.0,2.0,1.0,0.0,0.0,3.0,0.0,0.0,11.853601,169.494,0.0,Bushhr,False,0.0
1.0,0.0,2.0,0.0,1.0,3.0,1.0,1.0,11.817388,169.444,-16.0,Bushhr,False,8.0
1.0,2.0,1.0,0.0,2.0,1.0,2.0,0.0,11.794258,166.815,0.0,Bushhr,False,0.0
1.0,1.0,3.0,1.0,2.0,2.0,0.0,2.0,11.918157,170.635,-16.0,Bushhr,False,8.0
0.0,1.0,3.0,1.0,2.0,1.0,1.0,1.0,11.785498,168.849,-16.0,Bushhr,False,8.0
0.0,1.0,0.0,0.0,2.0,3.0,0.0,1.0,11.971548,172.073,-16.0,Bushhr,False,8.0
1.0,1.0,1.0,0.0,2.0,3.0,0.0,1.0,11.977195,171.875,-16.0,Bushhr,False,8.0
1.0,1.0,3.0,1.0,3.0,3.0,1.0,1.0,11.775839,168.601,-1.0,Bushhr,False,23.0
1.0,1.0,0.0,0.0,2.0,1.0,1.0,1.0,11.787526,168.75,-16.0,Bushhr,False,8.0
1.0,0.0,3.0,0.0,1.0,4.0,0.0,1.0,11.905308,170.536,-16.0,Bushhr,False,8.0
1.0,1.0,3.0,1.0,3.0,2.0,1.0,1.0,11.775839,168.601,-1.0,Bushhr,False,23.0
0.0,1.0,1.0,1.0,3.0,3.0,0.0,0.0,12.022044,173.165,-16.0,Bushhr,False,8.0
1.0,0.0,0.0,0.0,2.0,3.0,1.0,1.0,11.790019,166.667,-16.0,Bushhr,False,8.0
0.0,3.0,1.0,0.0,1.0,3.0,0.0,2.0,11.909248,170.337,-16.0,Bushhr,False,8.0
0.0,1.0,2.0,1.0,3.0,4.0,1.0,2.0,11.785143,168.552,-16.0,Bushhr,False,8.0
0.0,1.0,2.0,1.0,0.0,4.0,0.0,0.0,11.853569,169.99,-16.0,Bushhr,False,8.0
1.0,1.0,3.0,0.0,1.0,2.0,2.0,1.0,11.796065,169.048,-16.0,Bushhr,False,8.0
1.0,2.0,3.0,0.0,2.0,2.0,1.0,1.0,11.784205,168.552,0.0,Bushhr,False,0.0
1.0,1.0,4.0,1.0,2.0,4.0,0.0,2.0,11.918157,170.635,-16.0,Bushhr,False,8.0
0.0,2.0,4.0,0.0,1.0,3.0,0.0,1.0,11.971548,172.073,-16.0,Bushhr,False,8.0
1.0,2.0,2.0,1.0,1.0,2.0,1.0,1.0,11.793487,169.246,-16.0,Bushhr,False,8.0
0.0,1.0,2.0,1.0,2.0,2.0,1.0,1.0,11.785498,168.849,-16.0,Bushhr,False,8.0
1.0,1.0,1.0,1.0,0.0,3.0,1.0,1.0,11.793487,169.246,-16.0,Bushhr,False,8.0
0.0,1.0,4.0,1.0,2.0,0.0,2.0,1.0,11.787038,168.849,-16.0,Bushhr,False,8.0
1.0,2.0,4.0,1.0,3.0,4.0,0.0,1.0,12.012986,172.52,-1.0,Bushhr,False,23.0
0.0,1.0,1.0,1.0,0.0,0.0,0.0,1.0,11.856114,169.593,-16.0,Bushhr,False,8.0
0.0,0.0,2.0,0.0,3.0,4.0,1.0,0.0,11.815722,169.444,-16.0,Bushhr,False,8.0
1.0,1.0,1.0,1.0,2.0,0.0,2.0,1.0,11.794827,169.048,-16.0,Bushhr,False,8.0
0.0,2.0,1.0,0.0,1.0,3.0,2.0,2.0,11.790341,167.708,-16.0,Bushhr,False,8.0
1.0,2.0,0.0,0.0,1.0,4.0,0.0,1.0,11.910654,170.387,-8.0,Bushhr,False,16.0
1.0,1.0,0.0,1.0,1.0,2.0,1.0,2.0,11.795873,168.899,-16.0,Bushhr,False,8.0
0.0,3.0,0.0,0.0,2.0,3.0,1.0,1.0,11.77572,168.105,0.0,Bushhr,False,0.0
1.0,2.0,4.0,1.0,3.0,0.0,0.0,0.0,12.03944,170.337,0.0,Bushhr,False,0.0
1.0,1.0,2.0,1.0,0.0,0.0,1.0,1.0,11.793487,169.246,-16.0,Bushhr,False,8.0
1.0,1.0,1.0,1.0,0.0,3.0,2.0,1.0,11.794827,169.048,-16.0,Bushhr,False,8.0
0.0,2.0,3.0,0.0,0.0,1.0,1.0,1.0,11.814665,169.147,-16.0,Bushhr,False,8.0
0.0,0.0,1.0,1.0,3.0,0.0,1.0,1.0,11.780577,167.907,-16.0,Bushhr,False,8.0
0.0,1.0,1.0,0.0,3.0,2.0,1.0,0.0,11.80991,169.345,-16.0,Bushhr,False,8.0
1.0,0.0,2.0,0.0,1.0,0.0,2.0,0.0,11.820846,169.345,-16.0,Bushhr,False,8.0
1.0,1.0,2.0,1.0,2.0,0.0,2.0,2.0,11.797198,168.651,-16.0,Bushhr,False,8.0
0.0,3.0,0.0,1.0,2.0,2.0,2.0,1.0,11.768995,167.857,0.0,Bushhr,False,0.0
1.0,1.0,1.0,0.0,1.0,4.0,1.0,1.0,11.791817,169.196,-16.0,Bushhr,False,8.0
1.0,0.0,3.0,1.0,2.0,1.0,1.0,1.0,11.819926,169.246,-16.0,Bushhr,False,8.0
1.0,3.0,3.0,0.0,2.0,2.0,1.0,1.0,11.782874,167.212,0.0,Bushhr,False,0.0
1.0,3.0,3.0,0.0,3.0,2.0,0.0,2.0,12.017619,172.371,-1.0,Bushhr,False,23.0
0.0,0.0,4.0,0.0,1.0,3.0,1.0,1.0,11.814665,169.147,-16.0,Bushhr,False,8.0
1.0,1.0,0.0,1.0,3.0,3.0,1.0,1.0,11.775839,168.601,-1.0,Bushhr,False,23.0
1.0,2.0,1.0,0.0,3.0,4.0,2.0,2.0,11.78319,168.75,-8.0,Bushhr,False,16.0
0.0,1.0,3.0,0.0,2.0,0.0,2.0,0.0,11.785908,166.964,0.0,Bushhr,False,0.0
1.0,0.0,4.0,0.0,0.0,3.0,1.0,1.0,11.818975,169.048,-16.0,Bushhr,False,8.0
1.0,3.0,0.0,1.0,2.0,0.0,1.0,1.0,11.775839,168.601,-1.0,Bushhr,False,23.0
0.0,1.0,4.0,0.0,0.0,1.0,0.0,1.0,11.852982,169.742,-16.0,Bushhr,False,8.0
1.0,0.0,1.0,0.0,1.0,1.0,1.0,0.0,11.817018,169.345,-16.0,Bushhr,False,8.0
0.0,0.0,0.0,0.0,2.0,3.0,1.0,0.0,11.815722,169.444,-16.0,Bushhr,False,8.0
1.0,3.0,1.0,0.0,2.0,1.0,1.0,0.0,11.795505,168.403,0.0,Bushhr,False,0.0
0.0,2.0,3.0,0.0,3.0,0.0,1.0,2.0,11.784922,167.808,-16.0,Bushhr,False,8.0
0.0,0.0,3.0,0.0,2.0,1.0,0.0,1.0,11.852982,169.742,-16.0,Bushhr,False,8.0
0.0,1.0,3.0,0.0,3.0,0.0,1.0,0.0,11.80991,169.345,-16.0,Bushhr,False,8.0
1.0,2.0,1.0,1.0,2.0,3.0,0.0,1.0,11.991127,171.875,-8.0,Bushhr,False,16.0
1.0,2.0,1.0,1.0,0.0,1.0,1.0,0.0,11.819378,169.196,-16.0,Bushhr,False,8.0
1.0,2.0,0.0,0.0,3.0,4.0,0.0,0.0,12.028855,173.165,0.0,Bushhr,False,0.0
0.0,2.0,3.0,0.0,2.0,4.0,2.0,0.0,11.785908,166.964,0.0,Bushhr,False,0.0
0.0,2.0,2.0,0.0,2.0,0.0,1.0,0.0,11.804564,167.063,0.0,Bushhr,False,0.0
0.0,3.0,0.0,0.0,2.0,2.0,1.0,2.0,11.784922,167.808,-16.0,Bushhr,False,8.0
1.0,2.0,4.0,1.0,0.0,1.0,1.0,1.0,11.819926,169.246,-16.0,Bushhr,False,8.0
0.0,3.0,3.0,1.0,2.0,3.0,1.0,1.0,11.767295,167.56,0.0,Bushhr,False,0.0
1.0,3.0,3.0,1.0,1.0,3.0,1.0,2.0,11.777935,168.452,-1.0,Bushhr,False,23.0
1.0,2.0,0.0,1.0,0.0,3.0,1.0,2.0,11.821676,169.246,-16.0,Bushhr,False,8.0
0.0,2.0,3.0,0.0,1.0,2.0,1.0,2.0,11.784922,167.808,-16.0,Bushhr,False,8.0
0.0,2.0,3.0,1.0,3.0,1.0,0.0,0.0,12.017438,173.115,0.0,Bushhr,False,0.0
0.0,3.0,1.0,1.0,2.0,1.0,2.0,1.0,11.768995,167.857,0.0,Bushhr,False,0.0
0.0,3.0,4.0,1.0,1.0,1.0,1.0,0.0,11.806405,168.998,1.0,Bushhr,False,1.0
1.0,1.0,2.0,0.0,1.0,0.0,1.0,1.0,11.791817,169.196,-16.0,Bushhr,False,8.0
0.0,2.0,0.0,1.0,1.0,2.0,1.0,0.0,11.808918,169.097,0.0,Bushhr,False,0.0
1.0,1.0,3.0,0.0,2.0,2.0,1.0,1.0,11.787526,168.75,-16.0,Bushhr,False,8.0
1.0,1.0,4.0,1.0,1.0,2.0,0.0,0.0,11.912521,170.982,-16.0,Bushhr,False,8.0
0.0,1.0,1.0,0.0,1.0,2.0,1.0,1.0,11.786981,169.395,-16.0,Bushhr,False,8.0
1.0,3.0,1.0,0.0,1.0,4.0,1.0,0.0,11.823645,168.8,0.0,Bushhr,False,0.0
0.0,3.0,1.0,0.0,2.0,1.0,1.0,2.0,11.784922,167.808,-16.0,Bushhr,False,8.0
1.0,3.0,4.0,1.0,2.0,2.0,1.0,2.0,11.777935,168.452,-1.0,Bushhr,False,23.0
0.0,1.0,4.0,0.0,0.0,0.0,0.0,2.0,11.85803,169.643,-16.0,Bushhr,False,8.0
0.0,1.0,0.0,0.0,1.0,0.0,0.0,2.0,11.909248,170.337,-16.0,Bushhr,False,8.0
1.0,1.0,0.0,0.0,2.0,1.0,2.0,1.0,11.792761,168.8,-16.0,Bushhr,False,8.0
0.0,1.0,3.0,0.0,2.0,2.0,1.0,0.0,11.804564,167.063,0.0,Bushhr,False,0.0
0.0,1.0,2.0,1.0,2.0,0.0,1.0,1.0,11.785498,168.849,-16.0,Bushhr,False,8.0
1.0,2.0,2.0,0.0,2.0,1.0,0.0,2.0,11.98385,171.875,-8.0,Bushhr,False,16.0
0.0,2.0,1.0,1.0,1.0,2.0,2.0,0.0,11.810306,168.899,0.0,Bushhr,False,0.0
1.0,1.0,1.0,1.0,2.0,2.0,1.0,1.0,11.793487,169.246,-16.0,Bushhr,False,8.0
0.0,2.0,4.0,0.0,3.0,3.0,0.0,1.0,11.971548,172.073,-16.0,Bushhr,False,8.0
0.0,1.0,4.0,0.0,0.0,3.0,1.0,1.0,11.814665,169.147,-16.0,Bushhr,False,8.0
0.0,0.0,3.0,1.0,1.0,4.0,1.0,1.0,11.816469,169.246,-16.0,Bushhr,False,8.0
0.0,3.0,0.0,0.0,2.0,2.0,2.0,2.0,11.790341,167.708,-16.0,Bushhr,False,8.0
1.0,1.0,1.0,1.0,1.0,0.0,2.0,2.0,11.797198,168.651,-16.0,Bushhr,False,8.0
0.0,0.0,2.0,1.0,1.0,2.0,1.0,0.0,11.816154,169.395,-16.0,Bushhr,False,8.0
1.0,1.0,4.0,1.0,3.0,2.0,1.0,1.0,11.775839,168.601,-1.0,Bushhr,False,23.0
1.0,0.0,3.0,0.0,2.0,0.0,2.0,2.0,11.796952,166.567,-16.0,Bushhr,False,8.0
1.0,3.0,3.0,1.0,1.0,1.0,0.0,2.0,12.015081,172.47,-1.0,Bushhr,False,23.0
1.0,2.0,4.0,1.0,1.0,3.0,1.0,1.0,11.793487,169.246,-16.0,Bushhr,False,8.0
1.0,2.0,4.0,0.0,2.0,3.0,2.0,1.0,11.789777,168.353,0.0,Bushhr,False,0.0
1.0,1.0,2.0,1.0,0.0,2.0,1.0,0.0,11.81866,168.849,-16.0,Bushhr,False,8.0
1.0,0.0,3.0,0.0,2.0,0.0,1.0,0.0,11.816474,168.998,-16.0,Bushhr,False,8.0
0.0,3.0,4.0,0.0,2.0,2.0,1.0,1.0,11.77572,168.105,0.0,Bushhr,False,0.0
1.0,1.0,0.0,0.0,2.0,2.0,1.0,0.0,11.814224,169.097,-16.0,Bushhr,False,8.0
0.0,1.0,1.0,0.0,1.0,2.0,0.0,0.0,11.898978,170.685,-16.0,Bushhr,False,8.0
1.0,1.0,3.0,0.0,2.0,2.0,0.0,1.0,11.977195,171.875,-16.0,Bushhr,False,8.0
0.0,0.0,3.0,0.0,1.0,4.0,0.0,1.0,11.852982,169.742,-16.0,Bushhr,False,8.0
0.0,2.0,0.0,0.0,2.0,4.0,0.0,0.0,11.964337,172.073,0.0,Bushhr,False,0.0
0.0,3.0,2.0,1.0,3.0,3.0,2.0,1.0,11.759557,167.956,0.0,Bushhr,False,0.0
0.0,1.0,1.0,1.0,1.0,3.0,2.0,0.0,11.812959,169.345,-16.0,Bushhr,False,8.0
0.0,1.0,1.0,0.0,2.0,1.0,1.0,1.0,11.77572,168.105,0.0,Bushhr,False,0.0
0.0,1.0,0.0,1.0,2.0,0.0,0.0,1.0,11.981759,172.024,-16.0,Bushhr,False,8.0
1.0,3.0,2.0,1.0,2.0,3.0,1.0,1.0,11.775839,168.601,-1.0,Bushhr,False,23.0
0.0,0.0,0.0,1.0,3.0,0.0,2.0,0.0,11.789218,168.75,-16.0,Bushhr,False,8.0
0.0,1.0,3.0,0.0,0.0,1.0,1.0,2.0,11.821428,169.246,-16.0,Bushhr,False,8.0
1.0,2.0,3.0,1.0,3.0,1.0,0.0,1.0,12.012986,172.52,-1.0,Bushhr,False,23.0
0.0,2.0,0.0,1.0,2.0,2.0,2.0,1.0,11.780025,168.75,-16.0,Bushhr,False,8.0
1.0,2.0,2.0,1.0,1.0,4.0,2.0,2.0,11.797198,168.651,-16.0,Bushhr,False,8.0
1.0,2.0,2.0,0.0,3.0,4.0,2.0,1.0,11.780358,168.8,-8.0,Bushhr,False,16.0
0.0,2.0,1.0,0.0,0.0,1.0,1.0,1.0,11.814665,169.147,-16.0,Bushhr,False,8.0
0.0,1.0,4.0,0.0,2.0,3.0,0.0,2.0,11.980572,171.677,-16.0,Bushhr,False,8.0
0.0,1.0,3.0,0.0,0.0,3.0,2.0,1.0,11.818985,169.246,-16.0,Bushhr,False,8.0
0.0,2.0,0.0,1.0,1.0,2.0,2.0,0.0,11.810306,168.899,0.0,Bushhr,False,0.0
1.0,3.0,1.0,1.0,1.0,2.0,1.0,0.0,11.792783,168.254,0.0,Bushhr,False,0.0
1.0,2.0,1.0,1.0,2.0,0.0,1.0,0.0,11.816022,166.667,0.0,Bushhr,False,0.0
0.0,2.0,3.0,0.0,1.0,1.0,1.0,0.0,11.804564,167.063,0.0,Bushhr,False,0.0
0.0,2.0,3.0,0.0,3.0,4.0,1.0,1.0,11.77572,168.105,0.0,Bushhr,False,0.0
1.0,1.0,3.0,0.0,1.0,0.0,2.0,2.0,11.798377,168.849,-16.0,Bushhr,False,8.0
0.0,0.0,2.0,1.0,2.0,1.0,1.0,1.0,11.790245,166.617,-16.0,Bushhr,False,8.0
0.0,0.0,3.0,0.0,3.0,4.0,2.0,1.0,11.818985,169.246,-16.0,Bushhr,False,8.0
0.0,3.0,1.0,1.0,3.0,3.0,1.0,1.0,11.757664,168.353,0.0,Bushhr,False,0.0
1.0,1.0,0.0,1.0,3.0,3.0,0.0,0.0,12.03944,170.337,0.0,Bushhr,False,0.0
0.0,2.0,3.0,1.0,0.0,4.0,1.0,0.0,11.807337,169.196,0.0,Bushhr,False,0.0
1.0,0.0,0.0,1.0,1.0,1.0,2.0,2.0,11.797198,168.651,-16.0,Bushhr,False,8.0
1.0,2.0,3.0,1.0,2.0,1.0,0.0,2.0,11.993886,171.776,-8.0,Bushhr,False,16.0
1.0,2.0,1.0,1.0,1.0,4.0,1.0,0.0,11.81866,168.849,-16.0,Bushhr,False,8.0
1.0,1.0,1.0,0.0,0.0,3.0,2.0,1.0,6.200058,49.157,0.0,Hamedan,False,0.0
0.0,1.0,2.0,0.0,3.0,3.0,1.0,0.0,6.222742,49.405,1.0,Hamedan,False,1.0
1.0,3.0,1.0,0.0,2.0,3.0,0.0,1.0,6.151014,49.107,-1.0,Hamedan,False,23.0
1.0,2.0,1.0,1.0,1.0,1.0,1.0,2.0,6.189474,49.107,0.0,Hamedan,False,0.0
0.0,2.0,0.0,1.0,2.0,2.0,1.0,1.0,6.126507,49.058,-1.0,Hamedan,False,23.0
0.0,3.0,0.0,1.0,0.0,3.0,1.0,1.0,6.10267,48.859,-1.0,Hamedan,False,23.0
0.0,1.0,3.0,1.0,1.0,2.0,0.0,1.0,6.241675,49.405,-1.0,Hamedan,False,23.0
0.0,3.0,0.0,1.0,1.0,3.0,1.0,1.0,6.095856,48.909,-1.0,Hamedan,False,23.0
0.0,1.0,1.0,0.0,3.0,1.0,1.0,0.0,6.222742,49.405,1.0,Hamedan,False,1.0
0.0,3.0,1.0,0.0,1.0,1.0,0.0,2.0,6.243739,49.355,-1.0,Hamedan,False,23.0
0.0,2.0,3.0,0.0,1.0,1.0,2.0,2.0,6.138875,48.958,-1.0,Hamedan,False,23.0
1.0,3.0,2.0,1.0,0.0,4.0,1.0,0.0,6.221505,49.355,1.0,Hamedan,False,1.0
0.0,3.0,0.0,0.0,2.0,3.0,1.0,0.0,6.20902,49.256,0.0,Hamedan,False,0.0
0.0,1.0,3.0,1.0,1.0,4.0,1.0,2.0,6.201865,49.107,0.0,Hamedan,False,0.0
0.0,1.0,3.0,1.0,1.0,3.0,0.0,1.0,6.241675,49.405,-1.0,Hamedan,False,23.0
0.0,2.0,4.0,1.0,3.0,1.0,1.0,2.0,6.097507,48.76,-1.0,Hamedan,False,23.0
0.0,2.0,0.0,0.0,0.0,2.0,1.0,1.0,6.194575,49.306,0.0,Hamedan,False,0.0
0.0,0.0,3.0,1.0,2.0,1.0,2.0,1.0,6.196488,49.157,0.0,Hamedan,False,0.0
1.0,2.0,2.0,0.0,2.0,2.0,1.0,1.0,6.119036,49.107,-1.0,Hamedan,False,23.0
0.0,2.0,1.0,1.0,1.0,4.0,2.0,2.0,6.157193,48.81,-1.0,Hamedan,False,23.0
0.0,1.0,1.0,1.0,1.0,1.0,2.0,1.0,6.200311,49.107,0.0,Hamedan,False,0.0
1.0,1.0,0.0,1.0,1.0,3.0,2.0,2.0,6.188742,49.107,0.0,Hamedan,False,0.0
0.0,0.0,2.0,0.0,3.0,3.0,1.0,1.0,6.194575,49.306,0.0,Hamedan,False,0.0
1.0,2.0,4.0,0.0,2.0,1.0,1.0,1.0,6.119036,49.107,-1.0,Hamedan,False,23.0
1.0,1.0,3.0,1.0,1.0,2.0,2.0,1.0,6.189815,49.107,-1.0,Hamedan,False,23.0
1.0,1.0,1.0,0.0,1.0,0.0,1.0,1.0,6.195157,49.058,-1.0,Hamedan,False,23.0
1.0,3.0,1.0,0.0,1.0,3.0,1.0,1.0,6.070395,48.76,-1.0,Hamedan,False,23.0
1.0,2.0,4.0,1.0,3.0,3.0,1.0,2.0,6.000725,49.008,-1.0,Hamedan,False,23.0
1.0,2.0,1.0,0.0,1.0,3.0,2.0,0.0,6.20731,49.206,0.0,Hamedan,False,0.0
0.0,1.0,3.0,0.0,3.0,1.0,1.0,2.0,6.204909,49.107,0.0,Hamedan,False,0.0
1.0,1.0,0.0,0.0,2.0,1.0,0.0,2.0,6.272224,49.504,-1.0,Hamedan,False,23.0
0.0,1.0,2.0,1.0,3.0,3.0,1.0,1.0,6.116426,48.859,-1.0,Hamedan,False,23.0
0.0,1.0,3.0,1.0,2.0,2.0,0.0,2.0,6.282667,49.504,-1.0,Hamedan,False,23.0
0.0,0.0,0.0,0.0,2.0,3.0,0.0,2.0,6.229712,49.306,0.0,Hamedan,False,0.0
1.0,3.0,4.0,0.0,2.0,3.0,2.0,1.0,6.056397,49.058,-1.0,Hamedan,False,23.0
0.0,2.0,2.0,0.0,2.0,0.0,1.0,2.0,6.139977,49.058,-1.0,Hamedan,False,23.0
1.0,0.0,3.0,0.0,1.0,4.0,1.0,1.0,6.205592,49.256,0.0,Hamedan,False,0.0
1.0,0.0,4.0,1.0,0.0,1.0,1.0,1.0,6.189642,49.256,0.0,Hamedan,False,0.0
1.0,1.0,0.0,0.0,1.0,3.0,2.0,2.0,6.194656,49.058,0.0,Hamedan,False,0.0
1.0,3.0,0.0,0.0,1.0,2.0,2.0,1.0,6.069597,48.71,-1.0,Hamedan,False,23.0
1.0,2.0,3.0,1.0,1.0,0.0,2.0,1.0,6.189815,49.107,-1.0,Hamedan,False,23.0
1.0,2.0,0.0,1.0,1.0,4.0,1.0,1.0,6.191292,49.157,-1.0,Hamedan,False,23.0
1.0,1.0,1.0,0.0,2.0,3.0,2.0,1.0,6.150483,48.958,-1.0,Hamedan,False,23.0
0.0,0.0,3.0,0.0,2.0,4.0,1.0,1.0,6.194575,49.306,0.0,Hamedan,False,0.0
0.0,1.0,1.0,0.0,3.0,1.0,0.0,1.0,6.243799,49.454,-1.0,Hamedan,False,23.0
0.0,1.0,2.0,0.0,1.0,0.0,1.0,2.0,6.204909,49.107,0.0,Hamedan,False,0.0
0.0,3.0,1.0,0.0,1.0,2.0,0.0,1.0,6.243799,49.454,-1.0,Hamedan,False,23.0
1.0,0.0,0.0,1.0,1.0,2.0,1.0,1.0,6.189642,49.256,0.0,Hamedan,False,0.0
1.0,1.0,1.0,1.0,1.0,0.0,2.0,1.0,6.189815,49.107,-1.0,Hamedan,False,23.0
0.0,3.0,4.0,1.0,2.0,3.0,2.0,1.0,6.079339,49.256,-1.0,Hamedan,False,23.0
1.0,2.0,1.0,0.0,0.0,3.0,1.0,1.0,6.143262,49.008,-1.0,Hamedan,False,23.0
0.0,0.0,0.0,0.0,2.0,0.0,2.0,1.0,6.194865,49.306,0.0,Hamedan,False,0.0
1.0,1.0,1.0,1.0,2.0,3.0,1.0,0.0,6.21153,49.306,0.0,Hamedan,False,0.0
0.0,1.0,2.0,0.0,0.0,2.0,1.0,1.0,6.194575,49.306,0.0,Hamedan,False,0.0
1.0,0.0,2.0,1.0,1.0,2.0,0.0,1.0,6.222154,49.355,0.0,Hamedan,False,0.0
0.0,1.0,2.0,0.0,3.0,0.0,1.0,1.0,6.198778,49.206,0.0,Hamedan,False,0.0
1.0,0.0,1.0,1.0,2.0,4.0,0.0,2.0,6.220144,49.355,0.0,Hamedan,False,0.0
1.0,2.0,3.0,0.0,2.0,2.0,1.0,1.0,6.119036,49.107,-1.0,Hamedan,False,23.0
0.0,1.0,3.0,0.0,2.0,2.0,0.0,0.0,6.27557,49.752,0.0,Hamedan,False,0.0
0.0,2.0,2.0,1.0,2.0,2.0,0.0,1.0,6.227361,49.504,-1.0,Hamedan,False,23.0
1.0,2.0,4.0,1.0,0.0,1.0,2.0,0.0,6.222716,49.355,1.0,Hamedan,False,1.0
0.0,2.0,2.0,1.0,1.0,1.0,0.0,0.0,6.237633,49.603,0.0,Hamedan,False,0.0
1.0,3.0,4.0,1.0,2.0,2.0,1.0,1.0,6.001761,49.008,-1.0,Hamedan,False,23.0
1.0,0.0,3.0,0.0,1.0,3.0,1.0,0.0,6.218332,49.355,0.0,Hamedan,False,0.0
1.0,3.0,2.0,0.0,1.0,1.0,1.0,0.0,6.159659,49.058,0.0,Hamedan,False,0.0
1.0,0.0,3.0,1.0,1.0,2.0,1.0,1.0,6.189642,49.256,0.0,Hamedan,False,0.0
1.0,1.0,2.0,1.0,1.0,1.0,2.0,1.0,6.189815,49.107,-1.0,Hamedan,False,23.0
1.0,2.0,0.0,1.0,2.0,2.0,1.0,1.0,6.113197,49.107,-1.0,Hamedan,False,23.0
1.0,1.0,3.0,1.0,1.0,3.0,1.0,1.0,6.191292,49.157,-1.0,Hamedan,False,23.0
1.0,2.0,2.0,1.0,2.0,3.0,1.0,1.0,6.113197,49.107,-1.0,Hamedan,False,23.0
1.0,2.0,1.0,1.0,1.0,3.0,0.0,2.0,6.234874,49.355,-1.0,Hamedan,False,23.0
1.0,2.0,2.0,1.0,1.0,1.0,1.0,1.0,6.191292,49.157,-1.0,Hamedan,False,23.0
0.0,1.0,2.0,1.0,2.0,3.0,1.0,2.0,6.15367,48.909,0.0,Hamedan,False,0.0
0.0,1.0,3.0,1.0,3.0,3.0,2.0,0.0,6.181056,49.008,0.0,Hamedan,False,0.0
1.0,0.0,4.0,1.0,0.0,2.0,1.0,1.0,6.189642,49.256,0.0,Hamedan,False,0.0
0.0,0.0,1.0,1.0,2.0,1.0,2.0,1.0,6.196488,49.157,0.0,Hamedan,False,0.0
1.0,2.0,2.0,0.0,1.0,1.0,2.0,0.0,6.20731,49.206,0.0,Hamedan,False,0.0
1.0,2.0,0.0,1.0,1.0,3.0,0.0,1.0,6.235371,49.454,-1.0,Hamedan,False,23.0
1.0,1.0,4.0,1.0,3.0,2.0,1.0,1.0,6.191292,49.157,-1.0,Hamedan,False,23.0
1.0,1.0,1.0,1.0,0.0,2.0,2.0,0.0,6.222716,49.355,1.0,Hamedan,False,1.0
1.0,1.0,3.0,0.0,0.0,2.0,1.0,1.0,6.201114,49.206,0.0,Hamedan,False,0.0
1.0,3.0,2.0,0.0,1.0,0.0,1.0,1.0,6.070395,48.76,-1.0,Hamedan,False,23.0
1.0,0.0,0.0,0.0,1.0,4.0,1.0,2.0,6.205627,49.206,0.0,Hamedan,False,0.0
1.0,3.0,1.0,1.0,2.0,2.0,1.0,0.0,6.141854,48.909,0.0,Hamedan,False,0.0
1.0,0.0,2.0,0.0,1.0,1.0,2.0,2.0,6.205309,49.157,0.0,Hamedan,False,0.0
0.0,1.0,0.0,0.0,1.0,3.0,1.0,2.0,6.204909,49.107,0.0,Hamedan,False,0.0
0.0,2.0,3.0,0.0,0.0,1.0,0.0,2.0,6.229712,49.306,0.0,Hamedan,False,0.0
1.0,2.0,3.0,1.0,2.0,1.0,2.0,0.0,6.19329,49.206,0.0,Hamedan,False,0.0
0.0,2.0,1.0,1.0,3.0,3.0,0.0,1.0,6.251536,49.653,-1.0,Hamedan,False,23.0
0.0,0.0,2.0,0.0,2.0,2.0,1.0,2.0,6.195978,49.256,0.0,Hamedan,False,0.0
0.0,1.0,1.0,0.0,3.0,0.0,1.0,2.0,6.204909,49.107,0.0,Hamedan,False,0.0
1.0,3.0,1.0,0.0,0.0,0.0,0.0,1.0,6.091547,48.71,-1.0,Hamedan,False,23.0
0.0,1.0,4.0,0.0,3.0,1.0,1.0,2.0,6.204909,49.107,0.0,Hamedan,False,0.0
0.0,0.0,2.0,1.0,3.0,3.0,0.0,1.0,6.289376,49.851,-1.0,Hamedan,False,23.0
0.0,2.0,3.0,1.0,2.0,1.0,0.0,2.0,6.237074,49.405,-1.0,Hamedan,False,23.0
1.0,2.0,1.0,0.0,2.0,1.0,0.0,1.0,6.212012,49.405,-1.0,Hamedan,False,23.0
0.0,0.0,2.0,1.0,1.0,0.0,2.0,0.0,6.220166,49.355,0.0,Hamedan,False,0.0
0.0,1.0,0.0,0.0,2.0,3.0,1.0,1.0,6.135896,49.107,-1.0,Hamedan,False,23.0
1.0,3.0,3.0,1.0,2.0,2.0,1.0,1.0,6.001761,49.008,-1.0,Hamedan,False,23.0
0.0,2.0,4.0,1.0,1.0,3.0,2.0,1.0,6.143896,49.008,-1.0,Hamedan,False,23.0
0.0,2.0,1.0,0.0,3.0,4.0,1.0,0.0,6.20902,49.256,0.0,Hamedan,False,0.0
1.0,2.0,0.0,0.0,3.0,0.0,2.0,1.0,6.0934,48.81,-1.0,Hamedan,False,23.0
0.0,3.0,1.0,0.0,2.0,2.0,2.0,1.0,6.134679,49.008,-1.0,Hamedan,False,23.0
0.0,1.0,0.0,0.0,0.0,4.0,1.0,2.0,6.195978,49.256,0.0,Hamedan,False,0.0
1.0,2.0,4.0,1.0,1.0,0.0,2.0,2.0,6.188742,49.107,0.0,Hamedan,False,0.0
0.0,2.0,4.0,0.0,1.0,1.0,1.0,2.0,6.139977,49.058,-1.0,Hamedan,False,23.0
1.0,3.0,2.0,0.0,2.0,1.0,2.0,0.0,6.171839,48.909,0.0,Hamedan,False,0.0
1.0,1.0,3.0,0.0,0.0,1.0,1.0,1.0,6.201114,49.206,0.0,Hamedan,False,0.0
0.0,1.0,2.0,0.0,1.0,1.0,0.0,1.0,6.243799,49.454,-1.0,Hamedan,False,23.0
0.0,0.0,4.0,0.0,2.0,3.0,1.0,2.0,6.195978,49.256,0.0,Hamedan,False,0.0
1.0,0.0,1.0,1.0,3.0,1.0,1.0,1.0,6.189642,49.256,0.0,Hamedan,False,0.0
1.0,2.0,1.0,1.0,3.0,2.0,1.0,1.0,6.001761,49.008,-1.0,Hamedan,False,23.0
0.0,1.0,1.0,0.0,2.0,0.0,1.0,1.0,6.135896,49.107,-1.0,Hamedan,False,23.0
0.0,3.0,2.0,0.0,0.0,1.0,0.0,0.0,6.236653,49.454,0.0,Hamedan,False,0.0
0.0,1.0,2.0,1.0,2.0,0.0,1.0,1.0,6.153125,49.157,-1.0,Hamedan,False,23.0
1.0,2.0,1.0,0.0,3.0,2.0,0.0,1.0,6.25068,49.603,-1.0,Hamedan,False,23.0
1.0,1.0,1.0,1.0,1.0,1.0,1.0,1.0,6.191292,49.157,-1.0,Hamedan,False,23.0
1.0,2.0,3.0,0.0,0.0,3.0,1.0,1.0,6.143262,49.008,-1.0,Hamedan,False,23.0
0.0,1.0,2.0,1.0,3.0,3.0,2.0,2.0,6.115198,48.76,0.0,Hamedan,False,0.0
0.0,3.0,4.0,1.0,1.0,2.0,2.0,1.0,6.095649,48.81,-1.0,Hamedan,False,23.0
1.0,3.0,3.0,1.0,1.0,1.0,1.0,0.0,6.21153,49.306,0.0,Hamedan,False,0.0
1.0,3.0,3.0,1.0,0.0,3.0,0.0,2.0,6.220144,49.355,0.0,Hamedan,False,0.0
1.0,3.0,3.0,0.0,2.0,3.0,1.0,1.0,6.054576,49.157,-1.0,Hamedan,False,23.0
0.0,1.0,4.0,1.0,2.0,4.0,1.0,1.0,6.153125,49.157,-1.0,Hamedan,False,23.0
1.0,3.0,2.0,1.0,2.0,3.0,1.0,1.0,6.001761,49.008,-1.0,Hamedan,False,23.0
0.0,1.0,2.0,0.0,1.0,1.0,2.0,0.0,6.22123,49.306,0.0,Hamedan,False,0.0
0.0,1.0,1.0,0.0,1.0,1.0,1.0,1.0,6.198778,49.206,0.0,Hamedan,False,0.0
0.0,2.0,3.0,1.0,0.0,3.0,0.0,1.0,6.203365,49.206,-1.0,Hamedan,False,23.0
0.0,1.0,3.0,1.0,1.0,2.0,2.0,2.0,6.202422,49.058,0.0,Hamedan,False,0.0
0.0,1.0,0.0,1.0,1.0,0.0,2.0,2.0,6.202422,49.058,0.0,Hamedan,False,0.0
1.0,1.0,1.0,1.0,3.0,4.0,1.0,0.0,6.21153,49.306,0.0,Hamedan,False,0.0
1.0,0.0,2.0,0.0,1.0,1.0,0.0,0.0,6.236907,49.603,0.0,Hamedan,False,0.0
0.0,1.0,4.0,0.0,2.0,1.0,1.0,0.0,6.20902,49.256,0.0,Hamedan,False,0.0
0.0,0.0,2.0,1.0,1.0,3.0,1.0,2.0,6.207366,49.157,1.0,Hamedan,False,1.0
1.0,0.0,4.0,0.0,2.0,2.0,2.0,1.0,6.198242,49.107,0.0,Hamedan,False,0.0
0.0,1.0,0.0,0.0,1.0,1.0,1.0,0.0,6.222742,49.405,1.0,Hamedan,False,1.0
1.0,3.0,3.0,0.0,3.0,2.0,1.0,1.0,6.014141,49.107,-1.0,Hamedan,False,23.0
1.0,2.0,0.0,0.0,1.0,2.0,1.0,1.0,6.134454,48.958,-1.0,Hamedan,False,23.0
0.0,2.0,3.0,0.0,2.0,3.0,0.0,0.0,6.27557,49.752,0.0,Hamedan,False,0.0
0.0,2.0,3.0,0.0,2.0,2.0,1.0,1.0,6.135896,49.107,-1.0,Hamedan,False,23.0
1.0,2.0,1.0,0.0,2.0,1.0,1.0,0.0,6.198302,49.206,0.0,Hamedan,False,0.0
1.0,0.0,1.0,0.0,3.0,3.0,0.0,1.0,6.30535,49.851,-1.0,Hamedan,True,23.0
1.0,0.0,1.0,1.0,2.0,1.0,1.0,1.0,6.189642,49.256,0.0,Hamedan,False,0.0
1.0,3.0,3.0,1.0,2.0,3.0,1.0,1.0,6.001761,49.008,-1.0,Hamedan,False,23.0
0.0,2.0,2.0,0.0,0.0,2.0,2.0,0.0,6.229292,49.355,0.0,Hamedan,False,0.0
1.0,0.0,3.0,0.0,0.0,0.0,1.0,2.0,6.190221,49.256,0.0,Hamedan,False,0.0
0.0,1.0,2.0,0.0,0.0,4.0,1.0,1.0,6.194575,49.306,0.0,Hamedan,False,0.0
1.0,0.0,2.0,1.0,2.0,2.0,1.0,2.0,6.189532,49.206,0.0,Hamedan,False,0.0
0.0,1.0,3.0,0.0,2.0,3.0,2.0,2.0,6.138875,48.958,-1.0,Hamedan,False,23.0
0.0,3.0,2.0,1.0,0.0,2.0,1.0,1.0,6.10267,48.859,-1.0,Hamedan,False,23.0
0.0,2.0,2.0,0.0,1.0,0.0,1.0,1.0,6.135896,49.107,-1.0,Hamedan,False,23.0
1.0,3.0,1.0,1.0,1.0,2.0,0.0,1.0,6.235371,49.454,-1.0,Hamedan,False,23.0
0.0,2.0,3.0,0.0,2.0,4.0,1.0,1.0,6.135896,49.107,-1.0,Hamedan,False,23.0
0.0,1.0,2.0,0.0,2.0,4.0,1.0,2.0,6.139977,49.058,-1.0,Hamedan,False,23.0
0.0,2.0,3.0,0.0,2.0,0.0,0.0,1.0,6.227312,49.504,-1.0,Hamedan,False,23.0
0.0,1.0,1.0,0.0,2.0,3.0,1.0,2.0,6.139977,49.058,-1.0,Hamedan,False,23.0
0.0,2.0,4.0,0.0,0.0,0.0,1.0,1.0,6.194575,49.306,0.0,Hamedan,False,0.0
0.0,2.0,3.0,1.0,1.0,2.0,1.0,0.0,6.21325,49.306,0.0,Hamedan,False,0.0
1.0,1.0,1.0,1.0,1.0,0.0,1.0,1.0,6.191292,49.157,-1.0,Hamedan,False,23.0
0.0,2.0,1.0,1.0,1.0,1.0,1.0,1.0,6.144252,49.008,-1.0,Hamedan,False,23.0
1.0,0.0,3.0,0.0,2.0,0.0,0.0,1.0,6.268644,49.702,-1.0,Hamedan,False,23.0
0.0,1.0,2.0,1.0,2.0,3.0,2.0,0.0,6.205085,49.256,0.0,Hamedan,False,0.0
1.0,1.0,3.0,1.0,1.0,0.0,1.0,1.0,6.191292,49.157,-1.0,Hamedan,False,23.0
1.0,2.0,0.0,1.0,3.0,4.0,1.0,2.0,6.000725,49.008,-1.0,Hamedan,False,23.0
1.0,2.0,3.0,0.0,2.0,2.0,2.0,1.0,6.119537,49.058,-1.0,Hamedan,False,23.0
0.0,2.0,0.0,1.0,2.0,0.0,1.0,2.0,6.13084,48.909,-1.0,Hamedan,False,23.0
1.0,2.0,2.0,1.0,0.0,2.0,0.0,0.0,6.211904,49.454,0.0,Hamedan,False,0.0
1.0,2.0,0.0,1.0,3.0,1.0,0.0,2.0,6.169123,49.206,-1.0,Hamedan,False,23.0
1.0,1.0,1.0,1.0,1.0,1.0,2.0,1.0,6.189815,49.107,-1.0,Hamedan,False,23.0
0.0,2.0,2.0,1.0,2.0,4.0,1.0,0.0,6.203962,49.256,0.0,Hamedan,False,0.0
0.0,1.0,2.0,1.0,2.0,3.0,0.0,2.0,6.282667,49.504,-1.0,Hamedan,False,23.0
1.0,3.0,1.0,1.0,2.0,0.0,2.0,2.0,6.000296,48.909,-1.0,Hamedan,False,23.0
1.0,3.0,2.0,0.0,1.0,3.0,0.0,0.0,6.204381,49.256,0.0,Hamedan,False,0.0
1.0,0.0,1.0,0.0,1.0,1.0,1.0,2.0,6.205627,49.206,0.0,Hamedan,False,0.0
0.0,2.0,1.0,0.0,1.0,4.0,0.0,0.0,6.27557,49.752,0.0,Hamedan,False,0.0
1.0,3.0,0.0,1.0,1.0,1.0,1.0,1.0,6.191292,49.157,-1.0,Hamedan,False,23.0
0.0,2.0,4.0,1.0,0.0,3.0,0.0,1.0,6.203365,49.206,-1.0,Hamedan,False,23.0
1.0,2.0,2.0,1.0,2.0,0.0,1.0,0.0,6.191356,49.206,0.0,Hamedan,False,0.0
1.0,0.0,3.0,0.0,3.0,3.0,2.0,1.0,6.135202,49.008,-1.0,Hamedan,False,23.0
1.0,0.0,2.0,0.0,1.0,3.0,1.0,2.0,6.205627,49.206,0.0,Hamedan,False,0.0
0.0,2.0,3.0,1.0,2.0,2.0,0.0,2.0,6.237074,49.405,-1.0,Hamedan,False,23.0
0.0,0.0,3.0,1.0,2.0,0.0,0.0,0.0,6.278082,49.851,0.0,Hamedan,False,0.0
0.0,1.0,4.0,1.0,3.0,1.0,1.0,2.0,6.115728,48.76,0.0,Hamedan,False,0.0
0.0,2.0,0.0,0.0,1.0,1.0,1.0,2.0,6.139977,49.058,-1.0,Hamedan,False,23.0
1.0,0.0,3.0,1.0,1.0,2.0,2.0,2.0,6.189379,49.206,0.0,Hamedan,False,0.0
1.0,1.0,1.0,1.0,1.0,2.0,1.0,1.0,6.191292,49.157,-1.0,Hamedan,False,23.0
0.0,3.0,0.0,1.0,1.0,4.0,0.0,1.0,6.14316,49.008,-1.0,Hamedan,False,23.0
1.0,1.0,2.0,0.0,2.0,1.0,1.0,0.0,6.207732,49.256,0.0,Hamedan,False,0.0
1.0,2.0,4.0,1.0,3.0,2.0,2.0,1.0,6.001254,49.008,-1.0,Hamedan,False,23.0
0.0,1.0,0.0,1.0,0.0,2.0,2.0,0.0,6.22384,49.355,1.0,Hamedan,False,1.0
0.0,2.0,1.0,1.0,3.0,1.0,0.0,2.0,6.254336,49.454,-1.0,Hamedan,False,23.0
1.0,1.0,1.0,1.0,3.0,3.0,1.0,0.0,6.21153,49.306,0.0,Hamedan,False,0.0
0.0,2.0,3.0,1.0,1.0,3.0,1.0,0.0,6.21325,49.306,0.0,Hamedan,False,0.0
0.0,0.0,1.0,1.0,1.0,0.0,2.0,0.0,6.220166,49.355,0.0,Hamedan,False,0.0
1.0,1.0,3.0,0.0,2.0,3.0,0.0,1.0,6.272721,49.603,-1.0,Hamedan,False,23.0
1.0,2.0,1.0,1.0,1.0,0.0,1.0,1.0,6.191292,49.157,-1.0,Hamedan,False,23.0
0.0,1.0,3.0,0.0,0.0,4.0,1.0,0.0,6.229099,49.405,1.0,Hamedan,False,1.0
0.0,1.0,1.0,1.0,2.0,0.0,1.0,2.0,6.15367,48.909,0.0,Hamedan,False,0.0
1.0,2.0,4.0,0.0,2.0,4.0,2.0,0.0,6.196608,49.157,0.0,Hamedan,False,0.0
1.0,1.0,4.0,1.0,1.0,3.0,1.0,0.0,6.21153,49.306,0.0,Hamedan,False,0.0
1.0,2.0,3.0,0.0,0.0,2.0,1.0,1.0,6.143262,49.008,-1.0,Hamedan,False,23.0
1.0,2.0,0.0,1.0,1.0,1.0,1.0,2.0,6.189474,49.107,0.0,Hamedan,False,0.0
1.0,2.0,2.0,1.0,3.0,0.0,2.0,2.0,6.000296,48.909,-1.0,Hamedan,False,23.0
1.0,2.0,3.0,1.0,2.0,1.0,1.0,2.0,6.112222,48.958,-1.0,Hamedan,False,23.0
0.0,1.0,3.0,0.0,3.0,2.0,2.0,1.0,6.204205,49.107,0.0,Hamedan,False,0.0
1.0,1.0,3.0,0.0,3.0,1.0,1.0,1.0,6.118536,48.859,-1.0,Hamedan,False,23.0
0.0,1.0,1.0,0.0,1.0,2.0,0.0,2.0,6.243739,49.355,-1.0,Hamedan,False,23.0
1.0,2.0,3.0,1.0,2.0,4.0,1.0,2.0,6.112222,48.958,-1.0,Hamedan,False,23.0
0.0,3.0,3.0,0.0,3.0,1.0,0.0,0.0,6.304941,49.802,0.0,Hamedan,False,0.0
0.0,3.0,4.0,1.0,2.0,2.0,0.0,0.0,6.267691,49.702,0.0,Hamedan,False,0.0
1.0,1.0,4.0,1.0,2.0,2.0,1.0,0.0,6.21153,49.306,0.0,Hamedan,False,0.0
1.0,1.0,2.0,0.0,1.0,4.0,2.0,0.0,6.212629,49.256,0.0,Hamedan,False,0.0
1.0,2.0,2.0,1.0,2.0,2.0,1.0,2.0,6.112222,48.958,-1.0,Hamedan,False,23.0
0.0,1.0,2.0,0.0,1.0,3.0,0.0,1.0,6.243799,49.454,-1.0,Hamedan,False,23.0
1.0,0.0,3.0,1.0,1.0,0.0,1.0,2.0,6.189532,49.206,0.0,Hamedan,False,0.0
1.0,3.0,4.0,0.0,0.0,3.0,1.0,1.0,6.077268,48.81,-1.0,Hamedan,False,23.0
0.0,1.0,2.0,1.0,3.0,3.0,0.0,1.0,6.3022,49.802,-1.0,Hamedan,False,23.0
0.0,0.0,3.0,1.0,3.0,0.0,2.0,1.0,6.127681,49.058,0.0,Hamedan,False,0.0
1.0,2.0,3.0,0.0,2.0,4.0,0.0,1.0,6.212012,49.405,-1.0,Hamedan,False,23.0
0.0,1.0,3.0,0.0,3.0,2.0,1.0,1.0,6.198778,49.206,0.0,Hamedan,False,0.0
1.0,1.0,1.0,1.0,3.0,0.0,2.0,0.0,6.21049,49.306,0.0,Hamedan,False,0.0
1.0,1.0,1.0,1.0,0.0,4.0,1.0,2.0,6.189532,49.206,0.0,Hamedan,False,0.0
0.0,1.0,2.0,1.0,1.0,1.0,2.0,1.0,6.200311,49.107,0.0,Hamedan,False,0.0
0.0,1.0,0.0,0.0,3.0,2.0,0.0,2.0,6.243739,49.355,-1.0,Hamedan,False,23.0
1.0,0.0,2.0,1.0,2.0,2.0,0.0,2.0,6.220144,49.355,0.0,Hamedan,False,0.0
0.0,2.0,3.0,1.0,3.0,1.0,0.0,0.0,6.300727,49.95,-1.0,Hamedan,True,23.0
1.0,2.0,2.0,0.0,1.0,3.0,0.0,0.0,6.221798,49.504,0.0,Hamedan,False,0.0
1.0,2.0,3.0,1.0,3.0,3.0,1.0,2.0,6.000725,49.008,-1.0,Hamedan,False,23.0
1.0,2.0,2.0,1.0,1.0,4.0,1.0,0.0,6.21153,49.306,0.0,Hamedan,False,0.0
0.0,2.0,4.0,0.0,3.0,2.0,1.0,2.0,6.139977,49.058,-1.0,Hamedan,False,23.0
1.0,1.0,0.0,0.0,0.0,3.0,1.0,1.0,6.201114,49.206,0.0,Hamedan,False,0.0
1.0,0.0,1.0,0.0,2.0,3.0,1.0,1.0,6.197797,49.206,0.0,Hamedan,False,0.0
0.0,1.0,0.0,0.0,1.0,4.0,0.0,2.0,6.243739,49.355,-1.0,Hamedan,False,23.0
1.0,1.0,1.0,1.0,1.0,1.0,0.0,1.0,6.235371,49.454,-1.0,Hamedan,False,23.0
1.0,2.0,2.0,0.0,2.0,0.0,2.0,0.0,6.196608,49.157,0.0,Hamedan,False,0.0
0.0,2.0,2.0,0.0,0.0,1.0,0.0,1.0,6.228482,49.405,0.0,Hamedan,False,0.0
0.0,3.0,4.0,1.0,2.0,2.0,1.0,2.0,6.079512,48.661,-1.0,Hamedan,False,23.0
0.0,1.0,2.0,1.0,2.0,2.0,2.0,1.0,6.151791,49.058,-1.0,Hamedan,False,23.0
0.0,2.0,2.0,0.0,3.0,4.0,0.0,1.0,6.227312,49.504,-1.0,Hamedan,False,23.0
0.0,0.0,3.0,1.0,0.0,4.0,2.0,0.0,6.224986,49.405,1.0,Hamedan,False,1.0
0.0,3.0,2.0,0.0,2.0,3.0,1.0,1.0,6.135896,49.107,-1.0,Hamedan,False,23.0
0.0,0.0,2.0,1.0,3.0,3.0,2.0,1.0,6.127681,49.058,0.0,Hamedan,False,0.0
1.0,3.0,3.0,1.0,1.0,0.0,1.0,0.0,6.21153,49.306,0.0,Hamedan,False,0.0
0.0,1.0,2.0,0.0,2.0,4.0,1.0,0.0,6.20902,49.256,0.0,Hamedan,False,0.0
1.0,1.0,2.0,1.0,2.0,4.0,0.0,0.0,6.23306,49.554,0.0,Hamedan,False,0.0
1.0,0.0,2.0,1.0,2.0,3.0,1.0,0.0,6.221505,49.355,1.0,Hamedan,False,1.0
0.0,3.0,3.0,0.0,3.0,2.0,0.0,1.0,6.215932,49.405,-1.0,Hamedan,False,23.0
1.0,2.0,1.0,1.0,3.0,3.0,1.0,1.0,6.001761,49.008,-1.0,Hamedan,False,23.0
0.0,2.0,3.0,0.0,2.0,4.0,0.0,1.0,6.227312,49.504,-1.0,Hamedan,False,23.0
1.0,2.0,0.0,0.0,0.0,4.0,2.0,0.0,6.185192,49.256,0.0,Hamedan,False,0.0
1.0,3.0,1.0,1.0,0.0,2.0,0.0,2.0,6.220144,49.355,0.0,Hamedan,False,0.0
0.0,3.0,3.0,1.0,0.0,3.0,1.0,1.0,6.10267,48.859,-1.0,Hamedan,False,23.0
1.0,3.0,1.0,1.0,3.0,3.0,1.0,1.0,6.001761,49.008,-1.0,Hamedan,False,23.0
1.0,3.0,3.0,0.0,2.0,4.0,1.0,1.0,6.054576,49.157,-1.0,Hamedan,False,23.0
0.0,2.0,3.0,0.0,0.0,1.0,0.0,0.0,6.236653,49.454,0.0,Hamedan,False,0.0
0.0,0.0,0.0,1.0,1.0,2.0,2.0,0.0,6.220166,49.355,0.0,Hamedan,False,0.0
1.0,2.0,2.0,0.0,1.0,2.0,2.0,1.0,6.133566,48.859,-1.0,Hamedan,False,23.0
1.0,3.0,3.0,1.0,0.0,2.0,0.0,0.0,6.211904,49.454,0.0,Hamedan,False,0.0
0.0,2.0,3.0,0.0,0.0,3.0,2.0,1.0,6.194865,49.306,0.0,Hamedan,False,0.0
1.0,0.0,2.0,0.0,2.0,0.0,1.0,1.0,6.197797,49.206,0.0,Hamedan,False,0.0
1.0,2.0,1.0,1.0,3.0,0.0,1.0,2.0,6.000725,49.008,-1.0,Hamedan,False,23.0
0.0,1.0,0.0,1.0,1.0,3.0,0.0,1.0,6.241675,49.405,-1.0,Hamedan,False,23.0
1.0,3.0,1.0,0.0,1.0,2.0,1.0,2.0,6.07042,48.76,-1.0,Hamedan,False,23.0
0.0,1.0,1.0,0.0,3.0,2.0,1.0,0.0,6.222742,49.405,1.0,Hamedan,False,1.0
1.0,2.0,4.0,0.0,0.0,2.0,0.0,1.0,6.154636,49.107,-1.0,Hamedan,False,23.0
0.0,1.0,1.0,1.0,1.0,0.0,1.0,2.0,6.201865,49.107,0.0,Hamedan,False,0.0
1.0,2.0,0.0,1.0,2.0,3.0,2.0,2.0,6.111772,48.909,-1.0,Hamedan,False,23.0
0.0,1.0,3.0,1.0,3.0,2.0,2.0,1.0,6.114953,48.81,-1.0,Hamedan,False,23.0
0.0,2.0,2.0,1.0,0.0,1.0,2.0,0.0,6.198172,49.355,1.0,Hamedan,False,1.0
0.0,1.0,1.0,1.0,2.0,1.0,1.0,2.0,6.15367,48.909,0.0,Hamedan,False,0.0
1.0,0.0,1.0,0.0,3.0,3.0,1.0,0.0,6.190499,49.058,0.0,Hamedan,False,0.0
0.0,3.0,1.0,1.0,0.0,1.0,2.0,1.0,6.102618,48.859,-1.0,Hamedan,False,23.0
1.0,2.0,2.0,0.0,2.0,2.0,2.0,0.0,6.196608,49.157,0.0,Hamedan,False,0.0
0.0,0.0,3.0,1.0,0.0,1.0,1.0,2.0,6.192971,49.256,0.0,Hamedan,False,0.0
0.0,1.0,1.0,0.0,3.0,3.0,0.0,1.0,6.243799,49.454,-1.0,Hamedan,False,23.0
0.0,1.0,2.0,1.0,2.0,1.0,2.0,1.0,6.151791,49.058,-1.0,Hamedan,False,23.0
1.0,2.0,2.0,1.0,1.0,4.0,2.0,1.0,6.189815,49.107,-1.0,Hamedan,False,23.0
1.0,1.0,4.0,1.0,1.0,3.0,0.0,0.0,6.23306,49.554,0.0,Hamedan,False,0.0
1.0,2.0,3.0,1.0,2.0,1.0,2.0,1.0,6.111841,49.008,-1.0,Hamedan,False,23.0
0.0,2.0,1.0,1.0,1.0,1.0,1.0,2.0,6.157966,48.81,-1.0,Hamedan,False,23.0
0.0,2.0,2.0,1.0,2.0,1.0,2.0,1.0,6.127342,49.058,-1.0,Hamedan,False,23.0
1.0,3.0,0.0,1.0,1.0,4.0,0.0,1.0,6.235371,49.454,-1.0,Hamedan,False,23.0
1.0,3.0,1.0,0.0,2.0,2.0,1.0,1.0,6.054576,49.157,-1.0,Hamedan,False,23.0
1.0,2.0,0.0,1.0,0.0,1.0,1.0,2.0,6.189532,49.206,0.0,Hamedan,False,0.0
1.0,3.0,2.0,1.0,1.0,3.0,1.0,0.0,6.21153,49.306,0.0,Hamedan,False,0.0
0.0,3.0,1.0,0.0,1.0,2.0,1.0,1.0,6.198778,49.206,0.0,Hamedan,False,0.0
0.0,2.0,3.0,1.0,0.0,3.0,1.0,0.0,6.197259,49.405,1.0,Hamedan,False,1.0
0.0,0.0,3.0,0.0,2.0,0.0,1.0,1.0,6.194575,49.306,0.0,Hamedan,False,0.0
0.0,1.0,3.0,0.0,1.0,1.0,0.0,1.0,6.243799,49.454,-1.0,Hamedan,False,23.0
0.0,0.0,2.0,1.0,2.0,1.0,0.0,0.0,6.278082,49.851,0.0,Hamedan,False,0.0
0.0,1.0,1.0,0.0,1.0,2.0,1.0,0.0,6.222742,49.405,1.0,Hamedan,False,1.0
0.0,0.0,1.0,0.0,3.0,0.0,1.0,1.0,6.194575,49.306,0.0,Hamedan,False,0.0
1.0,2.0,1.0,0.0,0.0,0.0,2.0,0.0,6.185192,49.256,0.0,Hamedan,False,0.0
0.0,0.0,1.0,1.0,1.0,3.0,1.0,1.0,6.206935,49.206,0.0,Hamedan,False,0.0
0.0,0.0,3.0,1.0,1.0,2.0,0.0,0.0,6.241086,49.603,0.0,Hamedan,False,0.0
0.0,1.0,1.0,1.0,1.0,1.0,0.0,0.0,6.239321,49.603,0.0,Hamedan,False,0.0
1.0,0.0,0.0,0.0,3.0,3.0,0.0,1.0,6.30535,49.851,-1.0,Hamedan,True,23.0
0.0,2.0,2.0,1.0,1.0,2.0,1.0,1.0,6.144252,49.008,-1.0,Hamedan,False,23.0
0.0,3.0,1.0,0.0,2.0,0.0,0.0,1.0,6.227312,49.504,-1.0,Hamedan,False,23.0
1.0,2.0,3.0,1.0,3.0,3.0,1.0,0.0,6.141854,48.909,0.0,Hamedan,False,0.0
0.0,2.0,0.0,1.0,1.0,2.0,1.0,0.0,6.21325,49.306,0.0,Hamedan,False,0.0
0.0,1.0,2.0,1.0,0.0,4.0,2.0,2.0,6.2092,49.157,0.0,Hamedan,False,0.0
1.0,1.0,2.0,0.0,0.0,2.0,1.0,1.0,6.201114,49.206,0.0,Hamedan,False,0.0
1.0,1.0,3.0,1.0,3.0,3.0,1.0,0.0,6.21153,49.306,0.0,Hamedan,False,0.0
0.0,1.0,2.0,0.0,0.0,3.0,1.0,2.0,6.195978,49.256,0.0,Hamedan,False,0.0
1.0,1.0,0.0,1.0,0.0,1.0,0.0,1.0,6.222154,49.355,0.0,Hamedan,False,0.0
1.0,3.0,3.0,1.0,2.0,2.0,2.0,2.0,6.000296,48.909,-1.0,Hamedan,False,23.0
1.0,0.0,3.0,0.0,1.0,2.0,1.0,1.0,6.205592,49.256,0.0,Hamedan,False,0.0
1.0,2.0,4.0,0.0,1.0,1.0,2.0,0.0,6.20731,49.206,0.0,Hamedan,False,0.0
0.0,0.0,0.0,0.0,0.0,3.0,0.0,1.0,6.228482,49.405,0.0,Hamedan,False,0.0
0.0,1.0,2.0,1.0,0.0,0.0,0.0,0.0,6.214572,49.454,0.0,Hamedan,False,0.0
1.0,2.0,2.0,0.0,2.0,4.0,2.0,1.0,6.119537,49.058,-1.0,Hamedan,False,23.0
0.0,1.0,1.0,0.0,2.0,3.0,1.0,1.0,6.135896,49.107,-1.0,Hamedan,False,23.0
1.0,0.0,0.0,1.0,3.0,4.0,0.0,1.0,6.222154,49.355,0.0,Hamedan,False,0.0
1.0,3.0,3.0,0.0,1.0,3.0,1.0,0.0,6.159659,49.058,0.0,Hamedan,False,0.0
0.0,0.0,3.0,1.0,0.0,3.0,1.0,0.0,6.224715,49.405,1.0,Hamedan,False,1.0
1.0,1.0,1.0,0.0,2.0,3.0,1.0,1.0,6.150971,49.107,-1.0,Hamedan,False,23.0
1.0,2.0,2.0,0.0,3.0,2.0,1.0,1.0,6.093656,48.909,-1.0,Hamedan,False,23.0
1.0,1.0,1.0,0.0,0.0,4.0,0.0,1.0,6.210602,49.256,0.0,Hamedan,False,0.0
1.0,2.0,4.0,0.0,2.0,0.0,2.0,2.0,6.118964,49.008,-1.0,Hamedan,False,23.0
0.0,0.0,1.0,0.0,2.0,3.0,2.0,0.0,6.229292,49.355,0.0,Hamedan,False,0.0
1.0,1.0,2.0,1.0,3.0,1.0,1.0,0.0,6.21153,49.306,0.0,Hamedan,False,0.0
0.0,0.0,1.0,0.0,3.0,0.0,1.0,0.0,6.229099,49.405,1.0,Hamedan,False,1.0
0.0,1.0,3.0,1.0,1.0,4.0,0.0,1.0,6.241675,49.405,-1.0,Hamedan,False,23.0
0.0,2.0,3.0,1.0,2.0,1.0,2.0,1.0,6.127342,49.058,-1.0,Hamedan,False,23.0
0.0,1.0,1.0,0.0,1.0,4.0,0.0,1.0,6.243799,49.454,-1.0,Hamedan,False,23.0
1.0,1.0,3.0,1.0,2.0,4.0,2.0,0.0,6.21049,49.306,0.0,Hamedan,False,0.0
0.0,2.0,3.0,0.0,3.0,3.0,0.0,1.0,6.227312,49.504,-1.0,Hamedan,False,23.0
0.0,0.0,2.0,1.0,1.0,3.0,1.0,1.0,6.206935,49.206,0.0,Hamedan,False,0.0
0.0,3.0,2.0,1.0,1.0,3.0,1.0,1.0,6.095856,48.909,-1.0,Hamedan,False,23.0
0.0,3.0,2.0,0.0,1.0,2.0,2.0,0.0,6.22123,49.306,0.0,Hamedan,False,0.0
1.0,2.0,1.0,1.0,3.0,0.0,2.0,2.0,6.000296,48.909,-1.0,Hamedan,False,23.0
0.0,0.0,4.0,1.0,1.0,1.0,1.0,1.0,6.206935,49.206,0.0,Hamedan,False,0.0
1.0,1.0,0.0,0.0,0.0,2.0,0.0,1.0,6.210602,49.256,0.0,Hamedan,False,0.0
1.0,2.0,1.0,0.0,2.0,0.0,0.0,0.0,6.263188,49.752,0.0,Hamedan,False,0.0
0.0,2.0,1.0,0.0,2.0,3.0,2.0,0.0,6.208869,49.157,0.0,Hamedan,False,0.0
1.0,2.0,1.0,0.0,1.0,0.0,0.0,2.0,6.174463,49.157,-1.0,Hamedan,False,23.0
1.0,3.0,2.0,1.0,1.0,2.0,0.0,0.0,6.23306,49.554,0.0,Hamedan,False,0.0
0.0,1.0,3.0,1.0,2.0,1.0,0.0,0.0,6.274936,49.851,0.0,Hamedan,False,0.0
0.0,2.0,1.0,0.0,2.0,3.0,1.0,0.0,6.20902,49.256,0.0,Hamedan,False,0.0
0.0,2.0,4.0,1.0,2.0,2.0,1.0,2.0,6.13084,48.909,-1.0,Hamedan,False,23.0
0.0,3.0,1.0,0.0,1.0,0.0,2.0,1.0,6.204205,49.107,0.0,Hamedan,False,0.0
1.0,3.0,2.0,0.0,1.0,4.0,2.0,0.0,6.158445,48.958,0.0,Hamedan,False,0.0
0.0,2.0,3.0,0.0,2.0,0.0,0.0,0.0,6.27557,49.752,0.0,Hamedan,False,0.0
1.0,2.0,1.0,0.0,2.0,4.0,1.0,2.0,6.121238,49.058,-1.0,Hamedan,False,23.0
0.0,1.0,2.0,1.0,0.0,2.0,0.0,1.0,6.218842,49.256,0.0,Hamedan,False,0.0
0.0,0.0,0.0,1.0,0.0,3.0,2.0,1.0,6.192543,49.306,0.0,Hamedan,False,0.0
1.0,3.0,2.0,1.0,2.0,1.0,1.0,1.0,6.001761,49.008,-1.0,Hamedan,False,23.0
1.0,2.0,2.0,1.0,1.0,1.0,0.0,1.0,6.235371,49.454,-1.0,Hamedan,False,23.0
0.0,2.0,3.0,0.0,2.0,4.0,2.0,2.0,6.138875,48.958,-1.0,Hamedan,False,23.0
0.0,2.0,4.0,0.0,2.0,3.0,2.0,2.0,6.138875,48.958,-1.0,Hamedan,False,23.0
0.0,1.0,0.0,1.0,1.0,3.0,1.0,2.0,6.201865,49.107,0.0,Hamedan,False,0.0
0.0,2.0,3.0,0.0,0.0,2.0,1.0,2.0,6.195978,49.256,0.0,Hamedan,False,0.0
1.0,3.0,3.0,0.0,2.0,2.0,2.0,1.0,6.056397,49.058,-1.0,Hamedan,False,23.0
1.0,0.0,1.0,1.0,2.0,1.0,2.0,1.0,6.190266,49.206,0.0,Hamedan,False,0.0
0.0,3.0,3.0,0.0,1.0,2.0,1.0,1.0,6.198778,49.206,0.0,Hamedan,False,0.0
1.0,0.0,2.0,0.0,2.0,2.0,2.0,2.0,6.19899,49.107,0.0,Hamedan,False,0.0
1.0,0.0,2.0,0.0,2.0,1.0,1.0,0.0,6.209246,49.256,0.0,Hamedan,False,0.0
1.0,2.0,1.0,0.0,1.0,3.0,1.0,1.0,6.134454,48.958,-1.0,Hamedan,False,23.0
0.0,2.0,3.0,1.0,0.0,1.0,0.0,1.0,6.203365,49.206,-1.0,Hamedan,False,23.0
0.0,2.0,3.0,1.0,3.0,1.0,1.0,0.0,6.17679,49.157,0.0,Hamedan,False,0.0
1.0,1.0,2.0,0.0,2.0,4.0,0.0,2.0,6.272224,49.504,-1.0,Hamedan,False,23.0
1.0,0.0,4.0,0.0,2.0,0.0,0.0,1.0,6.268644,49.702,-1.0,Hamedan,False,23.0
1.0,1.0,3.0,0.0,3.0,1.0,1.0,2.0,6.118428,48.859,-1.0,Hamedan,False,23.0
1.0,1.0,4.0,0.0,1.0,2.0,2.0,1.0,6.192393,49.107,-1.0,Hamedan,False,23.0
1.0,3.0,1.0,1.0,3.0,3.0,0.0,2.0,6.169123,49.206,-1.0,Hamedan,False,23.0
0.0,1.0,4.0,0.0,1.0,1.0,0.0,0.0,6.238241,49.603,0.0,Hamedan,False,0.0
0.0,3.0,3.0,1.0,0.0,2.0,1.0,2.0,6.102874,48.71,-1.0,Hamedan,False,23.0
0.0,0.0,3.0,1.0,1.0,3.0,1.0,0.0,6.217983,49.355,0.0,Hamedan,False,0.0
1.0,3.0,1.0,1.0,2.0,2.0,2.0,2.0,6.000296,48.909,-1.0,Hamedan,False,23.0
0.0,3.0,0.0,0.0,0.0,1.0,2.0,1.0,6.194865,49.306,0.0,Hamedan,False,0.0
0.0,2.0,1.0,0.0,1.0,4.0,0.0,1.0,6.227312,49.504,-1.0,Hamedan,False,23.0
0.0,1.0,1.0,0.0,2.0,1.0,1.0,2.0,6.139977,49.058,-1.0,Hamedan,False,23.0
1.0,2.0,1.0,0.0,1.0,4.0,0.0,0.0,6.221798,49.504,0.0,Hamedan,False,0.0
1.0,1.0,0.0,1.0,1.0,3.0,1.0,1.0,6.191292,49.157,-1.0,Hamedan,False,23.0
1.0,2.0,3.0,0.0,2.0,1.0,1.0,2.0,6.121238,49.058,-1.0,Hamedan,False,23.0
0.0,1.0,1.0,1.0,2.0,0.0,2.0,2.0,6.154217,48.859,0.0,Hamedan,False,0.0
0.0,0.0,2.0,0.0,2.0,3.0,1.0,1.0,6.194575,49.306,0.0,Hamedan,False,0.0
0.0,0.0,2.0,1.0,2.0,3.0,1.0,2.0,6.197725,49.107,1.0,Hamedan,False,1.0
0.0,3.0,4.0,0.0,1.0,1.0,2.0,1.0,6.204205,49.107,0.0,Hamedan,False,0.0
0.0,3.0,4.0,1.0,2.0,1.0,1.0,2.0,6.079512,48.661,-1.0,Hamedan,False,23.0
0.0,3.0,2.0,0.0,3.0,2.0,1.0,2.0,6.061061,49.008,-1.0,Hamedan,False,23.0
1.0,3.0,2.0,0.0,0.0,1.0,1.0,2.0,6.077543,48.76,-1.0,Hamedan,False,23.0
1.0,1.0,2.0,0.0,3.0,3.0,1.0,0.0,6.184066,49.058,0.0,Hamedan,False,0.0
0.0,1.0,3.0,0.0,1.0,4.0,2.0,1.0,6.204205,49.107,0.0,Hamedan,False,0.0
0.0,1.0,3.0,0.0,1.0,1.0,1.0,1.0,6.198778,49.206,0.0,Hamedan,False,0.0
1.0,1.0,2.0,0.0,2.0,1.0,0.0,1.0,6.272721,49.603,-1.0,Hamedan,False,23.0
0.0,0.0,0.0,0.0,1.0,2.0,0.0,0.0,6.236653,49.454,0.0,Hamedan,False,0.0
1.0,2.0,1.0,1.0,2.0,3.0,2.0,2.0,6.111772,48.909,-1.0,Hamedan,False,23.0
1.0,1.0,2.0,1.0,2.0,2.0,1.0,1.0,6.191292,49.157,-1.0,Hamedan,False,23.0
1.0,2.0,4.0,0.0,0.0,1.0,1.0,1.0,6.143262,49.008,-1.0,Hamedan,False,23.0
0.0,2.0,2.0,0.0,1.0,0.0,2.0,0.0,6.208869,49.157,0.0,Hamedan,False,0.0
1.0,3.0,3.0,0.0,3.0,2.0,0.0,0.0,6.278157,49.702,0.0,Hamedan,False,0.0
0.0,2.0,1.0,0.0,3.0,0.0,1.0,2.0,6.139977,49.058,-1.0,Hamedan,False,23.0
0.0,1.0,3.0,1.0,0.0,2.0,2.0,1.0,6.207668,49.206,0.0,Hamedan,False,0.0
1.0,1.0,0.0,0.0,1.0,3.0,1.0,0.0,6.21411,49.355,1.0,Hamedan,False,1.0
0.0,2.0,1.0,1.0,0.0,3.0,1.0,0.0,6.197259,49.405,1.0,Hamedan,False,1.0
0.0,0.0,4.0,1.0,2.0,4.0,1.0,1.0,6.194709,49.206,0.0,Hamedan,False,0.0
1.0,2.0,2.0,0.0,3.0,1.0,1.0,2.0,6.094026,48.859,-1.0,Hamedan,False,23.0
0.0,0.0,4.0,1.0,1.0,3.0,1.0,2.0,6.207366,49.157,1.0,Hamedan,False,1.0
1.0,1.0,2.0,0.0,1.0,4.0,2.0,1.0,6.192393,49.107,-1.0,Hamedan,False,23.0
1.0,1.0,3.0,1.0,2.0,2.0,0.0,1.0,6.235371,49.454,-1.0,Hamedan,False,23.0
1.0,1.0,4.0,1.0,1.0,1.0,1.0,1.0,6.191292,49.157,-1.0,Hamedan,False,23.0
1.0,2.0,0.0,1.0,2.0,1.0,0.0,0.0,6.262895,49.702,0.0,Hamedan,False,0.0
1.0,2.0,3.0,0.0,1.0,0.0,0.0,1.0,6.174543,49.206,-1.0,Hamedan,False,23.0
1.0,2.0,4.0,0.0,2.0,2.0,1.0,1.0,6.119036,49.107,-1.0,Hamedan,False,23.0
0.0,2.0,3.0,1.0,0.0,1.0,1.0,1.0,6.163479,49.107,-1.0,Hamedan,False,23.0
0.0,0.0,4.0,0.0,3.0,2.0,2.0,1.0,6.194865,49.306,0.0,Hamedan,False,0.0
1.0,1.0,3.0,1.0,1.0,2.0,2.0,0.0,6.21049,49.306,0.0,Hamedan,False,0.0
1.0,3.0,2.0,1.0,1.0,2.0,2.0,1.0,6.189815,49.107,-1.0,Hamedan,False,23.0
0.0,3.0,3.0,0.0,1.0,3.0,1.0,1.0,6.198778,49.206,0.0,Hamedan,False,0.0
1.0,2.0,4.0,0.0,2.0,2.0,2.0,0.0,6.196608,49.157,0.0,Hamedan,False,0.0
0.0,2.0,1.0,1.0,3.0,2.0,0.0,1.0,6.251536,49.653,-1.0,Hamedan,False,23.0
1.0,2.0,1.0,1.0,2.0,1.0,1.0,1.0,6.113197,49.107,-1.0,Hamedan,False,23.0
0.0,0.0,2.0,1.0,1.0,1.0,0.0,1.0,6.233031,49.504,-1.0,Hamedan,False,23.0
0.0,1.0,1.0,0.0,1.0,0.0,0.0,1.0,6.243799,49.454,-1.0,Hamedan,False,23.0
1.0,2.0,0.0,1.0,3.0,4.0,1.0,1.0,6.001761,49.008,-1.0,Hamedan,False,23.0
0.0,1.0,1.0,0.0,3.0,4.0,2.0,0.0,6.22123,49.306,0.0,Hamedan,False,0.0
1.0,2.0,0.0,1.0,0.0,3.0,1.0,1.0,6.189642,49.256,0.0,Hamedan,False,0.0
1.0,3.0,2.0,1.0,3.0,2.0,1.0,1.0,6.001761,49.008,-1.0,Hamedan,False,23.0
0.0,1.0,3.0,0.0,2.0,2.0,0.0,1.0,6.227312,49.504,-1.0,Hamedan,False,23.0
1.0,2.0,1.0,0.0,3.0,3.0,1.0,2.0,6.094026,48.859,-1.0,Hamedan,False,23.0
1.0,1.0,2.0,0.0,2.0,1.0,2.0,1.0,6.150483,48.958,-1.0,Hamedan,False,23.0
0.0,3.0,0.0,0.0,1.0,1.0,2.0,1.0,6.204205,49.107,0.0,Hamedan,False,0.0
1.0,0.0,2.0,1.0,2.0,2.0,0.0,1.0,6.222154,49.355,0.0,Hamedan,False,0.0
0.0,0.0,4.0,1.0,1.0,3.0,2.0,0.0,6.220166,49.355,0.0,Hamedan,False,0.0
1.0,2.0,3.0,0.0,0.0,4.0,1.0,2.0,6.142158,48.909,-1.0,Hamedan,False,23.0
0.0,3.0,3.0,0.0,0.0,1.0,1.0,2.0,6.195978,49.256,0.0,Hamedan,False,0.0
1.0,2.0,2.0,1.0,1.0,2.0,1.0,1.0,6.191292,49.157,-1.0,Hamedan,False,23.0
1.0,0.0,1.0,0.0,2.0,1.0,0.0,1.0,6.268644,49.702,-1.0,Hamedan,False,23.0
0.0,0.0,1.0,0.0,2.0,1.0,0.0,1.0,6.228482,49.405,0.0,Hamedan,False,0.0
1.0,1.0,2.0,1.0,1.0,2.0,2.0,1.0,6.189815,49.107,-1.0,Hamedan,False,23.0
0.0,1.0,4.0,0.0,2.0,1.0,1.0,1.0,6.135896,49.107,-1.0,Hamedan,False,23.0
0.0,2.0,1.0,0.0,2.0,1.0,1.0,0.0,6.20902,49.256,0.0,Hamedan,False,0.0
0.0,3.0,4.0,0.0,1.0,2.0,1.0,1.0,6.198778,49.206,0.0,Hamedan,False,0.0
0.0,3.0,3.0,1.0,2.0,4.0,1.0,2.0,6.079512,48.661,-1.0,Hamedan,False,23.0
1.0,2.0,2.0,0.0,2.0,1.0,2.0,1.0,6.119537,49.058,-1.0,Hamedan,False,23.0
0.0,3.0,4.0,1.0,0.0,2.0,0.0,1.0,6.118453,48.859,-1.0,Hamedan,False,23.0
1.0,2.0,3.0,0.0,0.0,3.0,1.0,0.0,6.184359,49.306,1.0,Hamedan,False,1.0
0.0,1.0,4.0,0.0,2.0,3.0,1.0,1.0,6.135896,49.107,-1.0,Hamedan,False,23.0
0.0,2.0,3.0,1.0,2.0,3.0,1.0,2.0,6.13084,48.909,-1.0,Hamedan,False,23.0
0.0,1.0,1.0,0.0,2.0,2.0,2.0,1.0,6.134679,49.008,-1.0,Hamedan,False,23.0
1.0,2.0,2.0,1.0,1.0,1.0,1.0,0.0,6.21153,49.306,0.0,Hamedan,False,0.0
0.0,1.0,0.0,0.0,2.0,2.0,1.0,1.0,6.135896,49.107,-1.0,Hamedan,False,23.0
0.0,1.0,1.0,1.0,1.0,1.0,1.0,1.0,6.199072,49.206,0.0,Hamedan,False,0.0
0.0,1.0,4.0,0.0,1.0,2.0,1.0,0.0,6.222742,49.405,1.0,Hamedan,False,1.0
1.0,1.0,4.0,0.0,2.0,4.0,1.0,1.0,6.150971,49.107,-1.0,Hamedan,False,23.0
1.0,2.0,1.0,0.0,0.0,1.0,2.0,2.0,6.141628,48.909,-1.0,Hamedan,False,23.0
1.0,1.0,2.0,1.0,0.0,3.0,2.0,2.0,6.189379,49.206,0.0,Hamedan,False,0.0
1.0,1.0,2.0,0.0,2.0,2.0,1.0,1.0,6.150971,49.107,-1.0,Hamedan,False,23.0
0.0,2.0,1.0,1.0,2.0,3.0,1.0,1.0,6.126507,49.058,-1.0,Hamedan,False,23.0
1.0,1.0,3.0,1.0,1.0,1.0,1.0,0.0,6.21153,49.306,0.0,Hamedan,False,0.0
1.0,1.0,1.0,1.0,1.0,1.0,1.0,0.0,6.21153,49.306,0.0,Hamedan,False,0.0
1.0,1.0,1.0,0.0,3.0,2.0,1.0,1.0,6.118536,48.859,-1.0,Hamedan,False,23.0
1.0,2.0,4.0,1.0,3.0,2.0,1.0,2.0,6.000725,49.008,-1.0,Hamedan,False,23.0
1.0,2.0,1.0,0.0,2.0,2.0,0.0,1.0,6.212012,49.405,-1.0,Hamedan,False,23.0
0.0,1.0,2.0,1.0,2.0,4.0,2.0,0.0,6.205085,49.256,0.0,Hamedan,False,0.0
0.0,1.0,4.0,0.0,0.0,2.0,0.0,1.0,6.228482,49.405,0.0,Hamedan,False,0.0
0.0,2.0,1.0,1.0,0.0,0.0,1.0,1.0,6.163479,49.107,-1.0,Hamedan,False,23.0
0.0,0.0,2.0,1.0,1.0,1.0,0.0,2.0,6.234691,49.405,0.0,Hamedan,False,0.0
1.0,2.0,3.0,1.0,1.0,4.0,0.0,0.0,6.23306,49.554,0.0,Hamedan,False,0.0
1.0,1.0,1.0,1.0,2.0,2.0,2.0,0.0,6.21049,49.306,0.0,Hamedan,False,0.0
1.0,2.0,3.0,1.0,0.0,3.0,2.0,2.0,6.189379,49.206,0.0,Hamedan,False,0.0
0.0,1.0,3.0,1.0,0.0,1.0,2.0,2.0,6.2092,49.157,0.0,Hamedan,False,0.0
0.0,1.0,1.0,0.0,1.0,2.0,2.0,1.0,6.204205,49.107,0.0,Hamedan,False,0.0
0.0,0.0,3.0,0.0,2.0,4.0,1.0,0.0,6.229099,49.405,1.0,Hamedan,False,1.0
0.0,0.0,3.0,0.0,1.0,1.0,1.0,2.0,6.195978,49.256,0.0,Hamedan,False,0.0
0.0,2.0,3.0,0.0,1.0,3.0,2.0,1.0,6.134679,49.008,-1.0,Hamedan,False,23.0
1.0,3.0,3.0,0.0,0.0,2.0,1.0,0.0,6.16506,49.107,0.0,Hamedan,False,0.0
1.0,2.0,3.0,0.0,0.0,0.0,2.0,1.0,6.142223,48.958,-1.0,Hamedan,False,23.0
1.0,1.0,1.0,0.0,1.0,1.0,2.0,2.0,6.194656,49.058,0.0,Hamedan,False,0.0
1.0,2.0,2.0,1.0,0.0,1.0,1.0,2.0,6.189532,49.206,0.0,Hamedan,False,0.0
1.0,1.0,4.0,1.0,1.0,0.0,1.0,1.0,6.191292,49.157,-1.0,Hamedan,False,23.0
0.0,1.0,1.0,0.0,1.0,1.0,0.0,0.0,6.238241,49.603,0.0,Hamedan,False,0.0
0.0,2.0,4.0,1.0,2.0,1.0,1.0,1.0,6.126507,49.058,-1.0,Hamedan,False,23.0
0.0,3.0,0.0,1.0,2.0,0.0,1.0,1.0,6.078566,49.256,-1.0,Hamedan,False,23.0
0.0,1.0,3.0,0.0,2.0,3.0,1.0,1.0,6.135896,49.107,-1.0,Hamedan,False,23.0
1.0,1.0,1.0,0.0,1.0,3.0,1.0,1.0,6.195157,49.058,-1.0,Hamedan,False,23.0
0.0,0.0,2.0,1.0,2.0,2.0,0.0,1.0,6.269663,49.752,-1.0,Hamedan,False,23.0
1.0,1.0,2.0,0.0,1.0,3.0,1.0,1.0,6.195157,49.058,-1.0,Hamedan,False,23.0
1.0,1.0,1.0,1.0,2.0,3.0,0.0,1.0,6.235371,49.454,-1.0,Hamedan,False,23.0
1.0,3.0,2.0,1.0,0.0,4.0,2.0,2.0,6.189379,49.206,0.0,Hamedan,False,0.0
1.0,2.0,2.0,1.0,3.0,1.0,1.0,1.0,6.001761,49.008,-1.0,Hamedan,False,23.0
1.0,0.0,2.0,1.0,1.0,2.0,0.0,2.0,6.220144,49.355,0.0,Hamedan,False,0.0
0.0,1.0,0.0,0.0,3.0,4.0,1.0,0.0,7.986023,79.266,-3.0,Kashan,False,21.0
0.0,2.0,3.0,0.0,3.0,2.0,0.0,2.0,8.052329,81.597,-3.0,Kashan,False,21.0
1.0,3.0,4.0,1.0,3.0,2.0,1.0,2.0,7.798875,78.869,-3.0,Kashan,False,21.0
0.0,1.0,1.0,1.0,1.0,3.0,1.0,0.0,7.982672,79.266,-3.0,Kashan,False,21.0
1.0,0.0,4.0,1.0,1.0,4.0,2.0,1.0,7.948553,79.415,-3.0,Kashan,False,21.0
0.0,2.0,1.0,1.0,2.0,0.0,0.0,0.0,8.127128,81.3,-3.0,Kashan,False,21.0
0.0,2.0,0.0,1.0,1.0,1.0,1.0,1.0,7.92519,79.117,-3.0,Kashan,False,21.0
1.0,2.0,2.0,0.0,1.0,2.0,1.0,0.0,7.966352,79.167,-3.0,Kashan,False,21.0
1.0,2.0,1.0,1.0,2.0,2.0,1.0,1.0,7.899215,79.117,-3.0,Kashan,False,21.0
0.0,2.0,0.0,1.0,3.0,1.0,2.0,1.0,7.867182,79.067,-3.0,Kashan,False,21.0
1.0,0.0,0.0,1.0,1.0,3.0,1.0,1.0,7.949658,79.415,-3.0,Kashan,False,21.0
1.0,3.0,1.0,1.0,2.0,1.0,1.0,1.0,7.8023,78.919,-3.0,Kashan,False,21.0
1.0,1.0,3.0,0.0,1.0,3.0,1.0,2.0,7.95041,79.415,-3.0,Kashan,False,21.0
1.0,0.0,0.0,1.0,0.0,4.0,1.0,0.0,8.000642,79.315,-3.0,Kashan,False,21.0
0.0,0.0,3.0,0.0,1.0,4.0,1.0,0.0,7.986023,79.266,-3.0,Kashan,False,21.0
0.0,1.0,4.0,0.0,3.0,3.0,1.0,0.0,7.986023,79.266,-3.0,Kashan,False,21.0
1.0,2.0,3.0,0.0,0.0,1.0,1.0,2.0,7.927112,79.067,-3.0,Kashan,False,21.0
1.0,1.0,2.0,1.0,0.0,3.0,1.0,1.0,7.949658,79.415,-3.0,Kashan,False,21.0
1.0,1.0,3.0,0.0,2.0,0.0,0.0,0.0,8.131308,81.548,-3.0,Kashan,False,21.0
0.0,1.0,2.0,0.0,3.0,0.0,1.0,1.0,7.956787,79.464,-3.0,Kashan,False,21.0
1.0,1.0,2.0,0.0,1.0,2.0,1.0,2.0,7.95041,79.415,-3.0,Kashan,False,21.0
1.0,2.0,2.0,1.0,1.0,1.0,0.0,0.0,8.120257,81.25,-3.0,Kashan,False,21.0
0.0,2.0,1.0,1.0,2.0,3.0,2.0,2.0,7.900596,79.018,-3.0,Kashan,False,21.0
1.0,1.0,3.0,1.0,1.0,0.0,1.0,1.0,7.949658,79.415,-3.0,Kashan,False,21.0
0.0,0.0,4.0,0.0,2.0,1.0,0.0,1.0,8.029596,79.762,-3.0,Kashan,False,21.0
1.0,3.0,2.0,1.0,0.0,1.0,2.0,2.0,7.796976,78.869,-3.0,Kashan,False,21.0
1.0,2.0,3.0,1.0,2.0,3.0,1.0,0.0,7.944431,79.415,-3.0,Kashan,False,21.0
0.0,2.0,3.0,0.0,0.0,2.0,0.0,1.0,8.029596,79.762,-3.0,Kashan,False,21.0
0.0,1.0,0.0,0.0,2.0,4.0,0.0,2.0,8.047405,80.258,-3.0,Kashan,False,21.0
0.0,1.0,2.0,1.0,1.0,0.0,0.0,2.0,8.051401,80.308,-3.0,Kashan,False,21.0
0.0,1.0,4.0,1.0,2.0,3.0,1.0,0.0,7.962663,79.712,-3.0,Kashan,False,21.0
0.0,1.0,2.0,0.0,1.0,1.0,1.0,2.0,7.953829,79.365,-3.0,Kashan,False,21.0
0.0,2.0,1.0,0.0,1.0,2.0,1.0,2.0,7.953829,79.365,-3.0,Kashan,False,21.0
1.0,2.0,1.0,0.0,0.0,1.0,0.0,2.0,7.969258,79.96,-3.0,Kashan,False,21.0
1.0,3.0,4.0,0.0,1.0,2.0,1.0,0.0,7.936593,79.315,-2.0,Kashan,False,22.0
1.0,0.0,2.0,0.0,2.0,3.0,2.0,1.0,7.95148,79.365,-3.0,Kashan,False,21.0
1.0,2.0,4.0,0.0,1.0,3.0,1.0,1.0,7.918836,79.117,-3.0,Kashan,False,21.0
0.0,3.0,0.0,0.0,2.0,3.0,1.0,1.0,7.824175,79.067,-3.0,Kashan,False,21.0
0.0,0.0,4.0,1.0,2.0,2.0,1.0,1.0,7.953095,79.464,-3.0,Kashan,False,21.0
1.0,2.0,0.0,0.0,3.0,2.0,1.0,0.0,7.911727,79.167,-3.0,Kashan,False,21.0
0.0,0.0,3.0,1.0,2.0,2.0,1.0,1.0,7.953095,79.464,-3.0,Kashan,False,21.0
1.0,1.0,2.0,0.0,3.0,4.0,1.0,1.0,7.898882,79.167,-3.0,Kashan,False,21.0
0.0,2.0,4.0,1.0,2.0,2.0,1.0,1.0,7.90743,79.167,-3.0,Kashan,False,21.0
1.0,2.0,3.0,1.0,2.0,0.0,1.0,2.0,7.896995,79.067,-3.0,Kashan,False,21.0
1.0,1.0,2.0,1.0,0.0,2.0,1.0,0.0,7.978124,79.216,-3.0,Kashan,False,21.0
0.0,2.0,3.0,0.0,2.0,2.0,2.0,1.0,7.907835,79.067,-3.0,Kashan,False,21.0
0.0,3.0,1.0,0.0,1.0,3.0,2.0,1.0,7.955273,79.415,-3.0,Kashan,False,21.0
0.0,2.0,1.0,0.0,2.0,2.0,0.0,1.0,8.076363,81.498,-3.0,Kashan,False,21.0
1.0,2.0,1.0,0.0,3.0,3.0,1.0,0.0,7.911727,79.167,-3.0,Kashan,False,21.0
1.0,0.0,3.0,0.0,2.0,4.0,0.0,2.0,8.121939,81.2,-3.0,Kashan,False,21.0
0.0,1.0,1.0,0.0,2.0,1.0,2.0,1.0,7.955273,79.415,-3.0,Kashan,False,21.0
0.0,1.0,4.0,1.0,0.0,2.0,1.0,0.0,7.995691,79.315,-3.0,Kashan,False,21.0
1.0,1.0,1.0,1.0,2.0,3.0,1.0,1.0,7.899215,79.117,-3.0,Kashan,False,21.0
1.0,2.0,1.0,0.0,0.0,0.0,2.0,2.0,7.925895,79.067,-3.0,Kashan,False,21.0
1.0,2.0,3.0,0.0,1.0,2.0,1.0,1.0,7.918836,79.117,-3.0,Kashan,False,21.0
0.0,1.0,0.0,1.0,2.0,4.0,2.0,1.0,7.933882,79.167,-3.0,Kashan,False,21.0
1.0,1.0,2.0,0.0,3.0,3.0,0.0,0.0,8.172105,82.242,-3.0,Kashan,True,21.0
1.0,2.0,2.0,1.0,2.0,3.0,2.0,1.0,7.897821,79.067,-3.0,Kashan,False,21.0
1.0,1.0,1.0,1.0,1.0,0.0,1.0,2.0,7.948008,79.415,-3.0,Kashan,False,21.0
1.0,2.0,3.0,1.0,2.0,4.0,0.0,1.0,8.071615,81.498,-3.0,Kashan,False,21.0
1.0,1.0,1.0,1.0,3.0,3.0,0.0,2.0,8.035303,81.895,-3.0,Kashan,False,21.0
1.0,1.0,2.0,0.0,1.0,2.0,0.0,2.0,8.043938,80.308,-3.0,Kashan,False,21.0
1.0,1.0,1.0,0.0,2.0,2.0,1.0,1.0,7.934305,79.216,-3.0,Kashan,False,21.0
0.0,1.0,3.0,0.0,0.0,3.0,1.0,1.0,7.956787,79.464,-3.0,Kashan,False,21.0
0.0,0.0,3.0,1.0,1.0,4.0,0.0,1.0,8.073346,80.456,-3.0,Kashan,False,21.0
1.0,2.0,3.0,1.0,1.0,2.0,1.0,0.0,7.944431,79.415,-3.0,Kashan,False,21.0
1.0,1.0,4.0,1.0,2.0,1.0,0.0,1.0,8.071615,81.498,-3.0,Kashan,False,21.0
0.0,2.0,3.0,0.0,0.0,0.0,1.0,1.0,7.987022,79.216,-3.0,Kashan,False,21.0
1.0,1.0,2.0,0.0,0.0,2.0,2.0,0.0,7.992249,79.266,-3.0,Kashan,False,21.0
0.0,1.0,4.0,1.0,1.0,0.0,1.0,2.0,7.951251,79.365,-3.0,Kashan,False,21.0
0.0,1.0,4.0,0.0,1.0,1.0,1.0,2.0,7.953829,79.365,-3.0,Kashan,False,21.0
0.0,3.0,2.0,1.0,1.0,1.0,2.0,0.0,7.947314,79.365,-2.0,Kashan,False,22.0
1.0,0.0,4.0,1.0,3.0,1.0,1.0,0.0,7.875536,79.018,-3.0,Kashan,False,21.0
0.0,3.0,1.0,0.0,0.0,1.0,2.0,1.0,7.986323,79.167,-3.0,Kashan,False,21.0
0.0,3.0,3.0,1.0,1.0,2.0,2.0,0.0,7.947314,79.365,-2.0,Kashan,False,22.0
1.0,1.0,1.0,1.0,0.0,2.0,1.0,1.0,7.949658,79.415,-3.0,Kashan,False,21.0
0.0,2.0,2.0,1.0,2.0,1.0,1.0,1.0,7.90743,79.167,-3.0,Kashan,False,21.0
0.0,2.0,3.0,0.0,0.0,1.0,2.0,1.0,7.986323,79.167,-3.0,Kashan,False,21.0
0.0,0.0,1.0,1.0,3.0,0.0,1.0,1.0,7.91235,79.167,-3.0,Kashan,False,21.0
0.0,3.0,0.0,0.0,3.0,3.0,0.0,2.0,8.052329,81.597,-3.0,Kashan,False,21.0
0.0,1.0,2.0,0.0,2.0,3.0,0.0,1.0,8.050791,80.357,-3.0,Kashan,False,21.0
1.0,2.0,1.0,1.0,1.0,1.0,1.0,1.0,7.899215,79.117,-3.0,Kashan,False,21.0
1.0,3.0,1.0,0.0,0.0,4.0,0.0,1.0,7.90565,79.563,-3.0,Kashan,False,21.0
1.0,2.0,1.0,1.0,1.0,3.0,0.0,1.0,8.071615,81.498,-3.0,Kashan,False,21.0
1.0,2.0,1.0,1.0,1.0,3.0,2.0,1.0,7.897821,79.067,-3.0,Kashan,False,21.0
0.0,1.0,0.0,1.0,1.0,1.0,2.0,2.0,7.950437,79.365,-3.0,Kashan,False,21.0
0.0,1.0,2.0,1.0,1.0,0.0,1.0,1.0,7.954212,79.464,-3.0,Kashan,False,21.0
0.0,1.0,1.0,0.0,2.0,1.0,0.0,0.0,8.078818,80.704,-3.0,Kashan,False,21.0
0.0,2.0,3.0,0.0,2.0,0.0,0.0,0.0,8.123778,81.25,-3.0,Kashan,False,21.0
0.0,2.0,2.0,1.0,2.0,1.0,2.0,1.0,7.906049,79.117,-3.0,Kashan,False,21.0
1.0,2.0,0.0,0.0,0.0,1.0,0.0,1.0,7.971202,80.01,-3.0,Kashan,False,21.0
1.0,1.0,2.0,0.0,2.0,1.0,1.0,1.0,7.934305,79.216,-3.0,Kashan,False,21.0
1.0,1.0,0.0,0.0,1.0,1.0,1.0,1.0,7.951803,79.415,-3.0,Kashan,False,21.0
1.0,1.0,1.0,0.0,2.0,3.0,2.0,0.0,7.959769,79.613,-3.0,Kashan,False,21.0
1.0,2.0,3.0,0.0,3.0,3.0,1.0,0.0,7.911727,79.167,-3.0,Kashan,False,21.0
0.0,0.0,4.0,1.0,2.0,3.0,1.0,1.0,7.953095,79.464,-3.0,Kashan,False,21.0
0.0,0.0,4.0,0.0,2.0,3.0,1.0,0.0,8.004196,79.315,-3.0,Kashan,False,21.0
0.0,2.0,3.0,0.0,1.0,4.0,0.0,2.0,8.047405,80.258,-3.0,Kashan,False,21.0
1.0,1.0,4.0,0.0,2.0,0.0,1.0,1.0,7.934305,79.216,-3.0,Kashan,False,21.0
0.0,1.0,3.0,0.0,1.0,1.0,2.0,2.0,7.951917,79.315,-3.0,Kashan,False,21.0
0.0,1.0,2.0,1.0,2.0,1.0,1.0,2.0,7.932485,79.117,-3.0,Kashan,False,21.0
0.0,1.0,3.0,0.0,2.0,4.0,1.0,2.0,7.953829,79.365,-3.0,Kashan,False,21.0
0.0,0.0,3.0,0.0,3.0,4.0,1.0,1.0,7.987022,79.216,-3.0,Kashan,False,21.0
1.0,3.0,2.0,1.0,1.0,2.0,0.0,2.0,8.035303,81.895,-3.0,Kashan,False,21.0
0.0,2.0,0.0,1.0,1.0,4.0,2.0,0.0,7.970692,79.167,-3.0,Kashan,False,21.0
0.0,2.0,3.0,0.0,1.0,2.0,2.0,1.0,7.955273,79.415,-3.0,Kashan,False,21.0
0.0,2.0,2.0,0.0,0.0,3.0,1.0,1.0,7.987022,79.216,-3.0,Kashan,False,21.0
0.0,1.0,1.0,0.0,1.0,1.0,0.0,1.0,8.050791,80.357,-3.0,Kashan,False,21.0
1.0,0.0,3.0,0.0,0.0,2.0,2.0,1.0,7.983534,79.167,-3.0,Kashan,False,21.0
0.0,2.0,0.0,0.0,3.0,2.0,0.0,1.0,8.060763,81.746,-3.0,Kashan,False,21.0
1.0,1.0,1.0,0.0,3.0,1.0,2.0,1.0,7.893088,79.067,-3.0,Kashan,False,21.0
0.0,3.0,4.0,0.0,3.0,2.0,2.0,1.0,7.818062,78.968,-3.0,Kashan,False,21.0
1.0,3.0,1.0,0.0,0.0,0.0,2.0,1.0,7.863098,78.968,-3.0,Kashan,False,21.0
0.0,2.0,1.0,0.0,3.0,2.0,1.0,2.0,7.813832,78.919,-3.0,Kashan,False,21.0
0.0,1.0,3.0,1.0,2.0,2.0,1.0,0.0,7.962663,79.712,-3.0,Kashan,False,21.0
0.0,2.0,2.0,1.0,2.0,4.0,0.0,1.0,8.079418,81.548,-3.0,Kashan,False,21.0
0.0,1.0,2.0,0.0,2.0,3.0,0.0,2.0,8.047405,80.258,-3.0,Kashan,False,21.0
1.0,2.0,3.0,0.0,3.0,1.0,2.0,1.0,7.862709,78.968,-3.0,Kashan,False,21.0
0.0,2.0,0.0,0.0,1.0,3.0,1.0,2.0,7.953829,79.365,-3.0,Kashan,False,21.0
0.0,0.0,1.0,1.0,1.0,2.0,2.0,1.0,7.972039,79.167,-3.0,Kashan,False,21.0
1.0,0.0,3.0,1.0,3.0,3.0,0.0,2.0,8.035303,81.895,-3.0,Kashan,False,21.0
1.0,1.0,3.0,0.0,0.0,1.0,1.0,2.0,7.961178,79.613,-3.0,Kashan,False,21.0
0.0,0.0,1.0,1.0,0.0,1.0,1.0,1.0,7.985487,79.216,-3.0,Kashan,False,21.0
1.0,0.0,4.0,1.0,1.0,3.0,0.0,1.0,8.049347,80.407,-3.0,Kashan,False,21.0
0.0,1.0,0.0,1.0,2.0,4.0,1.0,2.0,7.932485,79.117,-3.0,Kashan,False,21.0
1.0,0.0,1.0,1.0,2.0,1.0,0.0,2.0,8.069188,81.498,-3.0,Kashan,False,21.0
0.0,3.0,2.0,1.0,1.0,3.0,2.0,1.0,7.867527,79.067,-3.0,Kashan,False,21.0
0.0,3.0,2.0,0.0,2.0,1.0,1.0,1.0,7.824175,79.067,-3.0,Kashan,False,21.0
0.0,1.0,2.0,1.0,1.0,2.0,0.0,1.0,8.054496,80.407,-3.0,Kashan,False,21.0
1.0,3.0,1.0,1.0,1.0,1.0,2.0,1.0,7.800122,78.919,-3.0,Kashan,False,21.0
1.0,2.0,2.0,1.0,1.0,3.0,1.0,2.0,7.896995,79.067,-3.0,Kashan,False,21.0
0.0,3.0,2.0,0.0,1.0,3.0,1.0,2.0,7.953829,79.365,-3.0,Kashan,False,21.0
1.0,3.0,3.0,0.0,3.0,4.0,1.0,2.0,7.806085,78.919,-3.0,Kashan,False,21.0
1.0,3.0,2.0,0.0,1.0,3.0,0.0,0.0,8.030656,80.208,-2.0,Kashan,False,22.0
0.0,0.0,2.0,1.0,1.0,1.0,1.0,2.0,7.971,79.117,-3.0,Kashan,False,21.0
0.0,3.0,1.0,0.0,2.0,2.0,2.0,1.0,7.818062,78.968,-3.0,Kashan,False,21.0
0.0,1.0,1.0,1.0,0.0,3.0,0.0,1.0,8.012178,79.762,-3.0,Kashan,False,21.0
0.0,1.0,0.0,0.0,0.0,3.0,0.0,0.0,8.078818,80.704,-3.0,Kashan,False,21.0
0.0,1.0,3.0,1.0,1.0,1.0,0.0,1.0,8.054496,80.407,-3.0,Kashan,False,21.0
0.0,2.0,2.0,0.0,0.0,0.0,0.0,1.0,8.029596,79.762,-3.0,Kashan,False,21.0
0.0,2.0,3.0,1.0,1.0,4.0,1.0,1.0,7.92519,79.117,-3.0,Kashan,False,21.0
0.0,2.0,2.0,1.0,0.0,0.0,1.0,0.0,7.983299,79.266,-3.0,Kashan,False,21.0
0.0,1.0,1.0,1.0,0.0,4.0,1.0,1.0,7.96559,79.663,-3.0,Kashan,False,21.0
0.0,2.0,1.0,1.0,2.0,3.0,1.0,1.0,7.90743,79.167,-3.0,Kashan,False,21.0
0.0,1.0,1.0,1.0,2.0,4.0,1.0,0.0,7.962663,79.712,-3.0,Kashan,False,21.0
0.0,1.0,1.0,1.0,3.0,2.0,1.0,2.0,7.892711,79.067,-3.0,Kashan,False,21.0
0.0,1.0,2.0,0.0,3.0,1.0,1.0,1.0,7.956787,79.464,-3.0,Kashan,False,21.0
1.0,1.0,1.0,1.0,3.0,3.0,1.0,0.0,7.875536,79.018,-3.0,Kashan,False,21.0
1.0,1.0,0.0,1.0,1.0,2.0,1.0,0.0,7.978124,79.216,-3.0,Kashan,False,21.0
1.0,2.0,1.0,0.0,2.0,1.0,2.0,1.0,7.899677,79.067,-3.0,Kashan,False,21.0
1.0,2.0,3.0,1.0,3.0,0.0,1.0,2.0,7.798875,78.869,-3.0,Kashan,False,21.0
1.0,1.0,1.0,1.0,1.0,3.0,0.0,1.0,8.049347,80.407,-3.0,Kashan,False,21.0
0.0,0.0,1.0,1.0,2.0,2.0,1.0,1.0,7.953095,79.464,-3.0,Kashan,False,21.0
1.0,0.0,3.0,1.0,3.0,1.0,1.0,1.0,7.8023,78.919,-3.0,Kashan,False,21.0
0.0,1.0,1.0,0.0,3.0,2.0,2.0,2.0,7.951917,79.315,-3.0,Kashan,False,21.0
0.0,0.0,3.0,0.0,0.0,3.0,1.0,1.0,7.987022,79.216,-3.0,Kashan,False,21.0
0.0,1.0,0.0,1.0,2.0,3.0,1.0,1.0,7.935067,79.216,-3.0,Kashan,False,21.0
0.0,0.0,0.0,0.0,0.0,1.0,1.0,1.0,7.987022,79.216,-3.0,Kashan,False,21.0
0.0,0.0,2.0,0.0,1.0,2.0,0.0,0.0,8.078818,80.704,-3.0,Kashan,False,21.0
0.0,3.0,3.0,0.0,1.0,1.0,1.0,1.0,7.956787,79.464,-3.0,Kashan,False,21.0
1.0,0.0,3.0,1.0,2.0,2.0,0.0,1.0,8.071615,81.498,-3.0,Kashan,False,21.0
1.0,1.0,2.0,1.0,2.0,2.0,2.0,0.0,7.942896,79.415,-3.0,Kashan,False,21.0
0.0,2.0,2.0,1.0,2.0,2.0,2.0,2.0,7.900596,79.018,-3.0,Kashan,False,21.0
0.0,3.0,4.0,0.0,1.0,3.0,0.0,2.0,8.047405,80.258,-3.0,Kashan,False,21.0
0.0,2.0,4.0,1.0,3.0,4.0,1.0,2.0,7.863756,79.018,-3.0,Kashan,False,21.0
1.0,2.0,3.0,0.0,0.0,4.0,2.0,0.0,7.976448,79.117,-3.0,Kashan,False,21.0
0.0,0.0,3.0,0.0,2.0,3.0,1.0,1.0,7.987022,79.216,-3.0,Kashan,False,21.0
1.0,2.0,3.0,1.0,3.0,1.0,1.0,2.0,7.798875,78.869,-3.0,Kashan,False,21.0
0.0,1.0,4.0,1.0,0.0,1.0,1.0,2.0,7.962866,79.563,-3.0,Kashan,False,21.0
1.0,3.0,3.0,0.0,1.0,2.0,0.0,2.0,7.94447,80.159,-3.0,Kashan,False,21.0
1.0,2.0,0.0,0.0,2.0,4.0,0.0,1.0,8.068259,81.448,-3.0,Kashan,False,21.0
0.0,2.0,1.0,0.0,2.0,2.0,1.0,0.0,7.956597,79.712,-3.0,Kashan,False,21.0
0.0,0.0,1.0,0.0,1.0,4.0,1.0,1.0,7.956787,79.464,-3.0,Kashan,False,21.0
0.0,2.0,0.0,0.0,1.0,3.0,2.0,0.0,7.983416,79.216,-3.0,Kashan,False,21.0
0.0,3.0,1.0,1.0,1.0,1.0,1.0,1.0,7.868271,79.067,-3.0,Kashan,False,21.0
0.0,0.0,2.0,0.0,3.0,1.0,0.0,2.0,8.027426,79.712,7.0,Kashan,False,7.0
1.0,2.0,3.0,1.0,1.0,2.0,1.0,1.0,7.899215,79.117,-3.0,Kashan,False,21.0
0.0,2.0,2.0,0.0,2.0,1.0,1.0,0.0,7.956597,79.712,-3.0,Kashan,False,21.0
1.0,2.0,3.0,0.0,0.0,1.0,1.0,0.0,7.97742,79.216,-3.0,Kashan,False,21.0
1.0,3.0,3.0,1.0,1.0,2.0,0.0,1.0,8.038786,81.944,-3.0,Kashan,False,21.0
1.0,3.0,1.0,1.0,2.0,2.0,1.0,0.0,7.875536,79.018,-3.0,Kashan,False,21.0
0.0,2.0,0.0,0.0,2.0,3.0,2.0,1.0,7.907835,79.067,-3.0,Kashan,False,21.0
0.0,0.0,2.0,1.0,2.0,1.0,2.0,0.0,7.968275,79.167,-3.0,Kashan,False,21.0
1.0,1.0,2.0,1.0,1.0,2.0,0.0,1.0,8.049347,80.407,-3.0,Kashan,False,21.0
0.0,2.0,1.0,0.0,2.0,0.0,0.0,2.0,8.071116,81.349,-3.0,Kashan,False,21.0
0.0,0.0,3.0,0.0,1.0,2.0,0.0,2.0,8.047405,80.258,-3.0,Kashan,False,21.0
0.0,1.0,1.0,0.0,3.0,3.0,1.0,1.0,7.956787,79.464,-3.0,Kashan,False,21.0
0.0,3.0,2.0,1.0,2.0,0.0,1.0,2.0,7.841028,78.968,-3.0,Kashan,False,21.0
0.0,0.0,3.0,0.0,0.0,4.0,1.0,2.0,7.985312,79.117,-3.0,Kashan,False,21.0
1.0,2.0,4.0,1.0,2.0,0.0,1.0,1.0,7.899215,79.117,-3.0,Kashan,False,21.0
1.0,0.0,4.0,1.0,2.0,3.0,0.0,1.0,8.071615,81.498,-3.0,Kashan,False,21.0
1.0,2.0,2.0,0.0,3.0,3.0,1.0,1.0,7.868975,79.067,-3.0,Kashan,False,21.0
0.0,1.0,2.0,0.0,2.0,4.0,1.0,1.0,7.956787,79.464,-3.0,Kashan,False,21.0
1.0,2.0,1.0,1.0,0.0,1.0,1.0,0.0,7.944431,79.415,-3.0,Kashan,False,21.0
0.0,0.0,4.0,0.0,2.0,3.0,1.0,1.0,7.987022,79.216,-3.0,Kashan,False,21.0
1.0,2.0,1.0,1.0,3.0,2.0,0.0,0.0,8.119868,82.093,-3.0,Kashan,False,21.0
0.0,0.0,3.0,1.0,1.0,0.0,1.0,1.0,7.972875,79.167,-3.0,Kashan,False,21.0
1.0,0.0,0.0,1.0,1.0,2.0,0.0,1.0,8.049347,80.407,-3.0,Kashan,False,21.0
0.0,2.0,2.0,1.0,2.0,0.0,2.0,0.0,7.950598,79.415,-3.0,Kashan,False,21.0
1.0,0.0,2.0,1.0,2.0,0.0,0.0,1.0,8.071615,81.498,-3.0,Kashan,False,21.0
1.0,0.0,2.0,1.0,2.0,1.0,2.0,1.0,7.897821,79.067,-3.0,Kashan,False,21.0
0.0,2.0,3.0,0.0,1.0,0.0,1.0,0.0,7.986023,79.266,-3.0,Kashan,False,21.0
0.0,2.0,2.0,0.0,2.0,2.0,1.0,2.0,7.90579,79.067,-3.0,Kashan,False,21.0
1.0,2.0,1.0,0.0,1.0,2.0,1.0,1.0,7.918836,79.117,-3.0,Kashan,False,21.0
1.0,0.0,3.0,0.0,3.0,2.0,1.0,1.0,7.917866,79.167,-3.0,Kashan,False,21.0
0.0,1.0,0.0,1.0,2.0,1.0,0.0,1.0,8.108795,81.25,-3.0,Kashan,False,21.0
0.0,2.0,2.0,0.0,1.0,1.0,2.0,1.0,7.955273,79.415,-3.0,Kashan,False,21.0
1.0,1.0,2.0,0.0,2.0,3.0,1.0,2.0,7.933021,79.167,-3.0,Kashan,False,21.0
0.0,3.0,3.0,0.0,1.0,3.0,1.0,1.0,7.956787,79.464,-3.0,Kashan,False,21.0
0.0,0.0,4.0,1.0,1.0,2.0,1.0,1.0,7.972875,79.167,-3.0,Kashan,False,21.0
1.0,2.0,0.0,0.0,1.0,3.0,0.0,1.0,8.011565,80.605,-3.0,Kashan,False,21.0
0.0,1.0,4.0,1.0,1.0,3.0,0.0,0.0,8.083391,80.804,-3.0,Kashan,False,21.0
1.0,1.0,3.0,0.0,3.0,3.0,1.0,1.0,7.898882,79.167,-3.0,Kashan,False,21.0
1.0,2.0,1.0,0.0,1.0,2.0,1.0,2.0,7.916638,79.067,-3.0,Kashan,False,21.0
1.0,2.0,0.0,0.0,1.0,2.0,2.0,1.0,7.91729,79.067,-3.0,Kashan,False,21.0
1.0,1.0,1.0,0.0,1.0,2.0,2.0,0.0,7.978975,79.167,-3.0,Kashan,False,21.0
1.0,1.0,0.0,0.0,1.0,1.0,2.0,1.0,7.949778,79.365,-3.0,Kashan,False,21.0
0.0,3.0,1.0,1.0,2.0,1.0,1.0,2.0,7.841028,78.968,-3.0,Kashan,False,21.0
1.0,0.0,1.0,0.0,1.0,0.0,1.0,0.0,7.990433,79.266,-3.0,Kashan,False,21.0
0.0,1.0,3.0,1.0,2.0,3.0,0.0,2.0,8.106129,81.151,-3.0,Kashan,False,21.0
1.0,1.0,4.0,0.0,1.0,0.0,2.0,0.0,7.978975,79.167,-3.0,Kashan,False,21.0
0.0,2.0,2.0,1.0,0.0,2.0,1.0,2.0,7.93143,79.117,-3.0,Kashan,False,21.0
0.0,1.0,1.0,1.0,1.0,1.0,0.0,0.0,8.083391,80.804,-3.0,Kashan,False,21.0
0.0,2.0,0.0,0.0,3.0,2.0,0.0,2.0,8.052329,81.597,-3.0,Kashan,False,21.0
1.0,3.0,3.0,0.0,1.0,2.0,1.0,2.0,7.851305,78.968,-3.0,Kashan,False,21.0
0.0,1.0,2.0,1.0,2.0,3.0,1.0,1.0,7.935067,79.216,-3.0,Kashan,False,21.0
1.0,2.0,1.0,1.0,1.0,3.0,1.0,1.0,7.899215,79.117,-3.0,Kashan,False,21.0
0.0,2.0,4.0,1.0,2.0,3.0,2.0,1.0,7.906049,79.117,-3.0,Kashan,False,21.0
0.0,0.0,2.0,0.0,2.0,0.0,1.0,2.0,7.985312,79.117,-3.0,Kashan,False,21.0
1.0,1.0,3.0,1.0,1.0,4.0,1.0,0.0,7.978124,79.216,-3.0,Kashan,False,21.0
1.0,1.0,3.0,1.0,2.0,1.0,2.0,2.0,7.895531,79.067,-3.0,Kashan,False,21.0
1.0,1.0,3.0,0.0,2.0,3.0,2.0,1.0,7.930815,79.117,-3.0,Kashan,False,21.0
0.0,1.0,1.0,0.0,2.0,2.0,1.0,0.0,7.986023,79.266,-3.0,Kashan,False,21.0
0.0,1.0,0.0,1.0,3.0,2.0,2.0,0.0,7.919384,79.167,-3.0,Kashan,False,21.0
0.0,1.0,1.0,0.0,2.0,1.0,0.0,2.0,8.047405,80.258,-3.0,Kashan,False,21.0
1.0,0.0,3.0,1.0,2.0,0.0,0.0,1.0,8.071615,81.498,-3.0,Kashan,False,21.0
0.0,1.0,0.0,1.0,0.0,1.0,2.0,2.0,7.962465,79.563,-3.0,Kashan,False,21.0
0.0,1.0,4.0,0.0,3.0,2.0,1.0,0.0,7.986023,79.266,-3.0,Kashan,False,21.0
1.0,2.0,2.0,0.0,2.0,0.0,2.0,1.0,7.899677,79.067,-3.0,Kashan,False,21.0
1.0,1.0,3.0,0.0,3.0,4.0,1.0,2.0,7.897638,79.117,-3.0,Kashan,False,21.0
1.0,1.0,1.0,1.0,0.0,2.0,0.0,2.0,8.04825,80.357,-3.0,Kashan,False,21.0
0.0,2.0,4.0,0.0,3.0,3.0,2.0,2.0,7.809196,78.77,-3.0,Kashan,False,21.0
1.0,0.0,1.0,0.0,2.0,1.0,2.0,0.0,7.968241,79.117,-3.0,Kashan,False,21.0
1.0,2.0,1.0,1.0,1.0,0.0,1.0,2.0,7.896995,79.067,-3.0,Kashan,False,21.0
0.0,2.0,0.0,1.0,1.0,3.0,0.0,2.0,8.019121,80.605,-3.0,Kashan,False,21.0
0.0,1.0,0.0,1.0,3.0,2.0,0.0,2.0,8.135087,81.647,-3.0,Kashan,False,21.0
1.0,1.0,3.0,0.0,1.0,3.0,1.0,0.0,7.980812,79.266,-3.0,Kashan,False,21.0
1.0,2.0,2.0,0.0,0.0,1.0,1.0,2.0,7.927112,79.067,-3.0,Kashan,False,21.0
0.0,2.0,4.0,1.0,1.0,3.0,1.0,1.0,7.92519,79.117,-3.0,Kashan,False,21.0
1.0,1.0,3.0,0.0,3.0,1.0,1.0,1.0,7.898882,79.167,-3.0,Kashan,False,21.0
0.0,1.0,0.0,0.0,0.0,2.0,1.0,1.0,7.956787,79.464,-3.0,Kashan,False,21.0
1.0,3.0,3.0,0.0,2.0,3.0,2.0,0.0,7.915573,78.968,-2.0,Kashan,False,22.0
1.0,2.0,2.0,0.0,2.0,2.0,0.0,0.0,8.116736,81.2,-3.0,Kashan,False,21.0
1.0,2.0,1.0,0.0,3.0,2.0,2.0,1.0,7.862709,78.968,-3.0,Kashan,False,21.0
1.0,1.0,0.0,0.0,0.0,3.0,0.0,0.0,8.035283,79.861,-3.0,Kashan,False,21.0
1.0,0.0,3.0,1.0,0.0,3.0,2.0,0.0,8.000242,79.315,-3.0,Kashan,False,21.0
1.0,3.0,2.0,1.0,3.0,3.0,2.0,0.0,7.873484,79.018,-3.0,Kashan,False,21.0
1.0,0.0,4.0,1.0,2.0,1.0,1.0,0.0,7.944431,79.415,-3.0,Kashan,False,21.0
0.0,0.0,3.0,1.0,2.0,2.0,0.0,0.0,8.145253,81.597,-3.0,Kashan,False,21.0
1.0,1.0,3.0,0.0,1.0,1.0,0.0,1.0,8.045271,80.308,-3.0,Kashan,False,21.0
0.0,1.0,2.0,0.0,2.0,1.0,0.0,0.0,8.078818,80.704,-3.0,Kashan,False,21.0
0.0,2.0,2.0,0.0,3.0,2.0,0.0,1.0,8.060763,81.746,-3.0,Kashan,False,21.0
0.0,1.0,2.0,0.0,1.0,4.0,0.0,1.0,8.050791,80.357,-3.0,Kashan,False,21.0
1.0,3.0,0.0,1.0,1.0,1.0,2.0,2.0,7.796976,78.869,-3.0,Kashan,False,21.0
0.0,2.0,4.0,0.0,1.0,3.0,1.0,1.0,7.956787,79.464,-3.0,Kashan,False,21.0
1.0,2.0,3.0,0.0,2.0,2.0,1.0,1.0,7.903228,79.117,-3.0,Kashan,False,21.0
1.0,2.0,3.0,0.0,1.0,0.0,1.0,1.0,7.918836,79.117,-3.0,Kashan,False,21.0
1.0,3.0,2.0,0.0,0.0,4.0,1.0,2.0,7.860414,78.968,-3.0,Kashan,False,21.0
1.0,3.0,4.0,0.0,3.0,0.0,2.0,1.0,7.804049,78.819,-3.0,Kashan,False,21.0
1.0,0.0,3.0,1.0,1.0,2.0,1.0,1.0,7.949658,79.415,-3.0,Kashan,False,21.0
0.0,3.0,1.0,1.0,1.0,4.0,1.0,1.0,7.868271,79.067,-3.0,Kashan,False,21.0
1.0,1.0,1.0,0.0,2.0,3.0,0.0,1.0,8.101628,81.151,-3.0,Kashan,False,21.0
0.0,2.0,1.0,0.0,1.0,1.0,1.0,0.0,7.986023,79.266,-3.0,Kashan,False,21.0
1.0,1.0,0.0,0.0,0.0,3.0,1.0,1.0,7.962084,79.663,-3.0,Kashan,False,21.0
1.0,2.0,2.0,0.0,0.0,2.0,1.0,1.0,7.92897,79.117,-3.0,Kashan,False,21.0
0.0,0.0,1.0,1.0,2.0,3.0,1.0,2.0,7.951388,79.415,-3.0,Kashan,False,21.0
1.0,2.0,1.0,0.0,3.0,2.0,1.0,1.0,7.868975,79.067,-3.0,Kashan,False,21.0
0.0,0.0,0.0,0.0,1.0,4.0,1.0,1.0,7.956787,79.464,-3.0,Kashan,False,21.0
0.0,1.0,1.0,0.0,1.0,0.0,1.0,1.0,7.956787,79.464,-3.0,Kashan,False,21.0
0.0,1.0,4.0,0.0,2.0,3.0,2.0,1.0,7.955273,79.415,-3.0,Kashan,False,21.0
0.0,1.0,4.0,1.0,0.0,3.0,0.0,0.0,8.040942,79.911,-3.0,Kashan,False,21.0
0.0,0.0,4.0,0.0,2.0,1.0,1.0,2.0,7.985312,79.117,-3.0,Kashan,False,21.0
0.0,1.0,1.0,1.0,2.0,4.0,2.0,1.0,7.933882,79.167,-3.0,Kashan,False,21.0
1.0,0.0,2.0,1.0,1.0,3.0,1.0,0.0,7.978124,79.216,-3.0,Kashan,False,21.0
1.0,1.0,3.0,1.0,0.0,3.0,1.0,0.0,7.978124,79.216,-3.0,Kashan,False,21.0
1.0,1.0,3.0,1.0,3.0,4.0,2.0,2.0,7.796976,78.869,-3.0,Kashan,False,21.0
0.0,1.0,4.0,1.0,1.0,0.0,0.0,2.0,8.051401,80.308,-3.0,Kashan,False,21.0
0.0,1.0,3.0,0.0,0.0,3.0,0.0,1.0,8.050791,80.357,-3.0,Kashan,False,21.0
0.0,2.0,1.0,1.0,2.0,0.0,1.0,1.0,7.90743,79.167,-3.0,Kashan,False,21.0
1.0,3.0,1.0,0.0,1.0,3.0,0.0,1.0,7.947924,80.258,-3.0,Kashan,False,21.0
0.0,2.0,1.0,1.0,3.0,3.0,2.0,1.0,7.867182,79.067,-3.0,Kashan,False,21.0
0.0,2.0,3.0,0.0,1.0,2.0,1.0,2.0,7.953829,79.365,-3.0,Kashan,False,21.0
0.0,1.0,3.0,1.0,0.0,2.0,1.0,0.0,7.995691,79.315,-3.0,Kashan,False,21.0
1.0,0.0,3.0,1.0,2.0,3.0,2.0,0.0,7.942896,79.415,-3.0,Kashan,False,21.0
0.0,3.0,2.0,0.0,3.0,0.0,1.0,2.0,7.813832,78.919,-3.0,Kashan,False,21.0
0.0,1.0,3.0,0.0,3.0,1.0,2.0,1.0,7.955273,79.415,-3.0,Kashan,False,21.0
1.0,3.0,1.0,0.0,3.0,1.0,2.0,1.0,7.804049,78.819,-3.0,Kashan,False,21.0
0.0,1.0,3.0,1.0,1.0,0.0,1.0,1.0,7.954212,79.464,-3.0,Kashan,False,21.0
0.0,2.0,0.0,1.0,1.0,0.0,1.0,1.0,7.92519,79.117,-3.0,Kashan,False,21.0
1.0,2.0,3.0,1.0,3.0,2.0,1.0,1.0,7.8023,78.919,-3.0,Kashan,False,21.0
0.0,2.0,2.0,0.0,3.0,1.0,1.0,1.0,7.824175,79.067,-3.0,Kashan,False,21.0
1.0,3.0,1.0,1.0,3.0,3.0,1.0,0.0,7.875536,79.018,-3.0,Kashan,False,21.0
0.0,2.0,0.0,0.0,2.0,0.0,1.0,2.0,7.90579,79.067,-3.0,Kashan,False,21.0
0.0,0.0,1.0,1.0,1.0,2.0,1.0,1.0,7.972875,79.167,-3.0,Kashan,False,21.0
1.0,2.0,3.0,0.0,1.0,3.0,1.0,1.0,7.918836,79.117,-3.0,Kashan,False,21.0
0.0,0.0,0.0,1.0,0.0,2.0,1.0,0.0,8.002933,79.315,-3.0,Kashan,False,21.0
1.0,3.0,3.0,0.0,3.0,1.0,0.0,0.0,8.129291,81.696,-3.0,Kashan,False,21.0
1.0,0.0,2.0,0.0,1.0,1.0,1.0,0.0,7.990433,79.266,-3.0,Kashan,False,21.0
1.0,2.0,1.0,0.0,1.0,2.0,2.0,1.0,7.91729,79.067,-3.0,Kashan,False,21.0
0.0,2.0,3.0,0.0,1.0,1.0,0.0,1.0,8.050791,80.357,-3.0,Kashan,False,21.0
1.0,1.0,1.0,1.0,1.0,1.0,1.0,1.0,7.949658,79.415,-3.0,Kashan,False,21.0
0.0,1.0,2.0,1.0,1.0,0.0,0.0,1.0,8.054496,80.407,-3.0,Kashan,False,21.0
1.0,1.0,4.0,0.0,2.0,1.0,1.0,1.0,7.934305,79.216,-3.0,Kashan,False,21.0
0.0,1.0,3.0,1.0,2.0,3.0,2.0,1.0,7.933882,79.167,-3.0,Kashan,False,21.0
0.0,1.0,4.0,1.0,1.0,1.0,1.0,2.0,7.951251,79.365,-3.0,Kashan,False,21.0
0.0,2.0,2.0,1.0,3.0,3.0,1.0,2.0,7.863756,79.018,-3.0,Kashan,False,21.0
1.0,2.0,0.0,0.0,2.0,1.0,1.0,0.0,7.948781,79.415,-3.0,Kashan,False,21.0
1.0,1.0,1.0,1.0,2.0,2.0,1.0,1.0,7.899215,79.117,-3.0,Kashan,False,21.0
1.0,2.0,1.0,0.0,3.0,3.0,2.0,2.0,7.860786,78.968,-3.0,Kashan,False,21.0
1.0,0.0,2.0,0.0,0.0,0.0,2.0,0.0,8.000976,79.315,-3.0,Kashan,False,21.0
0.0,3.0,2.0,0.0,0.0,4.0,2.0,1.0,7.986323,79.167,-3.0,Kashan,False,21.0
0.0,3.0,3.0,1.0,0.0,1.0,2.0,1.0,7.878625,79.067,-3.0,Kashan,False,21.0
1.0,3.0,0.0,1.0,2.0,1.0,1.0,2.0,7.798875,78.869,-3.0,Kashan,False,21.0
0.0,2.0,1.0,0.0,0.0,3.0,2.0,0.0,8.00244,79.315,-3.0,Kashan,False,21.0
1.0,3.0,3.0,1.0,1.0,3.0,2.0,1.0,7.800122,78.919,-3.0,Kashan,False,21.0
0.0,0.0,2.0,0.0,1.0,1.0,2.0,1.0,7.955273,79.415,-3.0,Kashan,False,21.0
1.0,3.0,2.0,1.0,3.0,1.0,2.0,0.0,7.873484,79.018,-3.0,Kashan,False,21.0
1.0,1.0,1.0,1.0,2.0,2.0,0.0,2.0,8.069188,81.498,-3.0,Kashan,False,21.0
1.0,3.0,1.0,0.0,3.0,2.0,1.0,0.0,7.883564,79.018,-2.0,Kashan,False,22.0
1.0,3.0,0.0,1.0,3.0,0.0,0.0,1.0,8.038786,81.944,-3.0,Kashan,False,21.0
1.0,1.0,1.0,1.0,1.0,4.0,0.0,1.0,8.049347,80.407,-3.0,Kashan,False,21.0
0.0,1.0,3.0,1.0,1.0,3.0,0.0,1.0,8.054496,80.407,-3.0,Kashan,False,21.0
1.0,2.0,3.0,1.0,2.0,3.0,1.0,1.0,7.899215,79.117,-3.0,Kashan,False,21.0
0.0,2.0,3.0,0.0,1.0,3.0,2.0,1.0,7.955273,79.415,-3.0,Kashan,False,21.0
1.0,2.0,1.0,0.0,2.0,1.0,1.0,2.0,7.901029,79.067,-3.0,Kashan,False,21.0
1.0,3.0,1.0,1.0,2.0,0.0,1.0,1.0,7.8023,78.919,-3.0,Kashan,False,21.0
0.0,1.0,3.0,1.0,1.0,1.0,1.0,0.0,7.982672,79.266,-3.0,Kashan,False,21.0
0.0,2.0,4.0,0.0,0.0,0.0,0.0,2.0,8.027426,79.712,7.0,Kashan,False,7.0
0.0,3.0,0.0,0.0,2.0,2.0,1.0,1.0,7.824175,79.067,-3.0,Kashan,False,21.0
0.0,2.0,2.0,1.0,1.0,4.0,0.0,0.0,8.072084,80.506,-3.0,Kashan,False,21.0
0.0,1.0,3.0,0.0,0.0,2.0,0.0,0.0,8.078818,80.704,-3.0,Kashan,False,21.0
0.0,1.0,0.0,1.0,2.0,1.0,1.0,1.0,7.935067,79.216,-3.0,Kashan,False,21.0
1.0,3.0,0.0,1.0,1.0,4.0,2.0,0.0,7.873484,79.018,-3.0,Kashan,False,21.0
1.0,3.0,1.0,1.0,2.0,3.0,0.0,0.0,8.119868,82.093,-3.0,Kashan,False,21.0
0.0,3.0,1.0,1.0,2.0,0.0,2.0,1.0,7.849848,79.067,-3.0,Kashan,False,21.0
1.0,2.0,1.0,1.0,2.0,0.0,1.0,1.0,7.899215,79.117,-3.0,Kashan,False,21.0
1.0,0.0,2.0,0.0,1.0,4.0,1.0,2.0,7.971721,79.167,-3.0,Kashan,False,21.0
1.0,2.0,4.0,1.0,1.0,1.0,0.0,0.0,8.120257,81.25,-3.0,Kashan,False,21.0
0.0,0.0,2.0,1.0,1.0,1.0,1.0,1.0,7.972875,79.167,-3.0,Kashan,False,21.0
1.0,0.0,1.0,1.0,2.0,3.0,2.0,1.0,7.897821,79.067,-3.0,Kashan,False,21.0
0.0,3.0,3.0,0.0,1.0,3.0,2.0,2.0,7.951917,79.315,-3.0,Kashan,False,21.0
1.0,2.0,1.0,1.0,0.0,1.0,1.0,2.0,7.896995,79.067,-3.0,Kashan,False,21.0
1.0,3.0,4.0,0.0,0.0,0.0,1.0,1.0,7.864074,79.018,-3.0,Kashan,False,21.0
0.0,3.0,3.0,1.0,0.0,0.0,0.0,1.0,7.922287,80.01,-3.0,Kashan,False,21.0
1.0,0.0,2.0,0.0,1.0,1.0,0.0,0.0,8.083803,80.704,-3.0,Kashan,False,21.0
0.0,1.0,3.0,1.0,1.0,1.0,0.0,2.0,8.051401,80.308,-3.0,Kashan,False,21.0
1.0,1.0,3.0,1.0,2.0,1.0,1.0,2.0,7.896995,79.067,-3.0,Kashan,False,21.0
0.0,2.0,1.0,1.0,2.0,1.0,1.0,1.0,7.90743,79.167,-3.0,Kashan,False,21.0
0.0,0.0,4.0,1.0,1.0,4.0,1.0,1.0,7.972875,79.167,-3.0,Kashan,False,21.0
0.0,2.0,2.0,1.0,1.0,2.0,1.0,2.0,7.919676,79.018,-3.0,Kashan,False,21.0
0.0,2.0,0.0,0.0,1.0,1.0,0.0,1.0,8.050791,80.357,-3.0,Kashan,False,21.0
1.0,1.0,1.0,1.0,0.0,3.0,0.0,0.0,8.079659,80.506,-3.0,Kashan,False,21.0
1.0,2.0,4.0,0.0,2.0,2.0,1.0,0.0,7.948781,79.415,-3.0,Kashan,False,21.0
1.0,1.0,1.0,0.0,0.0,4.0,0.0,2.0,8.003951,79.663,-3.0,Kashan,False,21.0
1.0,0.0,4.0,1.0,2.0,4.0,0.0,1.0,8.071615,81.498,-3.0,Kashan,False,21.0
0.0,3.0,3.0,1.0,2.0,2.0,1.0,2.0,7.841028,78.968,-3.0,Kashan,False,21.0
1.0,1.0,0.0,0.0,2.0,3.0,0.0,0.0,8.131308,81.548,-3.0,Kashan,False,21.0
0.0,0.0,4.0,1.0,1.0,0.0,1.0,0.0,7.990079,79.266,-3.0,Kashan,False,21.0
0.0,0.0,2.0,1.0,3.0,4.0,2.0,2.0,7.908818,79.067,-3.0,Kashan,False,21.0
0.0,1.0,1.0,1.0,2.0,3.0,2.0,1.0,7.933882,79.167,-3.0,Kashan,False,21.0
0.0,2.0,2.0,0.0,1.0,4.0,1.0,2.0,7.953829,79.365,-3.0,Kashan,False,21.0
0.0,1.0,4.0,1.0,1.0,1.0,1.0,1.0,7.954212,79.464,-3.0,Kashan,False,21.0
1.0,3.0,1.0,1.0,0.0,2.0,1.0,1.0,7.8023,78.919,-3.0,Kashan,False,21.0
0.0,1.0,3.0,0.0,3.0,3.0,0.0,0.0,8.078818,80.704,-3.0,Kashan,False,21.0
1.0,3.0,2.0,1.0,0.0,4.0,2.0,0.0,7.873484,79.018,-3.0,Kashan,False,21.0
1.0,1.0,1.0,1.0,1.0,2.0,1.0,2.0,7.948008,79.415,-3.0,Kashan,False,21.0
1.0,2.0,1.0,1.0,1.0,4.0,1.0,1.0,7.899215,79.117,-3.0,Kashan,False,21.0
0.0,2.0,3.0,0.0,0.0,2.0,1.0,0.0,8.004196,79.315,-3.0,Kashan,False,21.0
0.0,1.0,4.0,0.0,1.0,2.0,0.0,1.0,8.050791,80.357,-3.0,Kashan,False,21.0
1.0,1.0,2.0,1.0,3.0,1.0,2.0,2.0,7.796976,78.869,-3.0,Kashan,False,21.0
0.0,2.0,2.0,0.0,2.0,0.0,1.0,2.0,7.90579,79.067,-3.0,Kashan,False,21.0
0.0,1.0,3.0,1.0,2.0,2.0,1.0,1.0,7.935067,79.216,-3.0,Kashan,False,21.0
1.0,0.0,2.0,0.0,2.0,1.0,2.0,2.0,7.950749,79.365,-3.0,Kashan,False,21.0
1.0,3.0,3.0,1.0,3.0,4.0,1.0,1.0,7.8023,78.919,-3.0,Kashan,False,21.0
1.0,2.0,0.0,0.0,1.0,0.0,1.0,1.0,7.918836,79.117,-3.0,Kashan,False,21.0
0.0,3.0,2.0,0.0,1.0,1.0,0.0,0.0,8.078818,80.704,-3.0,Kashan,False,21.0
1.0,2.0,2.0,0.0,2.0,1.0,2.0,0.0,7.945646,79.365,-3.0,Kashan,False,21.0
1.0,0.0,4.0,1.0,1.0,2.0,2.0,1.0,7.948553,79.415,-3.0,Kashan,False,21.0
1.0,3.0,1.0,0.0,1.0,3.0,0.0,2.0,7.94447,80.159,-3.0,Kashan,False,21.0
1.0,2.0,1.0,1.0,2.0,2.0,1.0,2.0,7.896995,79.067,-3.0,Kashan,False,21.0
0.0,2.0,3.0,0.0,0.0,0.0,0.0,0.0,8.046022,80.109,-3.0,Kashan,False,21.0
0.0,2.0,3.0,1.0,2.0,1.0,2.0,2.0,7.900596,79.018,-3.0,Kashan,False,21.0
1.0,2.0,3.0,0.0,2.0,3.0,1.0,1.0,7.903228,79.117,-3.0,Kashan,False,21.0
0.0,0.0,1.0,0.0,2.0,4.0,0.0,1.0,8.029596,79.762,-3.0,Kashan,False,21.0
0.0,1.0,1.0,0.0,1.0,1.0,1.0,1.0,7.956787,79.464,-3.0,Kashan,False,21.0
0.0,1.0,3.0,0.0,2.0,1.0,2.0,2.0,7.951917,79.315,-3.0,Kashan,False,21.0
0.0,1.0,1.0,0.0,0.0,2.0,1.0,2.0,7.953829,79.365,-3.0,Kashan,False,21.0
1.0,3.0,4.0,1.0,3.0,3.0,0.0,1.0,8.038786,81.944,-3.0,Kashan,False,21.0
0.0,1.0,4.0,1.0,1.0,1.0,2.0,1.0,7.953842,79.415,-3.0,Kashan,False,21.0
1.0,2.0,3.0,1.0,2.0,2.0,2.0,1.0,7.897821,79.067,-3.0,Kashan,False,21.0
1.0,1.0,2.0,1.0,1.0,4.0,2.0,1.0,7.948553,79.415,-3.0,Kashan,False,21.0
0.0,3.0,2.0,0.0,0.0,2.0,1.0,1.0,7.987022,79.216,-3.0,Kashan,False,21.0
1.0,2.0,1.0,1.0,1.0,2.0,1.0,2.0,7.896995,79.067,-3.0,Kashan,False,21.0
1.0,2.0,2.0,1.0,2.0,1.0,2.0,1.0,7.897821,79.067,-3.0,Kashan,False,21.0
1.0,3.0,3.0,1.0,1.0,2.0,1.0,1.0,7.8023,78.919,-3.0,Kashan,False,21.0
1.0,1.0,2.0,1.0,0.0,3.0,0.0,0.0,8.079659,80.506,-3.0,Kashan,False,21.0
0.0,3.0,2.0,0.0,2.0,2.0,1.0,1.0,7.824175,79.067,-3.0,Kashan,False,21.0
0.0,1.0,1.0,1.0,2.0,0.0,0.0,0.0,8.138299,81.647,-3.0,Kashan,False,21.0
1.0,1.0,3.0,1.0,2.0,3.0,0.0,1.0,8.071615,81.498,-3.0,Kashan,False,21.0
0.0,2.0,3.0,1.0,3.0,2.0,1.0,1.0,7.869258,79.117,-3.0,Kashan,False,21.0
1.0,3.0,3.0,0.0,0.0,3.0,1.0,2.0,7.860414,78.968,-3.0,Kashan,False,21.0
0.0,1.0,3.0,1.0,3.0,3.0,1.0,0.0,7.921754,79.216,-3.0,Kashan,False,21.0
0.0,0.0,2.0,1.0,1.0,2.0,1.0,1.0,7.972875,79.167,-3.0,Kashan,False,21.0
0.0,1.0,2.0,0.0,1.0,3.0,2.0,0.0,7.983416,79.216,-3.0,Kashan,False,21.0
1.0,1.0,2.0,0.0,3.0,1.0,0.0,1.0,8.142245,81.796,-3.0,Kashan,False,21.0
0.0,2.0,2.0,1.0,1.0,4.0,2.0,0.0,7.970692,79.167,-3.0,Kashan,False,21.0
1.0,1.0,3.0,0.0,2.0,1.0,2.0,0.0,7.959769,79.613,-3.0,Kashan,False,21.0
0.0,2.0,3.0,1.0,2.0,3.0,1.0,1.0,7.90743,79.167,-3.0,Kashan,False,21.0
1.0,0.0,0.0,0.0,2.0,3.0,0.0,1.0,8.122561,81.2,-3.0,Kashan,False,21.0
0.0,0.0,1.0,0.0,3.0,1.0,1.0,1.0,7.987022,79.216,-3.0,Kashan,False,21.0
1.0,1.0,2.0,0.0,1.0,1.0,0.0,1.0,8.045271,80.308,-3.0,Kashan,False,21.0
0.0,2.0,2.0,1.0,2.0,3.0,1.0,1.0,7.90743,79.167,-3.0,Kashan,False,21.0
1.0,0.0,2.0,0.0,1.0,2.0,2.0,1.0,7.970357,79.117,-3.0,Kashan,False,21.0
1.0,2.0,3.0,1.0,0.0,0.0,2.0,1.0,7.897821,79.067,-3.0,Kashan,False,21.0
0.0,2.0,2.0,0.0,1.0,3.0,0.0,1.0,8.050791,80.357,-3.0,Kashan,False,21.0
1.0,2.0,1.0,0.0,2.0,2.0,1.0,0.0,7.948781,79.415,-3.0,Kashan,False,21.0
1.0,0.0,3.0,0.0,3.0,0.0,2.0,1.0,7.912357,79.067,-3.0,Kashan,False,21.0
0.0,0.0,0.0,1.0,2.0,0.0,1.0,1.0,7.953095,79.464,-3.0,Kashan,False,21.0
1.0,2.0,2.0,1.0,2.0,2.0,0.0,0.0,8.120257,81.25,-3.0,Kashan,False,21.0
1.0,1.0,4.0,0.0,1.0,0.0,2.0,1.0,7.949778,79.365,-3.0,Kashan,False,21.0
1.0,0.0,1.0,1.0,2.0,3.0,1.0,2.0,7.896995,79.067,-3.0,Kashan,False,21.0
1.0,1.0,2.0,1.0,0.0,3.0,0.0,1.0,8.049347,80.407,-3.0,Kashan,False,21.0
1.0,2.0,0.0,1.0,1.0,0.0,0.0,1.0,8.071615,81.498,-3.0,Kashan,False,21.0
1.0,1.0,2.0,0.0,2.0,3.0,2.0,2.0,7.929807,79.067,-3.0,Kashan,False,21.0
0.0,2.0,1.0,0.0,2.0,1.0,2.0,1.0,7.907835,79.067,-3.0,Kashan,False,21.0
0.0,1.0,2.0,1.0,1.0,4.0,2.0,1.0,7.953842,79.415,-3.0,Kashan,False,21.0
0.0,0.0,1.0,0.0,2.0,4.0,1.0,0.0,8.004196,79.315,-3.0,Kashan,False,21.0
1.0,1.0,3.0,1.0,3.0,2.0,0.0,2.0,8.035303,81.895,-3.0,Kashan,False,21.0
0.0,2.0,1.0,1.0,2.0,2.0,1.0,1.0,7.90743,79.167,-3.0,Kashan,False,21.0
0.0,2.0,4.0,1.0,1.0,1.0,2.0,1.0,7.924444,79.117,-3.0,Kashan,False,21.0
1.0,2.0,3.0,1.0,2.0,1.0,2.0,1.0,7.897821,79.067,-3.0,Kashan,False,21.0
0.0,3.0,1.0,0.0,0.0,0.0,0.0,2.0,8.027426,79.712,7.0,Kashan,False,7.0
0.0,3.0,2.0,1.0,2.0,4.0,1.0,2.0,7.841028,78.968,-3.0,Kashan,False,21.0
0.0,2.0,0.0,0.0,2.0,1.0,0.0,1.0,8.076363,81.498,-3.0,Kashan,False,21.0
1.0,0.0,2.0,0.0,3.0,3.0,0.0,2.0,8.16343,81.845,-3.0,Kashan,False,21.0
1.0,1.0,1.0,1.0,2.0,1.0,0.0,1.0,8.071615,81.498,-3.0,Kashan,False,21.0
1.0,2.0,0.0,0.0,2.0,2.0,1.0,1.0,7.903228,79.117,-3.0,Kashan,False,21.0
1.0,3.0,0.0,1.0,2.0,4.0,1.0,2.0,7.798875,78.869,-3.0,Kashan,False,21.0
0.0,3.0,4.0,0.0,1.0,3.0,2.0,2.0,7.951917,79.315,-3.0,Kashan,False,21.0
0.0,3.0,2.0,0.0,2.0,0.0,1.0,1.0,7.824175,79.067,-3.0,Kashan,False,21.0
0.0,2.0,3.0,0.0,1.0,1.0,1.0,1.0,7.956787,79.464,-3.0,Kashan,False,21.0
0.0,1.0,0.0,1.0,1.0,2.0,2.0,2.0,7.950437,79.365,-3.0,Kashan,False,21.0
1.0,2.0,4.0,0.0,2.0,3.0,1.0,1.0,7.903228,79.117,-3.0,Kashan,False,21.0
1.0,2.0,1.0,1.0,2.0,3.0,2.0,1.0,7.897821,79.067,-3.0,Kashan,False,21.0
0.0,3.0,1.0,1.0,0.0,4.0,1.0,1.0,7.878916,79.067,-3.0,Kashan,False,21.0
1.0,2.0,1.0,0.0,1.0,1.0,2.0,2.0,7.915238,79.018,-3.0,Kashan,False,21.0
0.0,0.0,2.0,1.0,0.0,4.0,1.0,0.0,8.002933,79.315,-3.0,Kashan,False,21.0
1.0,2.0,1.0,1.0,3.0,3.0,1.0,0.0,7.875536,79.018,-3.0,Kashan,False,21.0
1.0,1.0,1.0,0.0,1.0,4.0,2.0,1.0,7.949778,79.365,-3.0,Kashan,False,21.0
1.0,1.0,3.0,0.0,2.0,1.0,1.0,1.0,7.934305,79.216,-3.0,Kashan,False,21.0
1.0,2.0,2.0,0.0,0.0,2.0,1.0,2.0,7.927112,79.067,-3.0,Kashan,False,21.0
0.0,3.0,2.0,0.0,1.0,0.0,1.0,1.0,7.956787,79.464,-3.0,Kashan,False,21.0
1.0,1.0,3.0,0.0,0.0,2.0,0.0,1.0,8.005139,79.712,-3.0,Kashan,False,21.0
1.0,1.0,2.0,1.0,0.0,3.0,1.0,0.0,7.978124,79.216,-3.0,Kashan,False,21.0
1.0,2.0,0.0,1.0,1.0,2.0,1.0,0.0,7.944431,79.415,-3.0,Kashan,False,21.0
1.0,1.0,4.0,1.0,1.0,1.0,1.0,2.0,7.948008,79.415,-3.0,Kashan,False,21.0
0.0,3.0,0.0,1.0,1.0,3.0,1.0,1.0,7.868271,79.067,-3.0,Kashan,False,21.0
1.0,0.0,3.0,0.0,1.0,3.0,2.0,0.0,7.988608,79.216,-3.0,Kashan,False,21.0
1.0,3.0,2.0,0.0,2.0,3.0,0.0,0.0,8.087284,81.052,-3.0,Kashan,False,21.0
1.0,2.0,2.0,1.0,2.0,2.0,0.0,1.0,8.071615,81.498,-3.0,Kashan,False,21.0
1.0,2.0,3.0,0.0,0.0,2.0,2.0,0.0,7.976448,79.117,-3.0,Kashan,False,21.0
0.0,1.0,3.0,1.0,0.0,3.0,1.0,1.0,7.96559,79.663,-3.0,Kashan,False,21.0
1.0,2.0,0.0,0.0,0.0,4.0,2.0,1.0,7.928101,79.067,-3.0,Kashan,False,21.0
1.0,1.0,2.0,1.0,0.0,1.0,0.0,0.0,8.079659,80.506,-3.0,Kashan,False,21.0
1.0,1.0,2.0,1.0,3.0,1.0,2.0,1.0,7.800122,78.919,-3.0,Kashan,False,21.0
0.0,1.0,1.0,1.0,3.0,4.0,2.0,1.0,7.893695,79.117,-3.0,Kashan,False,21.0
0.0,2.0,1.0,0.0,0.0,3.0,1.0,1.0,7.987022,79.216,-3.0,Kashan,False,21.0
1.0,2.0,4.0,0.0,2.0,1.0,1.0,0.0,7.948781,79.415,-3.0,Kashan,False,21.0
1.0,1.0,2.0,0.0,3.0,0.0,0.0,1.0,8.142245,81.796,-3.0,Kashan,False,21.0
1.0,3.0,4.0,1.0,2.0,2.0,1.0,2.0,7.798875,78.869,-3.0,Kashan,False,21.0
0.0,1.0,2.0,1.0,3.0,1.0,2.0,1.0,7.893695,79.117,-3.0,Kashan,False,21.0
0.0,2.0,2.0,1.0,1.0,1.0,1.0,0.0,7.971604,79.216,-3.0,Kashan,False,21.0
1.0,2.0,4.0,1.0,2.0,2.0,1.0,2.0,7.896995,79.067,-3.0,Kashan,False,21.0
0.0,1.0,3.0,0.0,3.0,4.0,1.0,2.0,7.953829,79.365,-3.0,Kashan,False,21.0
0.0,2.0,2.0,1.0,0.0,1.0,1.0,0.0,7.983299,79.266,-3.0,Kashan,False,21.0
1.0,2.0,2.0,1.0,2.0,2.0,2.0,1.0,7.897821,79.067,-3.0,Kashan,False,21.0
0.0,1.0,2.0,1.0,0.0,4.0,1.0,0.0,7.995691,79.315,-3.0,Kashan,False,21.0
1.0,3.0,2.0,1.0,3.0,1.0,1.0,0.0,7.875536,79.018,-3.0,Kashan,False,21.0
1.0,3.0,2.0,1.0,2.0,2.0,2.0,2.0,7.796976,78.869,-3.0,Kashan,False,21.0
0.0,1.0,4.0,1.0,2.0,1.0,0.0,0.0,5.069013,56.895,0.0,Rasht,True,0.0
1.0,1.0,3.0,0.0,2.0,1.0,0.0,2.0,5.026632,56.597,0.0,Rasht,False,0.0
0.0,0.0,3.0,0.0,2.0,1.0,2.0,0.0,4.995403,55.903,0.0,Rasht,False,0.0
1.0,2.0,4.0,1.0,1.0,3.0,1.0,2.0,4.925544,55.704,0.0,Rasht,False,0.0
1.0,2.0,0.0,1.0,1.0,2.0,1.0,2.0,4.925544,55.704,0.0,Rasht,False,0.0
0.0,1.0,1.0,1.0,1.0,2.0,0.0,1.0,5.031184,56.448,0.0,Rasht,False,0.0
1.0,3.0,1.0,0.0,3.0,2.0,2.0,2.0,4.80277,55.308,12.0,Rasht,False,12.0
0.0,0.0,0.0,0.0,3.0,1.0,0.0,2.0,5.050426,56.448,0.0,Rasht,False,0.0
1.0,1.0,1.0,0.0,0.0,3.0,1.0,1.0,5.005398,56.002,0.0,Rasht,False,0.0
0.0,1.0,2.0,0.0,2.0,0.0,0.0,1.0,4.9977,56.448,0.0,Rasht,False,0.0
0.0,1.0,1.0,1.0,0.0,3.0,1.0,2.0,5.006745,55.804,0.0,Rasht,False,0.0
0.0,3.0,2.0,1.0,2.0,2.0,0.0,0.0,5.029886,56.647,0.0,Rasht,False,0.0
0.0,1.0,1.0,1.0,3.0,2.0,2.0,1.0,4.919299,55.804,0.0,Rasht,False,0.0
0.0,0.0,0.0,0.0,2.0,2.0,1.0,2.0,4.938769,55.655,0.0,Rasht,False,0.0
0.0,3.0,0.0,1.0,2.0,4.0,0.0,0.0,5.029886,56.647,0.0,Rasht,False,0.0
0.0,1.0,1.0,0.0,2.0,1.0,2.0,2.0,4.935456,55.605,0.0,Rasht,False,0.0
0.0,1.0,4.0,1.0,2.0,2.0,1.0,1.0,4.97085,55.853,0.0,Rasht,False,0.0
0.0,1.0,1.0,0.0,0.0,1.0,1.0,2.0,4.995221,55.804,0.0,Rasht,False,0.0
0.0,1.0,1.0,1.0,3.0,3.0,0.0,0.0,5.048882,56.845,0.0,Rasht,False,0.0
1.0,1.0,3.0,1.0,0.0,1.0,0.0,2.0,5.024682,56.399,0.0,Rasht,False,0.0
0.0,1.0,2.0,0.0,0.0,4.0,1.0,2.0,4.995221,55.804,0.0,Rasht,False,0.0
1.0,0.0,2.0,0.0,3.0,2.0,1.0,1.0,4.951002,55.903,0.0,Rasht,False,0.0
0.0,1.0,2.0,0.0,1.0,4.0,2.0,1.0,4.997206,56.002,0.0,Rasht,False,0.0
1.0,0.0,3.0,0.0,1.0,3.0,2.0,1.0,5.015549,56.002,0.0,Rasht,False,0.0
1.0,0.0,0.0,1.0,1.0,4.0,0.0,2.0,5.024682,56.399,0.0,Rasht,False,0.0
1.0,3.0,0.0,1.0,0.0,2.0,1.0,1.0,5.028849,56.002,0.0,Rasht,False,0.0
1.0,3.0,1.0,1.0,1.0,3.0,1.0,1.0,4.987457,56.052,0.0,Rasht,False,0.0
1.0,1.0,4.0,0.0,1.0,3.0,1.0,1.0,4.991913,56.052,0.0,Rasht,False,0.0
0.0,2.0,0.0,1.0,3.0,2.0,1.0,1.0,4.892018,55.605,0.0,Rasht,False,0.0
0.0,3.0,3.0,1.0,3.0,3.0,2.0,0.0,4.914073,55.605,15.0,Rasht,False,15.0
1.0,3.0,0.0,0.0,2.0,0.0,1.0,2.0,4.851351,55.506,12.0,Rasht,False,12.0
0.0,2.0,3.0,0.0,3.0,2.0,1.0,1.0,4.945645,55.804,0.0,Rasht,False,0.0
1.0,1.0,3.0,1.0,1.0,4.0,0.0,2.0,5.024682,56.399,0.0,Rasht,False,0.0
1.0,3.0,3.0,1.0,3.0,4.0,1.0,1.0,4.805033,55.407,15.0,Rasht,False,15.0
1.0,1.0,0.0,0.0,0.0,3.0,2.0,1.0,5.003992,56.002,0.0,Rasht,False,0.0
0.0,0.0,3.0,0.0,2.0,1.0,0.0,2.0,4.990427,56.349,0.0,Rasht,False,0.0
1.0,3.0,3.0,0.0,2.0,0.0,0.0,2.0,4.900225,56.2,8.0,Rasht,False,8.0
1.0,1.0,3.0,0.0,0.0,2.0,0.0,1.0,5.022307,56.25,0.0,Rasht,False,0.0
0.0,3.0,0.0,0.0,2.0,4.0,2.0,1.0,4.941857,55.754,0.0,Rasht,False,0.0
0.0,2.0,3.0,1.0,2.0,3.0,1.0,0.0,4.992948,55.853,0.0,Rasht,False,0.0
1.0,2.0,2.0,0.0,2.0,4.0,2.0,1.0,4.930544,55.704,0.0,Rasht,False,0.0
0.0,1.0,0.0,0.0,2.0,2.0,0.0,0.0,5.060601,56.746,0.0,Rasht,False,0.0
1.0,2.0,3.0,0.0,2.0,0.0,2.0,1.0,4.930544,55.704,0.0,Rasht,False,0.0
1.0,1.0,1.0,1.0,0.0,3.0,1.0,0.0,5.02379,56.002,0.0,Rasht,False,0.0
0.0,1.0,2.0,0.0,0.0,2.0,2.0,0.0,5.030308,56.151,0.0,Rasht,False,0.0
0.0,2.0,1.0,1.0,2.0,4.0,1.0,1.0,4.939119,55.804,0.0,Rasht,False,0.0
1.0,2.0,1.0,1.0,1.0,1.0,0.0,2.0,4.979371,56.399,0.0,Rasht,False,0.0
1.0,3.0,1.0,0.0,2.0,2.0,1.0,1.0,4.855145,55.556,12.0,Rasht,False,12.0
1.0,2.0,3.0,0.0,1.0,4.0,1.0,1.0,4.952572,55.655,0.0,Rasht,False,0.0
1.0,3.0,2.0,1.0,2.0,3.0,1.0,1.0,4.928294,55.754,0.0,Rasht,False,0.0
0.0,1.0,1.0,1.0,0.0,2.0,2.0,2.0,5.006202,55.804,0.0,Rasht,False,0.0
0.0,0.0,3.0,0.0,0.0,1.0,2.0,1.0,5.03295,56.151,0.0,Rasht,False,0.0
0.0,2.0,3.0,1.0,1.0,2.0,1.0,1.0,4.960351,55.655,0.0,Rasht,False,0.0
1.0,1.0,3.0,0.0,2.0,4.0,1.0,1.0,4.971152,55.853,0.0,Rasht,False,0.0
0.0,0.0,2.0,0.0,3.0,1.0,1.0,2.0,5.032109,55.952,0.0,Rasht,False,0.0
0.0,2.0,1.0,0.0,2.0,1.0,1.0,1.0,4.945645,55.804,0.0,Rasht,False,0.0
0.0,0.0,4.0,0.0,0.0,4.0,2.0,1.0,5.03295,56.151,0.0,Rasht,False,0.0
0.0,1.0,4.0,1.0,1.0,2.0,1.0,1.0,4.995037,56.002,0.0,Rasht,False,0.0
1.0,2.0,0.0,1.0,1.0,3.0,1.0,1.0,4.928294,55.754,0.0,Rasht,False,0.0
0.0,3.0,1.0,0.0,3.0,4.0,2.0,1.0,4.830506,55.258,12.0,Rasht,False,12.0
0.0,1.0,1.0,1.0,2.0,4.0,1.0,0.0,5.003791,56.052,0.0,Rasht,False,0.0
0.0,1.0,2.0,0.0,2.0,3.0,1.0,1.0,4.945645,55.804,0.0,Rasht,False,0.0
1.0,3.0,1.0,0.0,1.0,2.0,1.0,0.0,4.976638,55.804,0.0,Rasht,False,0.0
0.0,0.0,3.0,1.0,1.0,3.0,0.0,1.0,5.056711,56.746,0.0,Rasht,False,0.0
1.0,2.0,1.0,0.0,2.0,3.0,0.0,1.0,4.985737,56.448,0.0,Rasht,False,0.0
1.0,1.0,1.0,0.0,1.0,0.0,1.0,1.0,4.991913,56.052,0.0,Rasht,False,0.0
0.0,1.0,1.0,0.0,2.0,1.0,1.0,1.0,4.945645,55.804,0.0,Rasht,False,0.0
0.0,1.0,3.0,0.0,2.0,3.0,2.0,1.0,4.941857,55.754,0.0,Rasht,False,0.0
0.0,1.0,3.0,1.0,3.0,2.0,2.0,1.0,4.919299,55.804,0.0,Rasht,False,0.0
1.0,1.0,1.0,0.0,1.0,2.0,2.0,0.0,5.024696,56.101,0.0,Rasht,False,0.0
1.0,1.0,3.0,1.0,2.0,1.0,2.0,0.0,4.980911,55.903,0.0,Rasht,False,0.0
0.0,0.0,0.0,0.0,2.0,1.0,0.0,0.0,5.060601,56.746,0.0,Rasht,False,0.0
0.0,3.0,1.0,0.0,1.0,0.0,0.0,2.0,5.029807,56.399,0.0,Rasht,False,0.0
1.0,0.0,2.0,1.0,3.0,0.0,0.0,2.0,5.047335,56.498,0.0,Rasht,False,0.0
1.0,2.0,3.0,1.0,1.0,1.0,2.0,2.0,4.923883,55.704,0.0,Rasht,False,0.0
1.0,2.0,1.0,1.0,2.0,1.0,1.0,1.0,4.928294,55.754,0.0,Rasht,False,0.0
0.0,2.0,1.0,0.0,2.0,3.0,1.0,1.0,4.945645,55.804,0.0,Rasht,False,0.0
1.0,2.0,2.0,1.0,2.0,4.0,1.0,1.0,4.928294,55.754,0.0,Rasht,False,0.0
0.0,0.0,3.0,1.0,1.0,3.0,2.0,1.0,5.016048,56.052,0.0,Rasht,False,0.0
1.0,1.0,3.0,1.0,3.0,3.0,2.0,1.0,4.98619,56.052,0.0,Rasht,False,0.0
1.0,1.0,3.0,0.0,3.0,0.0,1.0,0.0,4.96011,55.903,0.0,Rasht,False,0.0
1.0,1.0,2.0,0.0,1.0,3.0,1.0,0.0,5.027974,56.151,0.0,Rasht,False,0.0
1.0,3.0,0.0,1.0,2.0,4.0,1.0,0.0,4.982685,55.804,0.0,Rasht,False,0.0
0.0,0.0,4.0,0.0,1.0,1.0,0.0,2.0,5.029807,56.399,0.0,Rasht,False,0.0
0.0,3.0,1.0,1.0,2.0,3.0,1.0,1.0,4.870639,55.556,12.0,Rasht,False,12.0
0.0,3.0,1.0,0.0,0.0,2.0,2.0,0.0,5.053249,56.349,0.0,Rasht,False,0.0
0.0,2.0,3.0,1.0,1.0,1.0,2.0,2.0,4.952607,55.655,0.0,Rasht,False,0.0
0.0,2.0,2.0,0.0,2.0,1.0,1.0,2.0,4.938769,55.655,0.0,Rasht,False,0.0
1.0,0.0,3.0,0.0,1.0,2.0,1.0,1.0,5.017277,56.101,0.0,Rasht,False,0.0
1.0,1.0,2.0,1.0,1.0,1.0,2.0,0.0,5.022215,56.101,0.0,Rasht,False,0.0
1.0,2.0,2.0,1.0,2.0,2.0,2.0,1.0,4.926564,55.754,0.0,Rasht,False,0.0
0.0,2.0,1.0,0.0,1.0,3.0,0.0,1.0,4.9977,56.448,0.0,Rasht,False,0.0
0.0,3.0,0.0,1.0,1.0,3.0,1.0,1.0,4.889664,55.506,8.0,Rasht,False,8.0
1.0,3.0,2.0,1.0,1.0,2.0,1.0,0.0,5.02379,56.002,0.0,Rasht,False,0.0
0.0,2.0,0.0,1.0,2.0,2.0,1.0,2.0,4.932656,55.655,0.0,Rasht,False,0.0
1.0,0.0,0.0,1.0,0.0,3.0,1.0,1.0,5.028849,56.002,0.0,Rasht,False,0.0
0.0,0.0,3.0,0.0,1.0,4.0,1.0,0.0,5.033472,56.151,0.0,Rasht,False,0.0
1.0,3.0,2.0,1.0,0.0,1.0,1.0,2.0,5.028093,56.151,0.0,Rasht,False,0.0
1.0,1.0,3.0,1.0,1.0,3.0,1.0,1.0,4.987457,56.052,0.0,Rasht,False,0.0
0.0,1.0,2.0,1.0,0.0,2.0,1.0,1.0,5.010881,56.052,0.0,Rasht,False,0.0
0.0,3.0,2.0,1.0,3.0,0.0,0.0,2.0,4.889065,56.151,8.0,Rasht,False,8.0
1.0,2.0,0.0,0.0,2.0,2.0,0.0,2.0,4.982859,56.399,0.0,Rasht,False,0.0
0.0,3.0,2.0,1.0,1.0,3.0,1.0,0.0,4.990748,55.853,0.0,Rasht,False,0.0
1.0,2.0,2.0,1.0,3.0,3.0,0.0,1.0,4.982394,56.399,0.0,Rasht,False,0.0
1.0,2.0,0.0,1.0,1.0,2.0,2.0,1.0,4.926564,55.754,0.0,Rasht,False,0.0
1.0,2.0,3.0,1.0,3.0,2.0,2.0,1.0,4.926564,55.754,0.0,Rasht,False,0.0
1.0,2.0,1.0,1.0,2.0,3.0,1.0,0.0,4.982685,55.804,0.0,Rasht,False,0.0
0.0,2.0,4.0,0.0,1.0,3.0,2.0,1.0,4.941857,55.754,0.0,Rasht,False,0.0
0.0,1.0,0.0,1.0,0.0,2.0,2.0,2.0,5.006202,55.804,0.0,Rasht,False,0.0
1.0,3.0,1.0,1.0,0.0,2.0,2.0,1.0,5.028318,56.151,0.0,Rasht,False,0.0
0.0,1.0,4.0,1.0,3.0,2.0,1.0,2.0,4.917988,55.754,0.0,Rasht,False,0.0
1.0,1.0,0.0,0.0,1.0,3.0,1.0,1.0,4.991913,56.052,0.0,Rasht,False,0.0
1.0,0.0,2.0,1.0,2.0,0.0,1.0,1.0,4.928294,55.754,0.0,Rasht,False,0.0
0.0,1.0,1.0,1.0,1.0,3.0,1.0,0.0,5.030082,56.2,0.0,Rasht,False,0.0
1.0,2.0,4.0,0.0,2.0,2.0,1.0,1.0,4.934851,55.754,0.0,Rasht,False,0.0
1.0,1.0,2.0,0.0,0.0,2.0,0.0,0.0,5.061622,56.349,0.0,Rasht,False,0.0
1.0,3.0,2.0,1.0,3.0,0.0,2.0,1.0,4.80212,55.407,15.0,Rasht,False,15.0
0.0,1.0,3.0,0.0,2.0,4.0,1.0,2.0,4.938769,55.655,0.0,Rasht,False,0.0
1.0,1.0,3.0,1.0,1.0,1.0,1.0,1.0,4.987457,56.052,0.0,Rasht,False,0.0
0.0,1.0,4.0,0.0,1.0,2.0,0.0,2.0,5.029807,56.399,0.0,Rasht,False,0.0
1.0,2.0,1.0,0.0,1.0,3.0,2.0,1.0,4.949993,55.754,0.0,Rasht,False,0.0
0.0,2.0,2.0,0.0,1.0,3.0,1.0,2.0,4.938769,55.655,0.0,Rasht,False,0.0
0.0,1.0,2.0,1.0,3.0,1.0,1.0,1.0,4.922461,55.853,0.0,Rasht,False,0.0
0.0,2.0,2.0,0.0,3.0,2.0,0.0,0.0,5.060601,56.746,0.0,Rasht,False,0.0
1.0,3.0,2.0,0.0,1.0,2.0,2.0,0.0,4.974069,55.754,0.0,Rasht,False,0.0
1.0,3.0,1.0,1.0,1.0,4.0,1.0,0.0,5.02379,56.002,0.0,Rasht,False,0.0
0.0,0.0,3.0,0.0,3.0,3.0,0.0,2.0,5.050426,56.448,0.0,Rasht,False,0.0
0.0,1.0,2.0,1.0,0.0,2.0,0.0,0.0,5.06514,56.498,0.0,Rasht,False,0.0
1.0,0.0,1.0,1.0,2.0,3.0,1.0,1.0,4.928294,55.754,0.0,Rasht,False,0.0
1.0,1.0,1.0,0.0,0.0,1.0,1.0,0.0,5.042873,56.3,0.0,Rasht,False,0.0
0.0,2.0,2.0,0.0,1.0,1.0,2.0,2.0,4.935456,55.605,0.0,Rasht,False,0.0
1.0,1.0,1.0,0.0,2.0,4.0,0.0,1.0,5.029144,56.647,0.0,Rasht,False,0.0
0.0,0.0,4.0,1.0,0.0,3.0,2.0,1.0,5.031712,56.002,0.0,Rasht,False,0.0
0.0,2.0,0.0,1.0,0.0,1.0,1.0,1.0,4.97478,55.853,0.0,Rasht,False,0.0
0.0,1.0,2.0,0.0,1.0,1.0,0.0,2.0,5.029807,56.399,0.0,Rasht,False,0.0
0.0,2.0,1.0,1.0,2.0,1.0,2.0,1.0,4.93776,55.704,0.0,Rasht,False,0.0
1.0,2.0,3.0,1.0,0.0,0.0,1.0,2.0,4.925544,55.704,0.0,Rasht,False,0.0
0.0,3.0,1.0,0.0,2.0,0.0,1.0,1.0,4.945645,55.804,0.0,Rasht,False,0.0
1.0,2.0,4.0,0.0,2.0,1.0,2.0,1.0,4.930544,55.704,0.0,Rasht,False,0.0
1.0,0.0,4.0,0.0,1.0,2.0,0.0,2.0,5.052518,56.647,0.0,Rasht,False,0.0
1.0,2.0,0.0,1.0,0.0,3.0,2.0,1.0,4.926564,55.754,0.0,Rasht,False,0.0
0.0,3.0,4.0,1.0,1.0,4.0,1.0,0.0,4.990748,55.853,0.0,Rasht,False,0.0
1.0,2.0,2.0,1.0,2.0,0.0,0.0,2.0,4.979371,56.399,0.0,Rasht,False,0.0
1.0,0.0,2.0,1.0,0.0,4.0,2.0,1.0,5.028318,56.151,0.0,Rasht,False,0.0
0.0,0.0,3.0,1.0,3.0,2.0,1.0,0.0,4.958692,55.903,0.0,Rasht,False,0.0
1.0,2.0,3.0,1.0,2.0,4.0,2.0,1.0,4.926564,55.754,0.0,Rasht,False,0.0
0.0,2.0,4.0,0.0,0.0,4.0,1.0,2.0,4.938769,55.655,0.0,Rasht,False,0.0
0.0,1.0,3.0,0.0,0.0,1.0,1.0,1.0,4.999053,56.052,0.0,Rasht,False,0.0
1.0,0.0,3.0,0.0,1.0,3.0,1.0,1.0,5.017277,56.101,0.0,Rasht,False,0.0
1.0,0.0,3.0,1.0,1.0,1.0,0.0,2.0,5.024682,56.399,0.0,Rasht,False,0.0
0.0,0.0,1.0,1.0,2.0,3.0,0.0,2.0,5.052947,56.746,0.0,Rasht,False,0.0
1.0,1.0,2.0,1.0,2.0,2.0,1.0,2.0,4.925544,55.704,0.0,Rasht,False,0.0
1.0,0.0,1.0,0.0,2.0,4.0,2.0,1.0,4.990612,56.002,0.0,Rasht,False,0.0
1.0,1.0,0.0,0.0,1.0,2.0,2.0,1.0,4.98926,55.952,0.0,Rasht,False,0.0
0.0,0.0,1.0,0.0,0.0,3.0,1.0,1.0,5.033748,56.002,0.0,Rasht,False,0.0
0.0,2.0,4.0,0.0,1.0,2.0,1.0,1.0,4.945645,55.804,0.0,Rasht,False,0.0
0.0,0.0,1.0,1.0,2.0,3.0,1.0,0.0,5.010331,56.052,0.0,Rasht,False,0.0
1.0,0.0,2.0,0.0,3.0,3.0,1.0,2.0,4.950379,55.853,0.0,Rasht,False,0.0
1.0,2.0,1.0,0.0,2.0,1.0,1.0,1.0,4.934851,55.754,0.0,Rasht,False,0.0
1.0,2.0,2.0,1.0,2.0,2.0,2.0,2.0,4.923883,55.704,0.0,Rasht,False,0.0
1.0,3.0,2.0,1.0,2.0,3.0,2.0,0.0,4.980911,55.903,0.0,Rasht,False,0.0
1.0,1.0,4.0,0.0,2.0,1.0,1.0,1.0,4.971152,55.853,0.0,Rasht,False,0.0
1.0,2.0,3.0,1.0,3.0,0.0,0.0,1.0,4.982394,56.399,0.0,Rasht,False,0.0
1.0,1.0,3.0,1.0,1.0,1.0,2.0,0.0,5.022215,56.101,0.0,Rasht,False,0.0
0.0,1.0,1.0,1.0,3.0,2.0,0.0,1.0,5.010893,56.647,0.0,Rasht,False,0.0
1.0,2.0,2.0,1.0,2.0,1.0,2.0,1.0,4.926564,55.754,0.0,Rasht,False,0.0
0.0,1.0,3.0,0.0,1.0,4.0,1.0,1.0,4.999053,56.052,0.0,Rasht,False,0.0
0.0,1.0,0.0,0.0,0.0,3.0,2.0,0.0,5.030308,56.151,0.0,Rasht,False,0.0
1.0,3.0,1.0,0.0,2.0,3.0,0.0,1.0,4.9033,56.2,8.0,Rasht,False,8.0
1.0,0.0,0.0,1.0,1.0,2.0,2.0,1.0,4.98619,56.052,0.0,Rasht,False,0.0
1.0,1.0,2.0,1.0,3.0,2.0,1.0,2.0,4.985936,56.002,0.0,Rasht,False,0.0
1.0,3.0,3.0,1.0,2.0,2.0,1.0,1.0,4.928294,55.754,0.0,Rasht,False,0.0
1.0,1.0,4.0,1.0,1.0,1.0,2.0,2.0,4.984955,56.002,0.0,Rasht,False,0.0
0.0,0.0,3.0,1.0,2.0,1.0,2.0,0.0,5.009413,56.052,0.0,Rasht,False,0.0
0.0,1.0,2.0,1.0,1.0,1.0,1.0,2.0,4.990916,55.903,0.0,Rasht,False,0.0
0.0,2.0,4.0,1.0,2.0,2.0,1.0,0.0,4.992948,55.853,0.0,Rasht,False,0.0
1.0,2.0,3.0,1.0,1.0,1.0,0.0,1.0,4.982394,56.399,0.0,Rasht,False,0.0
0.0,0.0,4.0,0.0,2.0,0.0,1.0,2.0,4.938769,55.655,0.0,Rasht,False,0.0
0.0,1.0,1.0,1.0,1.0,3.0,2.0,1.0,4.993886,56.002,0.0,Rasht,False,0.0
1.0,1.0,3.0,1.0,2.0,1.0,2.0,2.0,4.923883,55.704,0.0,Rasht,False,0.0
1.0,1.0,1.0,0.0,0.0,1.0,1.0,2.0,5.00391,56.002,0.0,Rasht,False,0.0
0.0,1.0,0.0,0.0,1.0,1.0,2.0,0.0,5.030308,56.151,0.0,Rasht,False,0.0
1.0,0.0,2.0,1.0,3.0,4.0,1.0,1.0,5.028849,56.002,0.0,Rasht,False,0.0
0.0,1.0,3.0,1.0,3.0,1.0,2.0,1.0,4.919299,55.804,0.0,Rasht,False,0.0
1.0,2.0,2.0,1.0,1.0,3.0,1.0,2.0,4.925544,55.704,0.0,Rasht,False,0.0
0.0,2.0,0.0,1.0,0.0,2.0,1.0,0.0,5.033558,56.002,0.0,Rasht,False,0.0
0.0,2.0,4.0,1.0,1.0,1.0,1.0,0.0,5.01764,56.052,0.0,Rasht,False,0.0
0.0,0.0,2.0,0.0,1.0,3.0,2.0,2.0,4.9928,55.853,0.0,Rasht,False,0.0
0.0,2.0,2.0,1.0,0.0,3.0,0.0,1.0,4.989645,56.101,0.0,Rasht,False,0.0
1.0,2.0,1.0,0.0,2.0,3.0,2.0,2.0,4.928539,55.655,0.0,Rasht,False,0.0
0.0,2.0,2.0,1.0,0.0,3.0,1.0,1.0,4.97478,55.853,0.0,Rasht,False,0.0
0.0,2.0,1.0,1.0,0.0,3.0,0.0,1.0,4.989645,56.101,0.0,Rasht,False,0.0
0.0,2.0,3.0,1.0,3.0,4.0,2.0,2.0,4.880558,55.506,0.0,Rasht,False,0.0
0.0,1.0,4.0,0.0,2.0,0.0,0.0,1.0,4.9977,56.448,0.0,Rasht,False,0.0
0.0,1.0,2.0,0.0,1.0,1.0,1.0,1.0,4.999053,56.052,0.0,Rasht,False,0.0
1.0,3.0,2.0,1.0,0.0,4.0,1.0,1.0,5.028849,56.002,0.0,Rasht,False,0.0
1.0,0.0,4.0,0.0,3.0,1.0,1.0,1.0,4.951002,55.903,0.0,Rasht,False,0.0
0.0,1.0,1.0,1.0,2.0,1.0,2.0,1.0,4.969423,55.853,0.0,Rasht,False,0.0
0.0,1.0,4.0,1.0,2.0,4.0,1.0,1.0,4.97085,55.853,0.0,Rasht,False,0.0
0.0,1.0,1.0,0.0,1.0,3.0,1.0,0.0,5.033472,56.151,0.0,Rasht,False,0.0
1.0,2.0,4.0,0.0,1.0,4.0,2.0,1.0,4.949993,55.754,0.0,Rasht,False,0.0
1.0,1.0,2.0,0.0,0.0,2.0,1.0,1.0,5.005398,56.002,0.0,Rasht,False,0.0
1.0,1.0,1.0,1.0,1.0,0.0,2.0,2.0,4.984955,56.002,0.0,Rasht,False,0.0
1.0,2.0,3.0,0.0,2.0,2.0,2.0,1.0,4.930544,55.704,0.0,Rasht,False,0.0
1.0,1.0,0.0,1.0,1.0,1.0,2.0,2.0,4.984955,56.002,0.0,Rasht,False,0.0
0.0,1.0,1.0,1.0,2.0,0.0,0.0,2.0,5.027221,56.597,0.0,Rasht,False,0.0
0.0,3.0,0.0,1.0,3.0,1.0,2.0,1.0,4.821633,55.357,12.0,Rasht,False,12.0
0.0,2.0,0.0,0.0,3.0,3.0,0.0,2.0,4.990427,56.349,0.0,Rasht,False,0.0
1.0,1.0,1.0,0.0,2.0,2.0,2.0,1.0,4.965042,55.804,0.0,Rasht,False,0.0
1.0,2.0,3.0,0.0,3.0,1.0,1.0,2.0,4.889471,55.605,0.0,Rasht,False,0.0
0.0,3.0,4.0,0.0,1.0,3.0,1.0,2.0,4.995221,55.804,0.0,Rasht,False,0.0
0.0,1.0,3.0,1.0,3.0,0.0,1.0,1.0,4.922461,55.853,0.0,Rasht,False,0.0
1.0,1.0,2.0,0.0,2.0,3.0,0.0,1.0,5.029144,56.647,0.0,Rasht,False,0.0
0.0,2.0,1.0,0.0,3.0,3.0,1.0,1.0,4.945645,55.804,0.0,Rasht,False,0.0
0.0,2.0,1.0,0.0,2.0,3.0,1.0,2.0,4.938769,55.655,0.0,Rasht,False,0.0
0.0,0.0,3.0,1.0,0.0,2.0,1.0,1.0,5.031736,56.002,0.0,Rasht,False,0.0
0.0,3.0,3.0,0.0,2.0,1.0,2.0,1.0,4.941857,55.754,0.0,Rasht,False,0.0
0.0,2.0,1.0,0.0,0.0,2.0,2.0,1.0,4.941857,55.754,0.0,Rasht,False,0.0
1.0,0.0,2.0,0.0,2.0,1.0,1.0,2.0,4.995566,56.101,0.0,Rasht,False,0.0
0.0,3.0,3.0,1.0,2.0,3.0,2.0,1.0,4.869604,55.556,8.0,Rasht,False,8.0
0.0,2.0,0.0,0.0,3.0,2.0,1.0,2.0,4.938769,55.655,0.0,Rasht,False,0.0
0.0,3.0,2.0,1.0,0.0,1.0,2.0,1.0,4.90277,55.556,8.0,Rasht,False,8.0
0.0,3.0,4.0,1.0,2.0,2.0,2.0,1.0,4.869604,55.556,8.0,Rasht,False,8.0
1.0,1.0,3.0,1.0,2.0,3.0,1.0,0.0,4.982685,55.804,0.0,Rasht,False,0.0
1.0,2.0,1.0,0.0,1.0,3.0,2.0,2.0,4.948885,55.704,0.0,Rasht,False,0.0
1.0,3.0,4.0,0.0,3.0,3.0,0.0,1.0,4.885477,56.25,15.0,Rasht,False,15.0
0.0,2.0,1.0,0.0,0.0,1.0,2.0,2.0,4.935456,55.605,0.0,Rasht,False,0.0
1.0,1.0,3.0,1.0,2.0,4.0,1.0,1.0,4.928294,55.754,0.0,Rasht,False,0.0
1.0,1.0,2.0,0.0,2.0,1.0,1.0,1.0,4.971152,55.853,0.0,Rasht,False,0.0
1.0,0.0,3.0,1.0,2.0,2.0,1.0,1.0,4.928294,55.754,0.0,Rasht,False,0.0
1.0,2.0,3.0,0.0,2.0,3.0,2.0,1.0,4.930544,55.704,0.0,Rasht,False,0.0
0.0,0.0,1.0,0.0,1.0,3.0,1.0,1.0,4.999053,56.052,0.0,Rasht,False,0.0
1.0,1.0,1.0,1.0,0.0,1.0,2.0,1.0,4.98619,56.052,0.0,Rasht,False,0.0
0.0,2.0,3.0,1.0,2.0,1.0,0.0,2.0,4.986966,56.349,0.0,Rasht,False,0.0
1.0,3.0,4.0,1.0,1.0,1.0,1.0,0.0,5.02379,56.002,0.0,Rasht,False,0.0
1.0,3.0,3.0,0.0,2.0,0.0,1.0,0.0,4.953533,55.804,15.0,Rasht,False,15.0
1.0,3.0,1.0,1.0,2.0,1.0,1.0,2.0,4.925544,55.704,0.0,Rasht,False,0.0
1.0,0.0,1.0,1.0,0.0,4.0,2.0,1.0,5.028318,56.151,0.0,Rasht,False,0.0
0.0,0.0,4.0,0.0,1.0,3.0,0.0,0.0,5.071124,56.647,0.0,Rasht,False,0.0
0.0,3.0,1.0,1.0,2.0,0.0,2.0,0.0,4.964332,55.853,0.0,Rasht,False,0.0
1.0,2.0,2.0,1.0,2.0,1.0,1.0,0.0,4.982685,55.804,0.0,Rasht,False,0.0
0.0,2.0,2.0,1.0,3.0,1.0,1.0,2.0,4.883156,55.506,0.0,Rasht,False,0.0
0.0,2.0,1.0,1.0,0.0,1.0,2.0,1.0,4.974291,55.853,0.0,Rasht,False,0.0
0.0,2.0,4.0,0.0,2.0,2.0,1.0,0.0,4.999669,55.853,0.0,Rasht,False,0.0
1.0,1.0,1.0,1.0,1.0,2.0,1.0,1.0,4.987457,56.052,0.0,Rasht,False,0.0
0.0,1.0,3.0,0.0,3.0,0.0,0.0,1.0,5.033769,56.448,0.0,Rasht,False,0.0
0.0,3.0,1.0,1.0,1.0,1.0,0.0,0.0,5.030586,56.498,0.0,Rasht,False,0.0
0.0,1.0,0.0,1.0,1.0,1.0,2.0,0.0,5.028388,56.151,0.0,Rasht,False,0.0
0.0,1.0,1.0,0.0,2.0,3.0,1.0,1.0,4.945645,55.804,0.0,Rasht,False,0.0
0.0,3.0,2.0,0.0,3.0,2.0,0.0,2.0,4.895309,56.002,8.0,Rasht,False,8.0
1.0,1.0,1.0,0.0,2.0,2.0,0.0,1.0,5.029144,56.647,0.0,Rasht,False,0.0
0.0,1.0,2.0,0.0,1.0,2.0,1.0,1.0,4.999053,56.052,0.0,Rasht,False,0.0
0.0,1.0,2.0,1.0,2.0,4.0,1.0,0.0,5.003791,56.052,0.0,Rasht,False,0.0
0.0,3.0,0.0,0.0,1.0,0.0,0.0,0.0,5.071124,56.647,0.0,Rasht,False,0.0
0.0,2.0,2.0,0.0,0.0,0.0,1.0,0.0,4.999669,55.853,0.0,Rasht,False,0.0
0.0,0.0,2.0,1.0,1.0,2.0,1.0,0.0,5.035988,56.2,0.0,Rasht,False,0.0
1.0,2.0,3.0,0.0,1.0,3.0,1.0,1.0,4.952572,55.655,0.0,Rasht,False,0.0
1.0,0.0,1.0,0.0,1.0,1.0,0.0,0.0,5.075758,56.696,0.0,Rasht,True,0.0
0.0,2.0,3.0,0.0,3.0,0.0,1.0,1.0,4.945645,55.804,0.0,Rasht,False,0.0
1.0,0.0,2.0,0.0,0.0,1.0,1.0,2.0,5.029663,56.151,0.0,Rasht,False,0.0
0.0,2.0,0.0,0.0,1.0,2.0,0.0,0.0,5.060601,56.746,0.0,Rasht,False,0.0
0.0,2.0,2.0,0.0,0.0,4.0,0.0,1.0,4.9977,56.448,0.0,Rasht,False,0.0
0.0,0.0,4.0,0.0,0.0,3.0,0.0,1.0,5.053035,56.498,0.0,Rasht,False,0.0
0.0,1.0,0.0,1.0,1.0,2.0,1.0,2.0,4.990916,55.903,0.0,Rasht,False,0.0
1.0,1.0,4.0,0.0,1.0,1.0,0.0,0.0,5.064799,56.647,0.0,Rasht,False,0.0
1.0,2.0,3.0,0.0,1.0,2.0,0.0,0.0,5.049045,56.548,0.0,Rasht,False,0.0
1.0,2.0,2.0,1.0,1.0,1.0,2.0,1.0,4.926564,55.754,0.0,Rasht,False,0.0
1.0,1.0,1.0,1.0,1.0,2.0,0.0,2.0,5.024682,56.399,0.0,Rasht,False,0.0
1.0,3.0,2.0,1.0,2.0,2.0,2.0,1.0,4.926564,55.754,0.0,Rasht,False,0.0
0.0,2.0,1.0,0.0,0.0,0.0,2.0,1.0,4.941857,55.754,0.0,Rasht,False,0.0
1.0,0.0,0.0,0.0,1.0,4.0,0.0,1.0,5.054201,56.647,0.0,Rasht,False,0.0
0.0,1.0,3.0,0.0,0.0,1.0,0.0,1.0,5.033769,56.448,0.0,Rasht,False,0.0
0.0,0.0,1.0,1.0,3.0,1.0,1.0,1.0,4.941682,55.853,0.0,Rasht,False,0.0
0.0,2.0,1.0,0.0,3.0,2.0,1.0,1.0,4.945645,55.804,0.0,Rasht,False,0.0
0.0,0.0,0.0,1.0,1.0,1.0,1.0,1.0,5.016979,56.101,0.0,Rasht,False,0.0
1.0,2.0,2.0,0.0,1.0,0.0,1.0,1.0,4.952572,55.655,0.0,Rasht,False,0.0
1.0,0.0,1.0,0.0,3.0,1.0,2.0,1.0,4.945371,55.754,0.0,Rasht,False,0.0
0.0,2.0,2.0,0.0,2.0,3.0,1.0,2.0,4.938769,55.655,0.0,Rasht,False,0.0
0.0,2.0,4.0,0.0,2.0,3.0,1.0,2.0,4.938769,55.655,0.0,Rasht,False,0.0
0.0,2.0,3.0,0.0,3.0,3.0,2.0,0.0,4.995403,55.903,0.0,Rasht,False,0.0
0.0,2.0,0.0,1.0,2.0,2.0,2.0,1.0,4.93776,55.704,0.0,Rasht,False,0.0
0.0,1.0,2.0,0.0,3.0,4.0,1.0,1.0,4.999053,56.052,0.0,Rasht,False,0.0
0.0,2.0,1.0,1.0,1.0,0.0,1.0,0.0,5.01764,56.052,0.0,Rasht,False,0.0
1.0,3.0,2.0,0.0,1.0,3.0,1.0,2.0,4.868869,55.506,12.0,Rasht,False,12.0
1.0,2.0,2.0,1.0,1.0,2.0,2.0,0.0,4.980911,55.903,0.0,Rasht,False,0.0
1.0,3.0,2.0,0.0,1.0,0.0,1.0,1.0,4.872315,55.506,12.0,Rasht,False,12.0
0.0,1.0,3.0,1.0,3.0,3.0,1.0,2.0,4.917988,55.754,0.0,Rasht,False,0.0
1.0,1.0,2.0,1.0,2.0,0.0,0.0,1.0,4.982394,56.399,0.0,Rasht,False,0.0
1.0,1.0,3.0,1.0,2.0,1.0,1.0,1.0,4.928294,55.754,0.0,Rasht,False,0.0
0.0,3.0,3.0,1.0,3.0,0.0,1.0,2.0,4.81485,55.258,8.0,Rasht,False,8.0
0.0,3.0,1.0,1.0,2.0,2.0,0.0,0.0,5.029886,56.647,0.0,Rasht,False,0.0
0.0,1.0,2.0,1.0,1.0,3.0,1.0,0.0,5.030082,56.2,0.0,Rasht,False,0.0
1.0,1.0,3.0,0.0,2.0,1.0,1.0,1.0,4.971152,55.853,0.0,Rasht,False,0.0
0.0,2.0,3.0,0.0,2.0,4.0,0.0,1.0,4.9977,56.448,0.0,Rasht,False,0.0
1.0,2.0,0.0,0.0,1.0,4.0,0.0,2.0,4.981933,56.2,0.0,Rasht,False,0.0
0.0,2.0,1.0,1.0,0.0,2.0,0.0,2.0,4.984796,56.002,0.0,Rasht,False,0.0
1.0,1.0,4.0,1.0,1.0,1.0,1.0,0.0,5.02379,56.002,0.0,Rasht,False,0.0
0.0,1.0,3.0,0.0,2.0,1.0,0.0,0.0,5.060601,56.746,0.0,Rasht,False,0.0
1.0,2.0,3.0,0.0,2.0,4.0,1.0,2.0,4.932339,55.704,0.0,Rasht,False,0.0
0.0,2.0,2.0,1.0,1.0,0.0,1.0,0.0,5.01764,56.052,0.0,Rasht,False,0.0
0.0,2.0,2.0,0.0,1.0,1.0,2.0,1.0,4.941857,55.754,0.0,Rasht,False,0.0
1.0,2.0,2.0,1.0,1.0,3.0,0.0,1.0,4.982394,56.399,0.0,Rasht,False,0.0
0.0,1.0,3.0,1.0,2.0,1.0,0.0,1.0,5.031003,56.696,0.0,Rasht,False,0.0
0.0,1.0,1.0,1.0,2.0,0.0,2.0,1.0,4.969423,55.853,0.0,Rasht,False,0.0
0.0,2.0,3.0,0.0,2.0,4.0,2.0,2.0,4.935456,55.605,0.0,Rasht,False,0.0
1.0,3.0,3.0,1.0,1.0,2.0,0.0,0.0,5.063286,56.696,0.0,Rasht,False,0.0
0.0,2.0,2.0,0.0,1.0,3.0,2.0,2.0,4.935456,55.605,0.0,Rasht,False,0.0
1.0,1.0,3.0,1.0,1.0,2.0,0.0,1.0,5.025609,56.399,0.0,Rasht,False,0.0
0.0,0.0,2.0,1.0,0.0,0.0,1.0,2.0,5.02979,55.952,0.0,Rasht,False,0.0
1.0,3.0,3.0,1.0,1.0,3.0,1.0,2.0,4.985936,56.002,0.0,Rasht,False,0.0
0.0,2.0,1.0,1.0,1.0,0.0,0.0,0.0,5.057099,56.548,0.0,Rasht,False,0.0
1.0,1.0,1.0,0.0,2.0,1.0,1.0,2.0,4.969439,55.853,0.0,Rasht,False,0.0
1.0,3.0,4.0,1.0,2.0,2.0,1.0,0.0,4.982685,55.804,0.0,Rasht,False,0.0
0.0,2.0,4.0,0.0,2.0,4.0,1.0,0.0,4.999669,55.853,0.0,Rasht,False,0.0
1.0,2.0,3.0,0.0,2.0,2.0,2.0,2.0,4.928539,55.655,0.0,Rasht,False,0.0
0.0,1.0,0.0,1.0,1.0,0.0,1.0,0.0,5.030082,56.2,0.0,Rasht,False,0.0
0.0,3.0,0.0,1.0,2.0,2.0,0.0,0.0,5.029886,56.647,0.0,Rasht,False,0.0
0.0,3.0,3.0,0.0,3.0,1.0,2.0,2.0,4.818456,55.159,8.0,Rasht,False,8.0
0.0,0.0,2.0,0.0,1.0,0.0,1.0,1.0,4.999053,56.052,0.0,Rasht,False,0.0
1.0,1.0,1.0,1.0,0.0,1.0,2.0,0.0,5.022215,56.101,0.0,Rasht,False,0.0
1.0,1.0,2.0,1.0,0.0,1.0,1.0,0.0,5.02379,56.002,0.0,Rasht,False,0.0
0.0,1.0,3.0,0.0,2.0,2.0,0.0,2.0,4.990427,56.349,0.0,Rasht,False,0.0
1.0,3.0,3.0,1.0,2.0,4.0,2.0,1.0,4.926564,55.754,0.0,Rasht,False,0.0
1.0,0.0,1.0,1.0,1.0,4.0,1.0,0.0,5.02379,56.002,0.0,Rasht,False,0.0
0.0,2.0,3.0,1.0,2.0,2.0,1.0,0.0,4.992948,55.853,0.0,Rasht,False,0.0
0.0,1.0,2.0,0.0,2.0,0.0,1.0,1.0,4.945645,55.804,0.0,Rasht,False,0.0
0.0,2.0,3.0,1.0,1.0,1.0,1.0,0.0,5.01764,56.052,0.0,Rasht,False,0.0
1.0,0.0,4.0,0.0,2.0,0.0,2.0,1.0,4.990612,56.002,0.0,Rasht,False,0.0
1.0,1.0,4.0,0.0,0.0,3.0,0.0,2.0,5.02097,56.25,0.0,Rasht,False,0.0
0.0,1.0,1.0,1.0,2.0,1.0,0.0,2.0,5.027221,56.597,0.0,Rasht,False,0.0
0.0,2.0,0.0,0.0,1.0,4.0,1.0,1.0,4.945645,55.804,0.0,Rasht,False,0.0
1.0,2.0,2.0,1.0,1.0,2.0,1.0,1.0,4.928294,55.754,0.0,Rasht,False,0.0
1.0,2.0,1.0,1.0,2.0,1.0,0.0,1.0,4.982394,56.399,0.0,Rasht,False,0.0
1.0,2.0,0.0,0.0,1.0,4.0,1.0,2.0,4.950777,55.754,0.0,Rasht,False,0.0
0.0,2.0,1.0,1.0,3.0,2.0,1.0,0.0,4.941212,55.804,0.0,Rasht,False,0.0
1.0,2.0,1.0,0.0,1.0,1.0,2.0,0.0,5.00838,56.002,0.0,Rasht,False,0.0
1.0,2.0,2.0,0.0,2.0,2.0,1.0,1.0,4.934851,55.754,0.0,Rasht,False,0.0
1.0,1.0,1.0,0.0,3.0,2.0,2.0,0.0,4.952374,55.754,0.0,Rasht,False,0.0
0.0,1.0,3.0,1.0,3.0,3.0,1.0,1.0,4.922461,55.853,0.0,Rasht,False,0.0
1.0,1.0,1.0,1.0,0.0,3.0,2.0,0.0,5.022215,56.101,0.0,Rasht,False,0.0
1.0,1.0,2.0,1.0,2.0,2.0,0.0,2.0,4.979371,56.399,0.0,Rasht,False,0.0
1.0,1.0,0.0,0.0,1.0,0.0,0.0,0.0,5.064799,56.647,0.0,Rasht,False,0.0
0.0,1.0,2.0,0.0,1.0,3.0,1.0,1.0,4.999053,56.052,0.0,Rasht,False,0.0
1.0,1.0,4.0,1.0,0.0,1.0,2.0,1.0,4.98619,56.052,0.0,Rasht,False,0.0
1.0,2.0,3.0,1.0,3.0,3.0,0.0,1.0,4.982394,56.399,0.0,Rasht,False,0.0
1.0,2.0,0.0,1.0,3.0,4.0,2.0,0.0,4.980911,55.903,0.0,Rasht,False,0.0
0.0,3.0,1.0,1.0,2.0,3.0,1.0,2.0,4.859829,55.407,8.0,Rasht,False,8.0
0.0,2.0,2.0,1.0,1.0,1.0,1.0,1.0,4.960351,55.655,0.0,Rasht,False,0.0
1.0,0.0,2.0,0.0,0.0,2.0,1.0,1.0,5.030984,56.002,0.0,Rasht,False,0.0
1.0,0.0,1.0,1.0,1.0,3.0,0.0,1.0,5.025609,56.399,0.0,Rasht,False,0.0
1.0,2.0,1.0,0.0,1.0,0.0,1.0,1.0,4.952572,55.655,0.0,Rasht,False,0.0
1.0,3.0,2.0,1.0,1.0,1.0,0.0,2.0,5.024682,56.399,0.0,Rasht,False,0.0
0.0,0.0,2.0,1.0,1.0,1.0,0.0,2.0,5.052788,56.647,0.0,Rasht,False,0.0
0.0,0.0,1.0,1.0,1.0,2.0,1.0,1.0,5.016979,56.101,0.0,Rasht,False,0.0
1.0,1.0,0.0,1.0,0.0,4.0,2.0,0.0,5.022215,56.101,0.0,Rasht,False,0.0
1.0,0.0,4.0,0.0,3.0,2.0,1.0,2.0,4.950379,55.853,0.0,Rasht,False,0.0
0.0,2.0,3.0,1.0,3.0,1.0,1.0,2.0,4.883156,55.506,0.0,Rasht,False,0.0
1.0,3.0,2.0,1.0,2.0,4.0,0.0,1.0,4.982394,56.399,0.0,Rasht,False,0.0
1.0,2.0,3.0,0.0,3.0,3.0,2.0,0.0,4.938102,55.506,0.0,Rasht,False,0.0
1.0,0.0,0.0,0.0,2.0,2.0,1.0,0.0,5.013984,56.151,0.0,Rasht,False,0.0
0.0,3.0,3.0,0.0,2.0,3.0,1.0,0.0,4.999669,55.853,0.0,Rasht,False,0.0
0.0,2.0,4.0,1.0,3.0,1.0,2.0,0.0,4.938447,55.804,0.0,Rasht,False,0.0
1.0,0.0,3.0,1.0,0.0,4.0,2.0,1.0,5.028318,56.151,0.0,Rasht,False,0.0
1.0,0.0,2.0,0.0,2.0,3.0,1.0,2.0,4.995566,56.101,0.0,Rasht,False,0.0
0.0,0.0,3.0,1.0,3.0,2.0,1.0,1.0,4.941682,55.853,0.0,Rasht,False,0.0
1.0,1.0,2.0,1.0,3.0,2.0,1.0,0.0,5.02379,56.002,0.0,Rasht,False,0.0
1.0,1.0,4.0,0.0,1.0,2.0,0.0,0.0,5.064799,56.647,0.0,Rasht,False,0.0
0.0,3.0,3.0,1.0,2.0,3.0,1.0,2.0,4.859829,55.407,8.0,Rasht,False,8.0
1.0,3.0,2.0,1.0,2.0,4.0,1.0,1.0,4.928294,55.754,0.0,Rasht,False,0.0
0.0,2.0,4.0,0.0,1.0,1.0,1.0,1.0,4.945645,55.804,0.0,Rasht,False,0.0
1.0,0.0,4.0,1.0,3.0,3.0,1.0,2.0,5.028093,56.151,0.0,Rasht,False,0.0
0.0,3.0,1.0,1.0,3.0,4.0,1.0,1.0,4.823655,55.407,12.0,Rasht,False,12.0
0.0,2.0,2.0,0.0,3.0,3.0,1.0,2.0,4.938769,55.655,0.0,Rasht,False,0.0
1.0,2.0,2.0,0.0,2.0,3.0,1.0,2.0,4.932339,55.704,0.0,Rasht,False,0.0
1.0,3.0,3.0,0.0,1.0,3.0,2.0,1.0,4.868661,55.456,12.0,Rasht,False,12.0
0.0,2.0,3.0,0.0,2.0,3.0,1.0,1.0,4.945645,55.804,0.0,Rasht,False,0.0
1.0,1.0,2.0,0.0,1.0,2.0,1.0,1.0,4.991913,56.052,0.0,Rasht,False,0.0
1.0,2.0,2.0,0.0,0.0,3.0,0.0,0.0,5.044068,56.349,0.0,Rasht,False,0.0
1.0,2.0,1.0,1.0,1.0,2.0,2.0,0.0,4.980911,55.903,0.0,Rasht,False,0.0
1.0,2.0,1.0,1.0,1.0,2.0,1.0,1.0,4.928294,55.754,0.0,Rasht,False,0.0
0.0,1.0,3.0,0.0,1.0,4.0,2.0,1.0,4.997206,56.002,0.0,Rasht,False,0.0
1.0,3.0,3.0,0.0,2.0,0.0,2.0,0.0,4.948972,55.754,15.0,Rasht,False,15.0
1.0,2.0,4.0,1.0,1.0,4.0,0.0,0.0,5.048244,56.696,0.0,Rasht,False,0.0
0.0,1.0,4.0,0.0,1.0,2.0,0.0,0.0,5.071124,56.647,0.0,Rasht,False,0.0
0.0,2.0,4.0,0.0,0.0,3.0,0.0,2.0,4.990427,56.349,0.0,Rasht,False,0.0
0.0,2.0,2.0,0.0,1.0,0.0,2.0,1.0,4.941857,55.754,0.0,Rasht,False,0.0
1.0,1.0,0.0,0.0,2.0,1.0,1.0,1.0,4.971152,55.853,0.0,Rasht,False,0.0
1.0,0.0,0.0,0.0,3.0,1.0,0.0,2.0,5.035481,56.796,0.0,Rasht,False,0.0
1.0,1.0,2.0,0.0,2.0,2.0,1.0,1.0,4.971152,55.853,0.0,Rasht,False,0.0
0.0,2.0,1.0,1.0,1.0,2.0,2.0,0.0,5.017525,56.052,0.0,Rasht,False,0.0
1.0,1.0,3.0,1.0,2.0,2.0,1.0,1.0,4.928294,55.754,0.0,Rasht,False,0.0
0.0,0.0,0.0,0.0,1.0,1.0,1.0,0.0,5.033472,56.151,0.0,Rasht,False,0.0
0.0,2.0,1.0,1.0,1.0,3.0,1.0,1.0,4.960351,55.655,0.0,Rasht,False,0.0
1.0,1.0,2.0,0.0,1.0,1.0,1.0,1.0,4.991913,56.052,0.0,Rasht,False,0.0
0.0,0.0,1.0,0.0,1.0,2.0,1.0,1.0,4.999053,56.052,0.0,Rasht,False,0.0
0.0,2.0,3.0,0.0,3.0,1.0,1.0,1.0,4.945645,55.804,0.0,Rasht,False,0.0
1.0,0.0,1.0,1.0,2.0,2.0,0.0,1.0,4.982394,56.399,0.0,Rasht,False,0.0
1.0,1.0,3.0,1.0,3.0,0.0,1.0,1.0,4.987457,56.052,0.0,Rasht,False,0.0
0.0,1.0,1.0,0.0,2.0,2.0,0.0,0.0,5.060601,56.746,0.0,Rasht,False,0.0
1.0,1.0,1.0,1.0,0.0,1.0,0.0,1.0,5.025609,56.399,0.0,Rasht,False,0.0
0.0,1.0,3.0,0.0,2.0,2.0,1.0,2.0,4.938769,55.655,0.0,Rasht,False,0.0
0.0,1.0,1.0,1.0,0.0,2.0,1.0,0.0,5.044887,56.349,0.0,Rasht,False,0.0
0.0,0.0,4.0,1.0,2.0,3.0,2.0,1.0,4.989506,56.101,0.0,Rasht,False,0.0
1.0,3.0,1.0,0.0,1.0,3.0,2.0,1.0,4.868661,55.456,12.0,Rasht,False,12.0
1.0,2.0,0.0,0.0,2.0,3.0,1.0,0.0,4.990471,55.804,0.0,Rasht,False,0.0
1.0,2.0,1.0,0.0,2.0,1.0,2.0,0.0,4.986904,55.903,0.0,Rasht,False,0.0
0.0,2.0,4.0,1.0,3.0,4.0,0.0,1.0,4.974436,56.498,0.0,Rasht,False,0.0
0.0,1.0,1.0,0.0,1.0,3.0,1.0,1.0,4.999053,56.052,0.0,Rasht,False,0.0
0.0,2.0,3.0,1.0,2.0,4.0,1.0,1.0,4.939119,55.804,0.0,Rasht,False,0.0
1.0,3.0,2.0,0.0,1.0,2.0,1.0,1.0,4.872315,55.506,12.0,Rasht,False,12.0
1.0,0.0,1.0,1.0,0.0,3.0,1.0,0.0,5.048299,56.399,0.0,Rasht,False,0.0
0.0,1.0,0.0,1.0,2.0,1.0,0.0,1.0,5.031003,56.696,0.0,Rasht,False,0.0
1.0,3.0,0.0,1.0,1.0,2.0,2.0,1.0,4.98619,56.052,0.0,Rasht,False,0.0
1.0,2.0,2.0,0.0,3.0,3.0,0.0,1.0,4.968906,56.448,0.0,Rasht,False,0.0
1.0,1.0,1.0,1.0,2.0,0.0,1.0,1.0,4.928294,55.754,0.0,Rasht,False,0.0
0.0,3.0,4.0,1.0,0.0,0.0,0.0,0.0,5.026234,56.101,0.0,Rasht,False,0.0
1.0,2.0,0.0,1.0,2.0,0.0,1.0,1.0,4.928294,55.754,0.0,Rasht,False,0.0
1.0,1.0,4.0,0.0,0.0,3.0,1.0,0.0,5.042873,56.3,0.0,Rasht,False,0.0
0.0,2.0,2.0,0.0,3.0,1.0,2.0,1.0,4.941857,55.754,0.0,Rasht,False,0.0
1.0,3.0,0.0,1.0,0.0,3.0,0.0,0.0,5.068278,56.498,0.0,Rasht,False,0.0
1.0,2.0,0.0,0.0,2.0,2.0,1.0,2.0,4.932339,55.704,0.0,Rasht,False,0.0
1.0,1.0,1.0,0.0,2.0,0.0,0.0,1.0,5.029144,56.647,0.0,Rasht,False,0.0
0.0,1.0,4.0,0.0,0.0,3.0,1.0,1.0,4.999053,56.052,0.0,Rasht,False,0.0
1.0,2.0,3.0,0.0,2.0,3.0,1.0,2.0,4.932339,55.704,0.0,Rasht,False,0.0
0.0,3.0,3.0,0.0,1.0,3.0,1.0,1.0,4.999053,56.052,0.0,Rasht,False,0.0
0.0,1.0,3.0,1.0,1.0,3.0,1.0,2.0,4.990916,55.903,0.0,Rasht,False,0.0
1.0,2.0,4.0,0.0,2.0,2.0,0.0,1.0,4.985737,56.448,0.0,Rasht,False,0.0
1.0,2.0,3.0,1.0,1.0,0.0,0.0,1.0,4.982394,56.399,0.0,Rasht,False,0.0
0.0,1.0,1.0,1.0,0.0,2.0,1.0,2.0,5.006745,55.804,0.0,Rasht,False,0.0
0.0,1.0,1.0,0.0,1.0,0.0,0.0,1.0,5.033769,56.448,0.0,Rasht,False,0.0
0.0,0.0,2.0,0.0,0.0,3.0,1.0,1.0,5.033748,56.002,0.0,Rasht,False,0.0
0.0,3.0,2.0,0.0,3.0,0.0,0.0,1.0,4.906197,56.151,8.0,Rasht,False,8.0
0.0,1.0,3.0,1.0,0.0,2.0,2.0,1.0,5.01052,56.052,0.0,Rasht,False,0.0
1.0,3.0,1.0,0.0,1.0,3.0,0.0,1.0,4.901351,55.853,8.0,Rasht,False,8.0
0.0,1.0,2.0,1.0,3.0,4.0,1.0,1.0,4.922461,55.853,0.0,Rasht,False,0.0
1.0,3.0,4.0,1.0,1.0,3.0,1.0,1.0,4.987457,56.052,0.0,Rasht,False,0.0
0.0,1.0,3.0,1.0,3.0,1.0,1.0,2.0,4.917988,55.754,0.0,Rasht,False,0.0
0.0,1.0,3.0,0.0,1.0,0.0,1.0,0.0,5.033472,56.151,0.0,Rasht,False,0.0
1.0,1.0,1.0,1.0,2.0,0.0,2.0,0.0,4.980911,55.903,0.0,Rasht,False,0.0
1.0,2.0,2.0,0.0,2.0,3.0,1.0,1.0,4.934851,55.754,0.0,Rasht,False,0.0
0.0,0.0,2.0,0.0,2.0,2.0,0.0,1.0,4.9977,56.448,0.0,Rasht,False,0.0
1.0,3.0,3.0,1.0,3.0,2.0,1.0,2.0,4.80049,55.357,12.0,Rasht,False,12.0
1.0,1.0,4.0,0.0,1.0,0.0,1.0,1.0,4.991913,56.052,0.0,Rasht,False,0.0
0.0,3.0,3.0,1.0,3.0,0.0,2.0,0.0,4.914073,55.605,15.0,Rasht,False,15.0
1.0,1.0,2.0,1.0,1.0,2.0,1.0,1.0,4.987457,56.052,0.0,Rasht,False,0.0
1.0,2.0,4.0,0.0,1.0,4.0,1.0,2.0,4.950777,55.754,0.0,Rasht,False,0.0
1.0,2.0,0.0,1.0,1.0,2.0,0.0,2.0,4.979371,56.399,0.0,Rasht,False,0.0
0.0,2.0,2.0,0.0,0.0,1.0,1.0,1.0,4.945645,55.804,0.0,Rasht,False,0.0
0.0,1.0,1.0,0.0,3.0,1.0,1.0,0.0,5.033472,56.151,0.0,Rasht,False,0.0
0.0,2.0,3.0,1.0,0.0,2.0,1.0,2.0,4.967096,55.605,0.0,Rasht,False,0.0
0.0,2.0,3.0,0.0,1.0,3.0,0.0,2.0,4.990427,56.349,0.0,Rasht,False,0.0
1.0,3.0,2.0,1.0,0.0,1.0,0.0,0.0,5.068278,56.498,0.0,Rasht,False,0.0
1.0,3.0,2.0,0.0,2.0,3.0,1.0,0.0,4.953533,55.804,15.0,Rasht,False,15.0
1.0,0.0,1.0,0.0,1.0,0.0,1.0,0.0,5.037067,56.052,0.0,Rasht,False,0.0
1.0,2.0,0.0,1.0,1.0,2.0,1.0,1.0,4.928294,55.754,0.0,Rasht,False,0.0
1.0,0.0,2.0,0.0,1.0,0.0,1.0,0.0,5.037067,56.052,0.0,Rasht,False,0.0
1.0,2.0,0.0,1.0,0.0,2.0,0.0,1.0,4.982394,56.399,0.0,Rasht,False,0.0
1.0,1.0,3.0,0.0,1.0,3.0,1.0,1.0,4.991913,56.052,0.0,Rasht,False,0.0
1.0,2.0,1.0,0.0,1.0,1.0,2.0,2.0,4.948885,55.704,0.0,Rasht,False,0.0
1.0,2.0,3.0,1.0,1.0,2.0,0.0,1.0,4.982394,56.399,0.0,Rasht,False,0.0
0.0,2.0,3.0,1.0,0.0,0.0,1.0,0.0,5.033558,56.002,0.0,Rasht,False,0.0
0.0,2.0,2.0,1.0,2.0,4.0,0.0,2.0,4.986966,56.349,0.0,Rasht,False,0.0
0.0,2.0,3.0,0.0,1.0,1.0,2.0,0.0,4.995403,55.903,0.0,Rasht,False,0.0
1.0,0.0,4.0,1.0,0.0,2.0,2.0,1.0,5.028318,56.151,0.0,Rasht,False,0.0
1.0,0.0,3.0,0.0,2.0,1.0,0.0,2.0,5.053695,56.746,0.0,Rasht,False,0.0
0.0,2.0,0.0,1.0,3.0,4.0,2.0,1.0,4.887962,55.605,0.0,Rasht,False,0.0
1.0,2.0,2.0,1.0,1.0,0.0,0.0,0.0,5.048244,56.696,0.0,Rasht,False,0.0
0.0,3.0,3.0,1.0,2.0,2.0,1.0,1.0,4.870639,55.556,12.0,Rasht,False,12.0
0.0,3.0,2.0,0.0,2.0,0.0,0.0,1.0,4.9977,56.448,0.0,Rasht,False,0.0
1.0,1.0,2.0,0.0,2.0,0.0,1.0,0.0,5.005129,56.052,0.0,Rasht,False,0.0
0.0,2.0,1.0,1.0,1.0,1.0,1.0,1.0,4.960351,55.655,0.0,Rasht,False,0.0
0.0,2.0,4.0,0.0,3.0,4.0,0.0,0.0,5.060601,56.746,0.0,Rasht,False,0.0
1.0,2.0,4.0,0.0,0.0,1.0,0.0,1.0,4.979808,56.151,0.0,Rasht,False,0.0
1.0,1.0,2.0,0.0,3.0,4.0,1.0,0.0,4.96011,55.903,0.0,Rasht,False,0.0
0.0,2.0,0.0,0.0,2.0,1.0,2.0,2.0,4.935456,55.605,0.0,Rasht,False,0.0
0.0,0.0,0.0,0.0,0.0,0.0,0.0,0.0,6.925739,53.621,-1.0,Tabriz,False,23.0
1.0,3.0,2.0,0.0,2.0,3.0,0.0,1.0,6.790665,52.48,-1.0,Tabriz,False,23.0
0.0,1.0,2.0,1.0,1.0,1.0,0.0,0.0,6.903503,53.522,-1.0,Tabriz,False,23.0
0.0,2.0,2.0,1.0,0.0,3.0,1.0,0.0,6.908153,53.472,-1.0,Tabriz,False,23.0
0.0,1.0,3.0,1.0,1.0,3.0,1.0,2.0,6.90155,53.274,-1.0,Tabriz,False,23.0
0.0,2.0,4.0,0.0,3.0,3.0,1.0,1.0,6.798683,52.579,-1.0,Tabriz,False,23.0
1.0,3.0,0.0,0.0,2.0,4.0,0.0,2.0,6.791243,52.431,-1.0,Tabriz,False,23.0
1.0,3.0,1.0,0.0,1.0,0.0,1.0,1.0,6.801971,52.877,-1.0,Tabriz,False,23.0
1.0,2.0,3.0,0.0,1.0,1.0,1.0,1.0,6.867282,53.274,-1.0,Tabriz,False,23.0
1.0,3.0,2.0,0.0,2.0,1.0,2.0,1.0,6.791163,52.431,-1.0,Tabriz,False,23.0
0.0,2.0,4.0,0.0,2.0,3.0,0.0,1.0,6.870214,53.026,-1.0,Tabriz,False,23.0
0.0,0.0,2.0,0.0,3.0,3.0,0.0,1.0,6.808439,52.679,-1.0,Tabriz,False,23.0
0.0,2.0,1.0,0.0,3.0,1.0,0.0,0.0,6.857074,53.125,-1.0,Tabriz,False,23.0
1.0,2.0,1.0,0.0,2.0,2.0,1.0,1.0,6.853087,53.075,-1.0,Tabriz,False,23.0
1.0,0.0,2.0,1.0,0.0,1.0,1.0,1.0,6.91649,53.72,-1.0,Tabriz,False,23.0
1.0,2.0,3.0,0.0,2.0,2.0,1.0,0.0,6.87681,53.224,-1.0,Tabriz,False,23.0
0.0,2.0,3.0,0.0,2.0,4.0,1.0,1.0,6.86977,53.423,-1.0,Tabriz,False,23.0
0.0,2.0,2.0,0.0,2.0,4.0,2.0,1.0,6.870772,53.274,-1.0,Tabriz,False,23.0
0.0,0.0,0.0,1.0,1.0,1.0,0.0,0.0,6.911139,53.522,-1.0,Tabriz,False,23.0
0.0,1.0,2.0,1.0,3.0,4.0,1.0,2.0,6.858617,52.877,-1.0,Tabriz,False,23.0
1.0,3.0,0.0,1.0,1.0,2.0,2.0,1.0,6.892183,53.274,-1.0,Tabriz,False,23.0
1.0,1.0,4.0,0.0,1.0,1.0,0.0,0.0,6.899751,53.472,-1.0,Tabriz,False,23.0
0.0,2.0,1.0,0.0,0.0,3.0,0.0,1.0,6.870214,53.026,-1.0,Tabriz,False,23.0
1.0,0.0,3.0,0.0,2.0,3.0,1.0,1.0,6.901937,53.373,-1.0,Tabriz,False,23.0
1.0,1.0,3.0,1.0,3.0,2.0,1.0,1.0,6.892303,53.323,-1.0,Tabriz,False,23.0
0.0,2.0,1.0,1.0,2.0,3.0,1.0,0.0,6.88509,53.323,-1.0,Tabriz,False,23.0
1.0,0.0,1.0,1.0,2.0,2.0,1.0,0.0,6.870373,53.175,-1.0,Tabriz,False,23.0
1.0,3.0,0.0,0.0,0.0,1.0,1.0,2.0,6.811083,52.728,-1.0,Tabriz,False,23.0
1.0,3.0,1.0,0.0,0.0,3.0,0.0,2.0,6.808139,52.48,-1.0,Tabriz,False,23.0
0.0,2.0,3.0,1.0,3.0,2.0,0.0,2.0,6.845403,52.877,-1.0,Tabriz,False,23.0
1.0,3.0,2.0,0.0,2.0,3.0,2.0,1.0,6.791163,52.431,-1.0,Tabriz,False,23.0
1.0,0.0,0.0,1.0,3.0,4.0,2.0,1.0,6.9176,53.72,-1.0,Tabriz,False,23.0
0.0,2.0,1.0,0.0,1.0,2.0,1.0,0.0,6.916251,53.522,-1.0,Tabriz,False,23.0
0.0,1.0,3.0,1.0,1.0,0.0,1.0,1.0,6.899693,53.373,-1.0,Tabriz,False,23.0
0.0,0.0,0.0,0.0,2.0,3.0,0.0,0.0,6.890232,53.373,-1.0,Tabriz,False,23.0
1.0,2.0,3.0,1.0,3.0,1.0,1.0,1.0,6.846685,52.976,-1.0,Tabriz,False,23.0
1.0,1.0,2.0,1.0,2.0,2.0,2.0,1.0,6.846839,52.927,-1.0,Tabriz,False,23.0
1.0,0.0,4.0,0.0,2.0,2.0,2.0,1.0,6.900463,53.274,-1.0,Tabriz,False,23.0
1.0,0.0,0.0,1.0,0.0,1.0,1.0,2.0,6.917419,53.72,-1.0,Tabriz,False,23.0
1.0,1.0,3.0,0.0,2.0,3.0,1.0,2.0,6.884813,53.224,-1.0,Tabriz,False,23.0
1.0,3.0,0.0,0.0,2.0,1.0,1.0,0.0,6.84386,52.927,-1.0,Tabriz,False,23.0
0.0,2.0,3.0,1.0,2.0,2.0,0.0,2.0,6.866214,52.927,-1.0,Tabriz,False,23.0
1.0,2.0,0.0,1.0,1.0,2.0,1.0,1.0,6.846685,52.976,-1.0,Tabriz,False,23.0
1.0,0.0,0.0,0.0,3.0,1.0,1.0,1.0,6.876501,53.373,-1.0,Tabriz,False,23.0
0.0,1.0,1.0,0.0,0.0,1.0,2.0,2.0,6.903613,53.224,-1.0,Tabriz,False,23.0
0.0,3.0,1.0,0.0,3.0,2.0,0.0,1.0,6.808439,52.679,-1.0,Tabriz,False,23.0
0.0,3.0,3.0,1.0,2.0,1.0,1.0,1.0,6.81335,52.827,-1.0,Tabriz,False,23.0
0.0,0.0,2.0,0.0,1.0,1.0,0.0,2.0,6.900857,53.423,-1.0,Tabriz,False,23.0
0.0,2.0,1.0,0.0,1.0,2.0,2.0,0.0,6.914527,53.522,-1.0,Tabriz,False,23.0
0.0,1.0,0.0,1.0,0.0,2.0,1.0,2.0,6.911078,53.323,-1.0,Tabriz,False,23.0
1.0,2.0,2.0,1.0,1.0,1.0,0.0,0.0,6.867564,53.274,-1.0,Tabriz,False,23.0
1.0,0.0,1.0,1.0,2.0,2.0,0.0,1.0,6.845151,53.026,-1.0,Tabriz,False,23.0
0.0,2.0,2.0,1.0,2.0,1.0,1.0,1.0,6.862517,53.075,-1.0,Tabriz,False,23.0
0.0,1.0,1.0,0.0,1.0,1.0,1.0,0.0,6.916251,53.522,-1.0,Tabriz,False,23.0
0.0,2.0,1.0,1.0,1.0,2.0,0.0,2.0,6.877478,52.877,-1.0,Tabriz,False,23.0
0.0,2.0,4.0,0.0,3.0,4.0,1.0,1.0,6.798683,52.579,-1.0,Tabriz,False,23.0
0.0,1.0,3.0,0.0,3.0,0.0,2.0,0.0,6.8501,53.075,-1.0,Tabriz,False,23.0
0.0,3.0,4.0,1.0,2.0,3.0,1.0,1.0,6.81335,52.827,-1.0,Tabriz,False,23.0
1.0,1.0,2.0,0.0,1.0,4.0,0.0,1.0,6.889459,53.522,-1.0,Tabriz,False,23.0
1.0,0.0,2.0,0.0,0.0,4.0,1.0,0.0,6.924199,53.621,-1.0,Tabriz,False,23.0
0.0,2.0,4.0,0.0,1.0,2.0,1.0,1.0,6.904236,53.373,-1.0,Tabriz,False,23.0
0.0,3.0,2.0,1.0,2.0,4.0,2.0,1.0,6.815554,52.728,-1.0,Tabriz,False,23.0
1.0,3.0,3.0,1.0,3.0,3.0,1.0,2.0,6.756075,52.232,-1.0,Tabriz,False,23.0
0.0,1.0,3.0,0.0,2.0,1.0,1.0,2.0,6.907709,53.274,-1.0,Tabriz,False,23.0
0.0,1.0,4.0,0.0,2.0,3.0,1.0,0.0,6.916251,53.522,-1.0,Tabriz,False,23.0
1.0,0.0,4.0,0.0,2.0,1.0,1.0,0.0,6.907552,53.472,-1.0,Tabriz,False,23.0
1.0,2.0,0.0,1.0,1.0,2.0,0.0,1.0,6.845151,53.026,-1.0,Tabriz,False,23.0
1.0,3.0,1.0,0.0,2.0,3.0,1.0,0.0,6.84386,52.927,-1.0,Tabriz,False,23.0
0.0,2.0,2.0,0.0,1.0,3.0,1.0,1.0,6.904236,53.373,-1.0,Tabriz,False,23.0
1.0,3.0,2.0,1.0,0.0,0.0,1.0,2.0,6.917419,53.72,-1.0,Tabriz,False,23.0
0.0,0.0,3.0,1.0,1.0,0.0,1.0,2.0,6.914117,53.423,-1.0,Tabriz,False,23.0
0.0,1.0,3.0,1.0,1.0,2.0,1.0,2.0,6.90155,53.274,-1.0,Tabriz,False,23.0
0.0,1.0,2.0,1.0,0.0,0.0,1.0,2.0,6.911078,53.323,-1.0,Tabriz,False,23.0
1.0,2.0,0.0,0.0,1.0,4.0,2.0,2.0,6.869668,52.976,-1.0,Tabriz,False,23.0
0.0,1.0,2.0,1.0,2.0,3.0,1.0,1.0,6.886247,53.125,-1.0,Tabriz,False,23.0
0.0,0.0,1.0,0.0,1.0,0.0,0.0,1.0,6.900356,53.571,-1.0,Tabriz,False,23.0
0.0,2.0,4.0,0.0,1.0,2.0,1.0,2.0,6.907709,53.274,-1.0,Tabriz,False,23.0
1.0,3.0,3.0,0.0,3.0,1.0,2.0,2.0,6.77267,52.282,-1.0,Tabriz,False,23.0
1.0,1.0,3.0,0.0,2.0,4.0,0.0,2.0,6.881427,53.423,-1.0,Tabriz,False,23.0
0.0,1.0,2.0,0.0,2.0,2.0,1.0,2.0,6.907709,53.274,-1.0,Tabriz,False,23.0
1.0,0.0,4.0,0.0,1.0,4.0,1.0,1.0,6.91428,53.472,-1.0,Tabriz,False,23.0
1.0,1.0,1.0,0.0,2.0,3.0,1.0,1.0,6.883591,53.224,-1.0,Tabriz,False,23.0
0.0,0.0,3.0,1.0,1.0,4.0,0.0,0.0,6.911139,53.522,-1.0,Tabriz,False,23.0
0.0,1.0,1.0,1.0,2.0,2.0,1.0,0.0,6.89696,53.373,-1.0,Tabriz,False,23.0
0.0,2.0,4.0,1.0,0.0,3.0,1.0,1.0,6.886697,53.274,-1.0,Tabriz,False,23.0
1.0,2.0,2.0,0.0,2.0,2.0,1.0,1.0,6.853087,53.075,-1.0,Tabriz,False,23.0
0.0,2.0,3.0,0.0,2.0,2.0,2.0,2.0,6.877435,53.175,-1.0,Tabriz,False,23.0
0.0,1.0,2.0,1.0,1.0,1.0,1.0,2.0,6.90155,53.274,-1.0,Tabriz,False,23.0
0.0,2.0,3.0,1.0,3.0,1.0,0.0,0.0,6.864554,53.274,-1.0,Tabriz,False,23.0
0.0,2.0,3.0,1.0,0.0,3.0,1.0,0.0,6.908153,53.472,-1.0,Tabriz,False,23.0
0.0,2.0,4.0,1.0,2.0,3.0,1.0,1.0,6.862517,53.075,-1.0,Tabriz,False,23.0
1.0,2.0,0.0,0.0,0.0,3.0,1.0,1.0,6.873525,52.976,-1.0,Tabriz,False,23.0
0.0,1.0,3.0,1.0,1.0,2.0,2.0,2.0,6.902609,53.224,-1.0,Tabriz,False,23.0
0.0,1.0,2.0,1.0,1.0,2.0,0.0,1.0,6.895302,53.571,-1.0,Tabriz,False,23.0
0.0,0.0,2.0,0.0,2.0,0.0,0.0,2.0,6.872113,52.927,-1.0,Tabriz,False,23.0
1.0,3.0,0.0,1.0,0.0,1.0,2.0,0.0,6.922859,53.621,-1.0,Tabriz,False,23.0
0.0,2.0,2.0,0.0,0.0,4.0,2.0,2.0,6.877435,53.175,-1.0,Tabriz,False,23.0
0.0,1.0,1.0,1.0,2.0,1.0,1.0,2.0,6.888307,53.175,-1.0,Tabriz,False,23.0
0.0,0.0,0.0,1.0,1.0,3.0,1.0,1.0,6.913892,53.472,-1.0,Tabriz,False,23.0
1.0,2.0,4.0,1.0,1.0,2.0,1.0,2.0,6.847298,52.927,-1.0,Tabriz,False,23.0
1.0,3.0,3.0,0.0,2.0,2.0,0.0,2.0,6.791243,52.431,-1.0,Tabriz,False,23.0
0.0,1.0,2.0,1.0,3.0,3.0,0.0,1.0,6.860265,53.323,-1.0,Tabriz,False,23.0
0.0,1.0,1.0,1.0,1.0,1.0,2.0,1.0,6.898979,53.323,-1.0,Tabriz,False,23.0
0.0,2.0,4.0,1.0,3.0,3.0,2.0,1.0,6.833054,52.976,-1.0,Tabriz,False,23.0
1.0,2.0,2.0,1.0,3.0,3.0,1.0,0.0,6.870373,53.175,-1.0,Tabriz,False,23.0
0.0,2.0,1.0,1.0,1.0,4.0,2.0,0.0,6.900952,53.621,-1.0,Tabriz,False,23.0
0.0,1.0,0.0,0.0,2.0,0.0,1.0,2.0,6.907709,53.274,-1.0,Tabriz,False,23.0
1.0,3.0,2.0,0.0,2.0,1.0,1.0,0.0,6.84386,52.927,-1.0,Tabriz,False,23.0
1.0,2.0,4.0,1.0,1.0,3.0,1.0,1.0,6.846685,52.976,-1.0,Tabriz,False,23.0
1.0,1.0,1.0,0.0,2.0,4.0,2.0,2.0,6.884778,53.125,-1.0,Tabriz,False,23.0
0.0,1.0,3.0,1.0,1.0,1.0,2.0,0.0,6.912355,53.522,-1.0,Tabriz,False,23.0
0.0,2.0,3.0,0.0,2.0,4.0,1.0,0.0,6.894173,53.373,-1.0,Tabriz,False,23.0
1.0,0.0,3.0,0.0,1.0,3.0,1.0,1.0,6.91428,53.472,-1.0,Tabriz,False,23.0
0.0,1.0,2.0,1.0,1.0,1.0,2.0,1.0,6.898979,53.323,-1.0,Tabriz,False,23.0
0.0,2.0,2.0,1.0,1.0,3.0,0.0,2.0,6.877478,52.877,-1.0,Tabriz,False,23.0
1.0,1.0,0.0,1.0,0.0,1.0,2.0,2.0,6.918105,53.72,-1.0,Tabriz,False,23.0
0.0,2.0,2.0,1.0,3.0,2.0,2.0,2.0,6.836704,52.778,-1.0,Tabriz,False,23.0
0.0,2.0,1.0,1.0,3.0,0.0,1.0,0.0,6.854726,53.175,-1.0,Tabriz,False,23.0
0.0,2.0,1.0,0.0,2.0,0.0,1.0,1.0,6.86977,53.423,-1.0,Tabriz,False,23.0
0.0,3.0,2.0,1.0,1.0,3.0,0.0,2.0,6.830713,52.53,-1.0,Tabriz,False,23.0
1.0,3.0,0.0,1.0,3.0,4.0,0.0,2.0,6.763527,52.331,-1.0,Tabriz,False,23.0
0.0,2.0,2.0,1.0,2.0,4.0,1.0,2.0,6.867087,53.175,-1.0,Tabriz,False,23.0
1.0,0.0,1.0,1.0,1.0,3.0,0.0,0.0,6.917655,53.571,-1.0,Tabriz,False,23.0
1.0,3.0,2.0,1.0,3.0,3.0,1.0,2.0,6.756075,52.232,-1.0,Tabriz,False,23.0
1.0,1.0,1.0,1.0,0.0,2.0,1.0,1.0,6.91649,53.72,-1.0,Tabriz,False,23.0
0.0,2.0,4.0,0.0,2.0,3.0,1.0,1.0,6.86977,53.423,-1.0,Tabriz,False,23.0
1.0,1.0,2.0,1.0,1.0,2.0,0.0,1.0,6.886368,53.472,-1.0,Tabriz,False,23.0
0.0,2.0,3.0,0.0,2.0,4.0,2.0,0.0,6.89219,53.274,-1.0,Tabriz,False,23.0
0.0,2.0,2.0,1.0,3.0,2.0,0.0,1.0,6.842919,52.976,-1.0,Tabriz,False,23.0
0.0,1.0,1.0,0.0,0.0,0.0,2.0,0.0,6.914527,53.522,-1.0,Tabriz,False,23.0
0.0,2.0,3.0,1.0,2.0,1.0,0.0,1.0,6.863017,53.075,-1.0,Tabriz,False,23.0
0.0,2.0,1.0,1.0,1.0,4.0,1.0,1.0,6.877768,53.323,-1.0,Tabriz,False,23.0
0.0,1.0,1.0,1.0,2.0,4.0,2.0,1.0,6.884374,53.224,-1.0,Tabriz,False,23.0
1.0,1.0,3.0,1.0,2.0,1.0,1.0,1.0,6.846685,52.976,-1.0,Tabriz,False,23.0
0.0,0.0,1.0,0.0,0.0,3.0,0.0,2.0,6.920885,53.472,-1.0,Tabriz,False,23.0
1.0,1.0,3.0,0.0,1.0,0.0,1.0,0.0,6.907109,53.472,-1.0,Tabriz,False,23.0
1.0,3.0,3.0,0.0,2.0,1.0,0.0,2.0,6.791243,52.431,-1.0,Tabriz,False,23.0
1.0,0.0,1.0,1.0,2.0,2.0,0.0,0.0,6.867564,53.274,-1.0,Tabriz,False,23.0
0.0,2.0,0.0,0.0,2.0,1.0,2.0,0.0,6.89219,53.274,-1.0,Tabriz,False,23.0
1.0,1.0,2.0,1.0,2.0,1.0,1.0,0.0,6.870373,53.175,-1.0,Tabriz,False,23.0
1.0,0.0,2.0,0.0,0.0,2.0,0.0,1.0,6.916155,53.472,-1.0,Tabriz,False,23.0
1.0,3.0,2.0,1.0,0.0,1.0,1.0,0.0,6.92223,53.621,-1.0,Tabriz,False,23.0
0.0,2.0,4.0,0.0,1.0,2.0,2.0,1.0,6.902708,53.323,-1.0,Tabriz,False,23.0
1.0,2.0,4.0,0.0,2.0,2.0,1.0,2.0,6.854373,52.976,-1.0,Tabriz,False,23.0
0.0,0.0,3.0,0.0,0.0,2.0,1.0,1.0,6.923747,53.77,-1.0,Tabriz,True,23.0
1.0,1.0,3.0,1.0,1.0,3.0,1.0,2.0,6.89187,53.274,-1.0,Tabriz,False,23.0
1.0,0.0,0.0,1.0,3.0,1.0,2.0,0.0,6.922859,53.621,-1.0,Tabriz,False,23.0
1.0,2.0,2.0,0.0,2.0,2.0,1.0,0.0,6.87681,53.224,-1.0,Tabriz,False,23.0
1.0,1.0,4.0,1.0,1.0,3.0,1.0,1.0,6.892303,53.323,-1.0,Tabriz,False,23.0
0.0,2.0,1.0,0.0,3.0,1.0,2.0,2.0,6.804967,52.282,-1.0,Tabriz,False,23.0
1.0,2.0,3.0,0.0,0.0,3.0,0.0,0.0,6.891061,53.373,-1.0,Tabriz,False,23.0
1.0,0.0,0.0,0.0,2.0,3.0,1.0,0.0,6.907552,53.472,-1.0,Tabriz,False,23.0
1.0,2.0,0.0,1.0,1.0,2.0,2.0,2.0,6.849304,52.877,-1.0,Tabriz,False,23.0
1.0,2.0,3.0,0.0,0.0,2.0,2.0,0.0,6.895254,53.373,-1.0,Tabriz,False,23.0
0.0,2.0,3.0,0.0,0.0,1.0,2.0,1.0,6.870772,53.274,-1.0,Tabriz,False,23.0
0.0,1.0,3.0,1.0,3.0,2.0,1.0,0.0,6.865225,53.224,-1.0,Tabriz,False,23.0
1.0,1.0,2.0,1.0,2.0,0.0,1.0,1.0,6.846685,52.976,-1.0,Tabriz,False,23.0
0.0,3.0,2.0,0.0,0.0,1.0,1.0,1.0,6.798683,52.579,-1.0,Tabriz,False,23.0
0.0,1.0,1.0,1.0,2.0,2.0,1.0,2.0,6.888307,53.175,-1.0,Tabriz,False,23.0
1.0,3.0,2.0,0.0,2.0,2.0,1.0,2.0,6.79279,52.48,-1.0,Tabriz,False,23.0
0.0,0.0,3.0,1.0,2.0,3.0,0.0,1.0,6.894779,53.373,-1.0,Tabriz,False,23.0
0.0,0.0,2.0,0.0,3.0,2.0,1.0,2.0,6.803385,52.381,-1.0,Tabriz,False,23.0
0.0,1.0,2.0,0.0,2.0,2.0,1.0,0.0,6.916251,53.522,-1.0,Tabriz,False,23.0
1.0,2.0,0.0,0.0,0.0,1.0,0.0,0.0,6.891061,53.373,-1.0,Tabriz,False,23.0
0.0,2.0,0.0,1.0,2.0,4.0,1.0,0.0,6.88509,53.323,-1.0,Tabriz,False,23.0
1.0,3.0,4.0,0.0,3.0,1.0,1.0,1.0,6.769907,52.381,-1.0,Tabriz,False,23.0
0.0,0.0,1.0,0.0,1.0,3.0,1.0,1.0,6.904236,53.373,-1.0,Tabriz,False,23.0
0.0,1.0,0.0,1.0,3.0,3.0,0.0,2.0,6.865618,53.224,-1.0,Tabriz,False,23.0
1.0,1.0,4.0,0.0,0.0,0.0,1.0,1.0,6.9027,53.373,-1.0,Tabriz,False,23.0
1.0,3.0,2.0,1.0,0.0,3.0,1.0,1.0,6.91649,53.72,-1.0,Tabriz,False,23.0
1.0,3.0,3.0,1.0,0.0,1.0,2.0,1.0,6.9176,53.72,-1.0,Tabriz,False,23.0
0.0,3.0,3.0,0.0,1.0,3.0,0.0,1.0,6.808439,52.679,-1.0,Tabriz,False,23.0
1.0,1.0,1.0,1.0,1.0,4.0,1.0,2.0,6.89187,53.274,-1.0,Tabriz,False,23.0
0.0,1.0,0.0,1.0,1.0,1.0,2.0,2.0,6.902609,53.224,-1.0,Tabriz,False,23.0
1.0,2.0,4.0,0.0,1.0,1.0,1.0,1.0,6.867282,53.274,-1.0,Tabriz,False,23.0
1.0,3.0,4.0,1.0,2.0,3.0,0.0,1.0,6.845151,53.026,-1.0,Tabriz,False,23.0
1.0,3.0,4.0,1.0,2.0,2.0,1.0,1.0,6.846685,52.976,-1.0,Tabriz,False,23.0
0.0,2.0,3.0,1.0,3.0,3.0,2.0,1.0,6.833054,52.976,-1.0,Tabriz,False,23.0
1.0,1.0,1.0,1.0,2.0,2.0,0.0,1.0,6.845151,53.026,-1.0,Tabriz,False,23.0
1.0,2.0,2.0,1.0,1.0,2.0,0.0,2.0,6.846319,52.927,-1.0,Tabriz,False,23.0
0.0,2.0,2.0,0.0,2.0,1.0,0.0,1.0,6.870214,53.026,-1.0,Tabriz,False,23.0
1.0,1.0,4.0,1.0,1.0,3.0,0.0,1.0,6.886368,53.472,-1.0,Tabriz,False,23.0
0.0,3.0,3.0,0.0,3.0,3.0,0.0,1.0,6.808439,52.679,-1.0,Tabriz,False,23.0
0.0,0.0,3.0,0.0,1.0,1.0,0.0,2.0,6.900857,53.423,-1.0,Tabriz,False,23.0
1.0,1.0,2.0,1.0,3.0,0.0,2.0,1.0,6.892183,53.274,-1.0,Tabriz,False,23.0
0.0,0.0,2.0,0.0,0.0,2.0,1.0,0.0,6.92888,53.671,-1.0,Tabriz,True,23.0
0.0,1.0,1.0,1.0,1.0,1.0,1.0,2.0,6.90155,53.274,-1.0,Tabriz,False,23.0
1.0,3.0,3.0,1.0,0.0,3.0,2.0,2.0,6.918105,53.72,-1.0,Tabriz,False,23.0
0.0,2.0,2.0,0.0,0.0,0.0,1.0,0.0,6.894173,53.373,-1.0,Tabriz,False,23.0
0.0,3.0,0.0,0.0,2.0,4.0,0.0,2.0,6.811943,52.48,-1.0,Tabriz,False,23.0
1.0,0.0,2.0,1.0,0.0,3.0,2.0,1.0,6.9176,53.72,-1.0,Tabriz,False,23.0
0.0,1.0,0.0,1.0,3.0,1.0,1.0,1.0,6.854899,52.927,-1.0,Tabriz,False,23.0
1.0,1.0,1.0,0.0,1.0,2.0,1.0,1.0,6.897126,53.323,-1.0,Tabriz,False,23.0
1.0,0.0,4.0,0.0,1.0,4.0,1.0,2.0,6.915623,53.423,-1.0,Tabriz,False,23.0
0.0,2.0,1.0,1.0,0.0,3.0,1.0,2.0,6.891521,53.125,-1.0,Tabriz,False,23.0
1.0,2.0,3.0,1.0,3.0,2.0,2.0,2.0,6.849304,52.877,-1.0,Tabriz,False,23.0
1.0,2.0,2.0,0.0,3.0,2.0,1.0,0.0,6.85417,53.175,-1.0,Tabriz,False,23.0
1.0,2.0,4.0,0.0,2.0,1.0,1.0,1.0,6.853087,53.075,-1.0,Tabriz,False,23.0
1.0,2.0,2.0,1.0,3.0,4.0,1.0,1.0,6.846685,52.976,-1.0,Tabriz,False,23.0
0.0,1.0,3.0,0.0,3.0,2.0,1.0,1.0,6.798683,52.579,-1.0,Tabriz,False,23.0
0.0,0.0,0.0,1.0,2.0,1.0,2.0,1.0,6.8969,53.323,-1.0,Tabriz,False,23.0
1.0,2.0,2.0,1.0,3.0,3.0,1.0,1.0,6.846685,52.976,-1.0,Tabriz,False,23.0
1.0,2.0,1.0,1.0,1.0,3.0,2.0,1.0,6.846839,52.927,-1.0,Tabriz,False,23.0
1.0,1.0,4.0,1.0,3.0,1.0,1.0,1.0,6.892303,53.323,-1.0,Tabriz,False,23.0
1.0,1.0,1.0,1.0,0.0,3.0,1.0,1.0,6.91649,53.72,-1.0,Tabriz,False,23.0
1.0,2.0,3.0,0.0,1.0,4.0,2.0,1.0,6.868225,53.175,-1.0,Tabriz,False,23.0
0.0,0.0,3.0,1.0,3.0,2.0,1.0,2.0,6.868534,53.274,-1.0,Tabriz,False,23.0
0.0,2.0,2.0,0.0,2.0,3.0,1.0,1.0,6.86977,53.423,-1.0,Tabriz,False,23.0
0.0,0.0,2.0,0.0,3.0,2.0,0.0,2.0,6.811943,52.48,-1.0,Tabriz,False,23.0
0.0,2.0,4.0,1.0,1.0,2.0,1.0,0.0,6.900633,53.671,-1.0,Tabriz,False,23.0
1.0,0.0,4.0,1.0,1.0,1.0,0.0,1.0,6.913115,53.472,-1.0,Tabriz,False,23.0
0.0,1.0,1.0,1.0,0.0,1.0,2.0,0.0,6.919502,53.571,-1.0,Tabriz,False,23.0
0.0,0.0,4.0,0.0,1.0,3.0,0.0,0.0,6.90822,53.522,-1.0,Tabriz,False,23.0
1.0,2.0,3.0,1.0,0.0,1.0,0.0,0.0,6.867564,53.274,-1.0,Tabriz,False,23.0
1.0,2.0,4.0,1.0,3.0,1.0,1.0,2.0,6.847298,52.927,-1.0,Tabriz,False,23.0
0.0,2.0,4.0,1.0,3.0,1.0,1.0,2.0,6.833931,52.827,-1.0,Tabriz,False,23.0
0.0,2.0,1.0,1.0,0.0,2.0,0.0,1.0,6.883437,53.224,-1.0,Tabriz,False,23.0
0.0,1.0,2.0,1.0,3.0,3.0,1.0,1.0,6.854899,52.927,-1.0,Tabriz,False,23.0
1.0,1.0,1.0,0.0,0.0,2.0,1.0,1.0,6.9027,53.373,-1.0,Tabriz,False,23.0
1.0,1.0,1.0,1.0,1.0,2.0,2.0,0.0,6.903422,53.621,-1.0,Tabriz,False,23.0
1.0,1.0,1.0,1.0,1.0,1.0,0.0,1.0,6.886368,53.472,-1.0,Tabriz,False,23.0
0.0,2.0,2.0,0.0,0.0,1.0,1.0,0.0,6.894173,53.373,-1.0,Tabriz,False,23.0
0.0,0.0,4.0,0.0,1.0,1.0,1.0,0.0,6.916251,53.522,-1.0,Tabriz,False,23.0
1.0,2.0,3.0,0.0,2.0,2.0,1.0,1.0,6.853087,53.075,-1.0,Tabriz,False,23.0
1.0,0.0,0.0,0.0,3.0,3.0,1.0,1.0,6.876501,53.373,-1.0,Tabriz,False,23.0
1.0,2.0,3.0,1.0,3.0,2.0,0.0,0.0,6.867564,53.274,-1.0,Tabriz,False,23.0
1.0,3.0,3.0,1.0,2.0,4.0,0.0,1.0,6.845151,53.026,-1.0,Tabriz,False,23.0
1.0,2.0,1.0,0.0,0.0,0.0,1.0,2.0,6.875005,53.125,-1.0,Tabriz,False,23.0
0.0,2.0,2.0,1.0,0.0,0.0,1.0,2.0,6.891521,53.125,-1.0,Tabriz,False,23.0
1.0,0.0,2.0,1.0,1.0,3.0,1.0,1.0,6.91649,53.72,-1.0,Tabriz,False,23.0
1.0,2.0,2.0,0.0,1.0,2.0,2.0,0.0,6.889326,53.522,-1.0,Tabriz,False,23.0
0.0,0.0,1.0,0.0,0.0,2.0,1.0,1.0,6.923747,53.77,-1.0,Tabriz,True,23.0
0.0,0.0,3.0,1.0,2.0,2.0,1.0,0.0,6.904521,53.423,-1.0,Tabriz,False,23.0
1.0,1.0,1.0,1.0,2.0,2.0,2.0,0.0,6.870803,53.175,-1.0,Tabriz,False,23.0
0.0,0.0,2.0,0.0,2.0,4.0,2.0,2.0,6.877435,53.175,-1.0,Tabriz,False,23.0
1.0,1.0,3.0,0.0,2.0,1.0,2.0,1.0,6.883727,53.175,-1.0,Tabriz,False,23.0
0.0,2.0,1.0,1.0,0.0,3.0,0.0,0.0,6.905497,53.472,-1.0,Tabriz,False,23.0
0.0,2.0,4.0,0.0,3.0,2.0,0.0,1.0,6.808439,52.679,-1.0,Tabriz,False,23.0
1.0,1.0,2.0,0.0,1.0,0.0,1.0,0.0,6.907109,53.472,-1.0,Tabriz,False,23.0
1.0,0.0,0.0,0.0,0.0,2.0,1.0,1.0,6.918632,53.72,-1.0,Tabriz,False,23.0
1.0,3.0,2.0,1.0,2.0,3.0,1.0,2.0,6.847298,52.927,-1.0,Tabriz,False,23.0
0.0,2.0,2.0,0.0,1.0,2.0,2.0,0.0,6.914527,53.522,-1.0,Tabriz,False,23.0
1.0,2.0,1.0,0.0,0.0,1.0,2.0,0.0,6.895254,53.373,-1.0,Tabriz,False,23.0
1.0,1.0,4.0,1.0,2.0,2.0,1.0,1.0,6.846685,52.976,-1.0,Tabriz,False,23.0
0.0,3.0,3.0,0.0,1.0,1.0,0.0,2.0,6.811943,52.48,-1.0,Tabriz,False,23.0
1.0,1.0,2.0,0.0,2.0,3.0,0.0,2.0,6.881427,53.423,-1.0,Tabriz,False,23.0
1.0,2.0,3.0,1.0,2.0,3.0,0.0,1.0,6.845151,53.026,-1.0,Tabriz,False,23.0
0.0,0.0,4.0,1.0,0.0,0.0,2.0,2.0,6.922718,53.671,-1.0,Tabriz,False,23.0
0.0,1.0,1.0,1.0,2.0,0.0,0.0,0.0,6.894015,53.472,-1.0,Tabriz,False,23.0
1.0,3.0,3.0,1.0,2.0,1.0,1.0,0.0,6.870373,53.175,-1.0,Tabriz,False,23.0
1.0,2.0,1.0,0.0,1.0,2.0,0.0,0.0,6.882992,53.323,-1.0,Tabriz,False,23.0
1.0,3.0,1.0,1.0,0.0,0.0,2.0,0.0,6.922859,53.621,-1.0,Tabriz,False,23.0
1.0,2.0,0.0,0.0,2.0,2.0,2.0,2.0,6.857842,52.877,-1.0,Tabriz,False,23.0
0.0,2.0,3.0,0.0,2.0,3.0,2.0,0.0,6.89219,53.274,-1.0,Tabriz,False,23.0
0.0,1.0,1.0,1.0,2.0,3.0,2.0,1.0,6.884374,53.224,-1.0,Tabriz,False,23.0
1.0,3.0,3.0,0.0,1.0,0.0,1.0,1.0,6.801971,52.877,-1.0,Tabriz,False,23.0
1.0,0.0,1.0,0.0,0.0,2.0,2.0,2.0,6.919713,53.72,-1.0,Tabriz,False,23.0
1.0,1.0,1.0,1.0,2.0,1.0,1.0,0.0,6.870373,53.175,-1.0,Tabriz,False,23.0
1.0,2.0,1.0,0.0,0.0,1.0,1.0,1.0,6.873525,52.976,-1.0,Tabriz,False,23.0
0.0,0.0,3.0,1.0,3.0,1.0,1.0,0.0,6.873313,53.274,-1.0,Tabriz,False,23.0
1.0,3.0,0.0,1.0,1.0,0.0,2.0,0.0,6.903422,53.621,-1.0,Tabriz,False,23.0
1.0,2.0,0.0,0.0,0.0,2.0,2.0,0.0,6.895254,53.373,-1.0,Tabriz,False,23.0
0.0,3.0,4.0,1.0,2.0,0.0,1.0,1.0,6.81335,52.827,-1.0,Tabriz,False,23.0
0.0,3.0,3.0,0.0,1.0,0.0,1.0,1.0,6.798683,52.579,-1.0,Tabriz,False,23.0
0.0,2.0,4.0,1.0,1.0,0.0,1.0,1.0,6.877768,53.323,-1.0,Tabriz,False,23.0
1.0,0.0,2.0,0.0,2.0,3.0,0.0,1.0,6.896107,53.423,-1.0,Tabriz,False,23.0
0.0,1.0,2.0,0.0,3.0,3.0,1.0,1.0,6.798683,52.579,-1.0,Tabriz,False,23.0
1.0,3.0,1.0,1.0,1.0,3.0,2.0,1.0,6.892183,53.274,-1.0,Tabriz,False,23.0
1.0,2.0,0.0,0.0,3.0,3.0,1.0,0.0,6.85417,53.175,-1.0,Tabriz,False,23.0
0.0,2.0,2.0,1.0,1.0,1.0,0.0,2.0,6.877478,52.877,-1.0,Tabriz,False,23.0
0.0,3.0,3.0,1.0,2.0,1.0,2.0,0.0,6.868599,53.075,-1.0,Tabriz,False,23.0
0.0,2.0,3.0,0.0,2.0,3.0,1.0,0.0,6.894173,53.373,-1.0,Tabriz,False,23.0
1.0,2.0,1.0,0.0,1.0,1.0,0.0,1.0,6.861931,53.026,-1.0,Tabriz,False,23.0
0.0,1.0,2.0,1.0,2.0,3.0,2.0,2.0,6.887197,53.125,-1.0,Tabriz,False,23.0
0.0,1.0,2.0,1.0,2.0,1.0,1.0,1.0,6.886247,53.125,-1.0,Tabriz,False,23.0
1.0,1.0,3.0,1.0,2.0,3.0,2.0,0.0,6.870803,53.175,-1.0,Tabriz,False,23.0
1.0,1.0,1.0,1.0,2.0,3.0,2.0,1.0,6.846839,52.927,-1.0,Tabriz,False,23.0
0.0,1.0,3.0,0.0,0.0,4.0,0.0,2.0,6.900857,53.423,-1.0,Tabriz,False,23.0
0.0,3.0,2.0,0.0,1.0,4.0,2.0,1.0,6.801481,52.431,-1.0,Tabriz,False,23.0
1.0,2.0,0.0,1.0,1.0,1.0,1.0,1.0,6.846685,52.976,-1.0,Tabriz,False,23.0
1.0,3.0,3.0,1.0,1.0,2.0,0.0,0.0,6.895188,53.472,-1.0,Tabriz,False,23.0
1.0,3.0,1.0,1.0,1.0,3.0,2.0,0.0,6.903422,53.621,-1.0,Tabriz,False,23.0
1.0,1.0,4.0,1.0,1.0,1.0,2.0,2.0,6.891703,53.274,-1.0,Tabriz,False,23.0
1.0,2.0,2.0,0.0,0.0,3.0,1.0,1.0,6.873525,52.976,-1.0,Tabriz,False,23.0
1.0,1.0,3.0,0.0,1.0,4.0,2.0,1.0,6.895622,53.274,-1.0,Tabriz,False,23.0
0.0,3.0,3.0,1.0,2.0,1.0,1.0,2.0,6.820051,52.827,-1.0,Tabriz,False,23.0
0.0,1.0,3.0,1.0,1.0,1.0,0.0,1.0,6.895302,53.571,-1.0,Tabriz,False,23.0
1.0,1.0,1.0,1.0,2.0,1.0,2.0,1.0,6.846839,52.927,-1.0,Tabriz,False,23.0
1.0,0.0,1.0,0.0,1.0,0.0,1.0,1.0,6.91428,53.472,-1.0,Tabriz,False,23.0
0.0,1.0,2.0,1.0,0.0,3.0,1.0,2.0,6.911078,53.323,-1.0,Tabriz,False,23.0
0.0,1.0,1.0,0.0,1.0,2.0,1.0,2.0,6.907709,53.274,-1.0,Tabriz,False,23.0
1.0,1.0,3.0,0.0,1.0,2.0,2.0,1.0,6.895622,53.274,-1.0,Tabriz,False,23.0
1.0,0.0,0.0,0.0,2.0,3.0,1.0,2.0,6.901929,53.373,-1.0,Tabriz,False,23.0
1.0,0.0,1.0,1.0,1.0,2.0,2.0,1.0,6.9176,53.72,-1.0,Tabriz,False,23.0
1.0,3.0,3.0,1.0,1.0,3.0,0.0,1.0,6.886368,53.472,-1.0,Tabriz,False,23.0
0.0,1.0,4.0,1.0,2.0,0.0,0.0,1.0,6.885165,53.274,-1.0,Tabriz,False,23.0
0.0,2.0,4.0,0.0,3.0,4.0,2.0,1.0,6.801481,52.431,-1.0,Tabriz,False,23.0
0.0,1.0,3.0,0.0,2.0,2.0,2.0,2.0,6.903613,53.224,-1.0,Tabriz,False,23.0
0.0,1.0,1.0,1.0,2.0,4.0,2.0,2.0,6.887197,53.125,-1.0,Tabriz,False,23.0
0.0,1.0,3.0,0.0,1.0,3.0,2.0,2.0,6.903613,53.224,-1.0,Tabriz,False,23.0
1.0,0.0,0.0,0.0,0.0,4.0,0.0,1.0,6.916155,53.472,-1.0,Tabriz,False,23.0
0.0,3.0,3.0,1.0,2.0,3.0,2.0,1.0,6.815554,52.728,-1.0,Tabriz,False,23.0
1.0,1.0,2.0,1.0,2.0,1.0,0.0,0.0,6.867564,53.274,-1.0,Tabriz,False,23.0
1.0,2.0,3.0,0.0,2.0,0.0,1.0,0.0,6.87681,53.224,-1.0,Tabriz,False,23.0
0.0,2.0,0.0,1.0,2.0,4.0,1.0,1.0,6.862517,53.075,-1.0,Tabriz,False,23.0
0.0,3.0,3.0,1.0,2.0,4.0,1.0,2.0,6.820051,52.827,-1.0,Tabriz,False,23.0
0.0,2.0,2.0,0.0,1.0,1.0,0.0,1.0,6.900356,53.571,-1.0,Tabriz,False,23.0
1.0,1.0,3.0,1.0,1.0,4.0,1.0,1.0,6.892303,53.323,-1.0,Tabriz,False,23.0
1.0,3.0,1.0,0.0,2.0,4.0,1.0,1.0,6.79304,52.579,-1.0,Tabriz,False,23.0
0.0,3.0,1.0,1.0,1.0,1.0,0.0,1.0,6.82826,52.629,-1.0,Tabriz,False,23.0
1.0,1.0,1.0,1.0,3.0,3.0,1.0,2.0,6.89187,53.274,-1.0,Tabriz,False,23.0
1.0,2.0,3.0,1.0,1.0,2.0,2.0,2.0,6.849304,52.877,-1.0,Tabriz,False,23.0
1.0,3.0,1.0,1.0,1.0,0.0,1.0,2.0,6.89187,53.274,-1.0,Tabriz,False,23.0
0.0,2.0,4.0,0.0,0.0,3.0,1.0,1.0,6.86977,53.423,-1.0,Tabriz,False,23.0
1.0,2.0,3.0,1.0,0.0,1.0,2.0,0.0,6.870803,53.175,-1.0,Tabriz,False,23.0
0.0,1.0,0.0,1.0,2.0,1.0,1.0,2.0,6.888307,53.175,-1.0,Tabriz,False,23.0
0.0,2.0,1.0,1.0,3.0,1.0,1.0,0.0,6.854726,53.175,-1.0,Tabriz,False,23.0
1.0,3.0,0.0,0.0,2.0,3.0,1.0,2.0,6.79279,52.48,-1.0,Tabriz,False,23.0
1.0,2.0,3.0,0.0,2.0,2.0,0.0,1.0,6.849856,53.026,-1.0,Tabriz,False,23.0
1.0,3.0,3.0,1.0,1.0,0.0,1.0,1.0,6.892303,53.323,-1.0,Tabriz,False,23.0
0.0,1.0,1.0,1.0,1.0,2.0,0.0,1.0,6.895302,53.571,-1.0,Tabriz,False,23.0
1.0,2.0,2.0,0.0,2.0,1.0,1.0,1.0,6.853087,53.075,-1.0,Tabriz,False,23.0
0.0,1.0,0.0,0.0,2.0,2.0,1.0,1.0,6.904236,53.373,-1.0,Tabriz,False,23.0
0.0,0.0,1.0,1.0,3.0,2.0,0.0,1.0,6.876322,53.274,-1.0,Tabriz,False,23.0
1.0,3.0,1.0,0.0,2.0,0.0,0.0,0.0,6.842077,52.927,-1.0,Tabriz,False,23.0
0.0,2.0,1.0,0.0,0.0,4.0,1.0,1.0,6.86977,53.423,-1.0,Tabriz,False,23.0
1.0,2.0,1.0,0.0,2.0,1.0,0.0,2.0,6.851623,52.976,-1.0,Tabriz,False,23.0
1.0,2.0,4.0,1.0,2.0,0.0,0.0,1.0,6.845151,53.026,-1.0,Tabriz,False,23.0
0.0,3.0,2.0,0.0,0.0,1.0,0.0,1.0,6.808439,52.679,-1.0,Tabriz,False,23.0
1.0,2.0,3.0,0.0,2.0,0.0,1.0,1.0,6.853087,53.075,-1.0,Tabriz,False,23.0
0.0,3.0,0.0,0.0,2.0,2.0,2.0,1.0,6.801481,52.431,-1.0,Tabriz,False,23.0
0.0,3.0,1.0,1.0,1.0,2.0,2.0,1.0,6.830345,52.877,-1.0,Tabriz,False,23.0
0.0,0.0,2.0,1.0,1.0,0.0,1.0,2.0,6.914117,53.423,-1.0,Tabriz,False,23.0
1.0,1.0,3.0,0.0,1.0,1.0,0.0,0.0,6.899751,53.472,-1.0,Tabriz,False,23.0
0.0,3.0,2.0,0.0,0.0,2.0,0.0,2.0,6.811943,52.48,-1.0,Tabriz,False,23.0
1.0,1.0,1.0,0.0,2.0,2.0,0.0,1.0,6.879971,53.472,-1.0,Tabriz,False,23.0
0.0,3.0,1.0,0.0,0.0,3.0,1.0,1.0,6.798683,52.579,-1.0,Tabriz,False,23.0
0.0,2.0,4.0,1.0,1.0,2.0,0.0,0.0,6.894395,53.423,-1.0,Tabriz,False,23.0
0.0,1.0,1.0,1.0,1.0,1.0,1.0,0.0,6.911181,53.671,-1.0,Tabriz,False,23.0
1.0,3.0,0.0,0.0,1.0,3.0,2.0,1.0,6.802091,52.827,-1.0,Tabriz,False,23.0
0.0,1.0,0.0,0.0,1.0,0.0,1.0,0.0,6.916251,53.522,-1.0,Tabriz,False,23.0
1.0,1.0,2.0,0.0,2.0,1.0,1.0,1.0,6.883591,53.224,-1.0,Tabriz,False,23.0
0.0,2.0,1.0,0.0,2.0,1.0,1.0,1.0,6.86977,53.423,-1.0,Tabriz,False,23.0
1.0,2.0,1.0,1.0,1.0,0.0,1.0,0.0,6.870373,53.175,-1.0,Tabriz,False,23.0
1.0,0.0,3.0,1.0,2.0,0.0,0.0,2.0,6.846319,52.927,-1.0,Tabriz,False,23.0
1.0,2.0,2.0,1.0,3.0,0.0,2.0,2.0,6.849304,52.877,-1.0,Tabriz,False,23.0
1.0,1.0,4.0,0.0,1.0,1.0,2.0,0.0,6.905396,53.472,-1.0,Tabriz,False,23.0
0.0,2.0,1.0,1.0,1.0,4.0,0.0,0.0,6.894395,53.423,-1.0,Tabriz,False,23.0
0.0,1.0,3.0,0.0,3.0,4.0,0.0,1.0,6.808439,52.679,-1.0,Tabriz,False,23.0
0.0,2.0,2.0,1.0,0.0,0.0,0.0,1.0,6.883437,53.224,-1.0,Tabriz,False,23.0
0.0,0.0,2.0,0.0,0.0,2.0,2.0,0.0,6.928704,53.621,-1.0,Tabriz,False,23.0
1.0,2.0,1.0,1.0,1.0,4.0,0.0,0.0,6.867564,53.274,-1.0,Tabriz,False,23.0
1.0,1.0,2.0,0.0,3.0,3.0,2.0,0.0,6.869528,53.175,-1.0,Tabriz,False,23.0
1.0,2.0,2.0,0.0,3.0,2.0,1.0,1.0,6.83019,52.976,-1.0,Tabriz,False,23.0
1.0,1.0,3.0,1.0,1.0,0.0,2.0,0.0,6.903422,53.621,-1.0,Tabriz,False,23.0
0.0,2.0,4.0,1.0,3.0,1.0,1.0,1.0,6.833071,52.976,-1.0,Tabriz,False,23.0
0.0,0.0,2.0,0.0,2.0,2.0,0.0,2.0,6.872113,52.927,-1.0,Tabriz,False,23.0
0.0,1.0,3.0,1.0,1.0,2.0,1.0,1.0,6.899693,53.373,-1.0,Tabriz,False,23.0
0.0,2.0,3.0,1.0,2.0,4.0,0.0,2.0,6.866214,52.927,-1.0,Tabriz,False,23.0
0.0,0.0,4.0,1.0,0.0,2.0,0.0,1.0,6.918805,53.472,-1.0,Tabriz,False,23.0
1.0,3.0,1.0,1.0,0.0,2.0,2.0,1.0,6.9176,53.72,-1.0,Tabriz,False,23.0
0.0,3.0,4.0,1.0,2.0,2.0,2.0,1.0,6.815554,52.728,-1.0,Tabriz,False,23.0
0.0,0.0,3.0,0.0,2.0,4.0,0.0,2.0,6.872113,52.927,-1.0,Tabriz,False,23.0
1.0,1.0,3.0,0.0,3.0,3.0,1.0,1.0,6.858744,52.976,-1.0,Tabriz,False,23.0
0.0,2.0,2.0,0.0,3.0,2.0,2.0,0.0,6.8501,53.075,-1.0,Tabriz,False,23.0
0.0,1.0,1.0,0.0,0.0,1.0,2.0,1.0,6.902708,53.323,-1.0,Tabriz,False,23.0
0.0,3.0,3.0,1.0,2.0,1.0,2.0,1.0,6.815554,52.728,-1.0,Tabriz,False,23.0
0.0,2.0,3.0,0.0,1.0,1.0,1.0,0.0,6.916251,53.522,-1.0,Tabriz,False,23.0
1.0,0.0,3.0,1.0,1.0,2.0,0.0,1.0,6.913115,53.472,-1.0,Tabriz,False,23.0
1.0,0.0,1.0,0.0,2.0,2.0,1.0,1.0,6.901937,53.373,-1.0,Tabriz,False,23.0
0.0,1.0,3.0,0.0,1.0,1.0,2.0,1.0,6.902708,53.323,-1.0,Tabriz,False,23.0
1.0,1.0,4.0,0.0,1.0,2.0,0.0,2.0,6.891155,53.472,-1.0,Tabriz,False,23.0
1.0,1.0,2.0,1.0,2.0,1.0,1.0,1.0,6.846685,52.976,-1.0,Tabriz,False,23.0
0.0,1.0,2.0,1.0,2.0,3.0,2.0,1.0,6.884374,53.224,-1.0,Tabriz,False,23.0
0.0,2.0,2.0,1.0,0.0,4.0,2.0,1.0,6.886546,53.274,-1.0,Tabriz,False,23.0
1.0,2.0,2.0,1.0,2.0,1.0,2.0,1.0,6.846839,52.927,-1.0,Tabriz,False,23.0
0.0,0.0,2.0,0.0,2.0,1.0,0.0,1.0,6.870214,53.026,-1.0,Tabriz,False,23.0
0.0,1.0,1.0,0.0,2.0,4.0,1.0,1.0,6.904236,53.373,-1.0,Tabriz,False,23.0
1.0,1.0,4.0,0.0,3.0,3.0,2.0,2.0,6.860934,52.877,-1.0,Tabriz,False,23.0
0.0,0.0,1.0,0.0,2.0,1.0,1.0,1.0,6.86977,53.423,-1.0,Tabriz,False,23.0
0.0,0.0,3.0,1.0,1.0,1.0,1.0,1.0,6.913892,53.472,-1.0,Tabriz,False,23.0
1.0,1.0,2.0,0.0,1.0,0.0,0.0,0.0,6.899751,53.472,-1.0,Tabriz,False,23.0
1.0,3.0,3.0,0.0,1.0,2.0,2.0,1.0,6.802091,52.827,-1.0,Tabriz,False,23.0
1.0,1.0,0.0,0.0,2.0,1.0,1.0,2.0,6.884813,53.224,-1.0,Tabriz,False,23.0
0.0,1.0,4.0,1.0,0.0,4.0,1.0,0.0,6.918073,53.571,-1.0,Tabriz,False,23.0
0.0,1.0,3.0,0.0,2.0,0.0,2.0,1.0,6.902708,53.323,-1.0,Tabriz,False,23.0
1.0,1.0,4.0,0.0,2.0,3.0,0.0,1.0,6.879971,53.472,-1.0,Tabriz,False,23.0
0.0,2.0,2.0,1.0,1.0,3.0,1.0,1.0,6.877768,53.323,-1.0,Tabriz,False,23.0
0.0,1.0,3.0,0.0,2.0,1.0,1.0,1.0,6.904236,53.373,-1.0,Tabriz,False,23.0
0.0,2.0,3.0,1.0,1.0,1.0,2.0,1.0,6.878402,53.323,-1.0,Tabriz,False,23.0
1.0,3.0,3.0,0.0,1.0,3.0,2.0,1.0,6.802091,52.827,-1.0,Tabriz,False,23.0
1.0,3.0,2.0,1.0,2.0,2.0,1.0,0.0,6.870373,53.175,-1.0,Tabriz,False,23.0
0.0,1.0,1.0,1.0,2.0,2.0,1.0,1.0,6.886247,53.125,-1.0,Tabriz,False,23.0
0.0,1.0,4.0,1.0,1.0,3.0,1.0,1.0,6.899693,53.373,-1.0,Tabriz,False,23.0
0.0,2.0,3.0,1.0,2.0,4.0,2.0,1.0,6.863063,53.075,-1.0,Tabriz,False,23.0
1.0,1.0,3.0,1.0,0.0,0.0,0.0,0.0,6.917655,53.571,-1.0,Tabriz,False,23.0
1.0,1.0,3.0,1.0,2.0,1.0,2.0,2.0,6.849304,52.877,-1.0,Tabriz,False,23.0
1.0,3.0,1.0,0.0,1.0,1.0,1.0,0.0,6.8544,53.026,-1.0,Tabriz,False,23.0
0.0,2.0,2.0,0.0,2.0,3.0,1.0,2.0,6.874895,53.224,-1.0,Tabriz,False,23.0
0.0,1.0,2.0,0.0,1.0,3.0,1.0,1.0,6.904236,53.373,-1.0,Tabriz,False,23.0
1.0,1.0,1.0,0.0,3.0,3.0,1.0,0.0,6.871478,53.274,-1.0,Tabriz,False,23.0
1.0,1.0,1.0,1.0,3.0,1.0,1.0,1.0,6.892303,53.323,-1.0,Tabriz,False,23.0
0.0,0.0,1.0,1.0,1.0,1.0,1.0,1.0,6.913892,53.472,-1.0,Tabriz,False,23.0
0.0,1.0,1.0,0.0,3.0,0.0,2.0,1.0,6.801481,52.431,-1.0,Tabriz,False,23.0
1.0,0.0,0.0,1.0,1.0,2.0,2.0,1.0,6.9176,53.72,-1.0,Tabriz,False,23.0
0.0,1.0,4.0,0.0,3.0,3.0,1.0,0.0,6.846709,53.175,-1.0,Tabriz,False,23.0
0.0,1.0,1.0,0.0,2.0,3.0,1.0,0.0,6.916251,53.522,-1.0,Tabriz,False,23.0
1.0,0.0,3.0,1.0,2.0,2.0,1.0,1.0,6.846685,52.976,-1.0,Tabriz,False,23.0
1.0,2.0,1.0,0.0,1.0,3.0,0.0,1.0,6.861931,53.026,-1.0,Tabriz,False,23.0
1.0,1.0,3.0,1.0,1.0,2.0,1.0,2.0,6.89187,53.274,-1.0,Tabriz,False,23.0
0.0,2.0,1.0,0.0,0.0,2.0,2.0,1.0,6.870772,53.274,-1.0,Tabriz,False,23.0
1.0,1.0,3.0,1.0,1.0,2.0,2.0,1.0,6.892183,53.274,-1.0,Tabriz,False,23.0
1.0,3.0,1.0,0.0,0.0,4.0,1.0,1.0,6.808794,52.827,-1.0,Tabriz,False,23.0
1.0,2.0,2.0,0.0,1.0,3.0,1.0,0.0,6.889512,53.571,-1.0,Tabriz,False,23.0
1.0,2.0,1.0,0.0,2.0,3.0,1.0,1.0,6.853087,53.075,-1.0,Tabriz,False,23.0
1.0,2.0,2.0,1.0,1.0,1.0,1.0,2.0,6.847298,52.927,-1.0,Tabriz,False,23.0
1.0,3.0,2.0,1.0,2.0,1.0,1.0,1.0,6.846685,52.976,-1.0,Tabriz,False,23.0
1.0,1.0,1.0,1.0,1.0,0.0,0.0,0.0,6.895188,53.472,-1.0,Tabriz,False,23.0
0.0,2.0,1.0,1.0,1.0,2.0,1.0,1.0,6.877768,53.323,-1.0,Tabriz,False,23.0
0.0,2.0,3.0,1.0,1.0,1.0,1.0,0.0,6.900633,53.671,-1.0,Tabriz,False,23.0
0.0,2.0,2.0,1.0,3.0,4.0,0.0,0.0,6.864554,53.274,-1.0,Tabriz,False,23.0
1.0,2.0,0.0,0.0,1.0,0.0,1.0,2.0,6.867861,53.224,-1.0,Tabriz,False,23.0
0.0,1.0,1.0,1.0,2.0,3.0,1.0,2.0,6.888307,53.175,-1.0,Tabriz,False,23.0
0.0,1.0,1.0,0.0,0.0,4.0,1.0,2.0,6.907709,53.274,-1.0,Tabriz,False,23.0
1.0,1.0,2.0,0.0,2.0,2.0,0.0,0.0,6.891636,53.423,-1.0,Tabriz,False,23.0
0.0,1.0,3.0,1.0,2.0,3.0,1.0,1.0,6.886247,53.125,-1.0,Tabriz,False,23.0
1.0,2.0,2.0,0.0,2.0,1.0,0.0,2.0,6.851623,52.976,-1.0,Tabriz,False,23.0
1.0,2.0,1.0,0.0,2.0,3.0,2.0,2.0,6.857842,52.877,-1.0,Tabriz,False,23.0
1.0,3.0,2.0,1.0,3.0,3.0,0.0,1.0,6.763271,52.381,-1.0,Tabriz,False,23.0
0.0,2.0,3.0,0.0,0.0,1.0,2.0,0.0,6.89219,53.274,-1.0,Tabriz,False,23.0
1.0,1.0,0.0,1.0,0.0,0.0,1.0,0.0,6.92223,53.621,-1.0,Tabriz,False,23.0
0.0,0.0,2.0,0.0,1.0,1.0,2.0,1.0,6.902708,53.323,-1.0,Tabriz,False,23.0
0.0,0.0,0.0,0.0,3.0,1.0,1.0,2.0,6.803385,52.381,-1.0,Tabriz,False,23.0
0.0,0.0,2.0,0.0,3.0,4.0,2.0,1.0,6.801481,52.431,-1.0,Tabriz,False,23.0
0.0,0.0,4.0,0.0,0.0,1.0,1.0,1.0,6.923747,53.77,-1.0,Tabriz,True,23.0
0.0,0.0,1.0,0.0,2.0,1.0,1.0,0.0,6.894173,53.373,-1.0,Tabriz,False,23.0
1.0,0.0,0.0,1.0,1.0,3.0,1.0,1.0,6.91649,53.72,-1.0,Tabriz,False,23.0
1.0,1.0,2.0,1.0,1.0,0.0,0.0,1.0,6.886368,53.472,-1.0,Tabriz,False,23.0
0.0,0.0,3.0,0.0,2.0,1.0,2.0,1.0,6.870772,53.274,-1.0,Tabriz,False,23.0
0.0,2.0,2.0,1.0,3.0,3.0,1.0,1.0,6.833071,52.976,-1.0,Tabriz,False,23.0
1.0,2.0,2.0,1.0,1.0,2.0,1.0,1.0,6.846685,52.976,-1.0,Tabriz,False,23.0
0.0,1.0,0.0,1.0,1.0,3.0,2.0,2.0,6.902609,53.224,-1.0,Tabriz,False,23.0
1.0,2.0,3.0,0.0,3.0,1.0,2.0,1.0,6.832485,52.728,-1.0,Tabriz,False,23.0
1.0,1.0,1.0,0.0,1.0,4.0,1.0,0.0,6.907109,53.472,-1.0,Tabriz,False,23.0
1.0,1.0,4.0,0.0,0.0,2.0,0.0,2.0,6.899462,53.522,-1.0,Tabriz,False,23.0
1.0,0.0,0.0,1.0,2.0,2.0,1.0,1.0,6.846685,52.976,-1.0,Tabriz,False,23.0
0.0,1.0,1.0,1.0,1.0,0.0,2.0,0.0,6.912355,53.522,-1.0,Tabriz,False,23.0
0.0,2.0,3.0,0.0,1.0,1.0,2.0,1.0,6.902708,53.323,-1.0,Tabriz,False,23.0
1.0,1.0,1.0,1.0,1.0,0.0,0.0,1.0,6.886368,53.472,-1.0,Tabriz,False,23.0
0.0,2.0,2.0,0.0,2.0,0.0,1.0,1.0,6.86977,53.423,-1.0,Tabriz,False,23.0
0.0,1.0,1.0,1.0,2.0,4.0,1.0,1.0,6.886247,53.125,-1.0,Tabriz,False,23.0
0.0,1.0,2.0,1.0,0.0,1.0,1.0,1.0,6.907874,53.423,-1.0,Tabriz,False,23.0
0.0,2.0,4.0,1.0,1.0,0.0,0.0,2.0,6.877478,52.877,-1.0,Tabriz,False,23.0
1.0,1.0,1.0,1.0,1.0,4.0,1.0,1.0,6.892303,53.323,-1.0,Tabriz,False,23.0
0.0,3.0,1.0,1.0,1.0,0.0,1.0,0.0,6.880108,53.224,-1.0,Tabriz,False,23.0
0.0,1.0,1.0,0.0,1.0,3.0,1.0,1.0,6.904236,53.373,-1.0,Tabriz,False,23.0
1.0,2.0,1.0,1.0,2.0,2.0,1.0,2.0,6.847298,52.927,-1.0,Tabriz,False,23.0
0.0,3.0,1.0,1.0,1.0,3.0,1.0,1.0,6.830875,52.877,-1.0,Tabriz,False,23.0
1.0,1.0,3.0,1.0,1.0,3.0,2.0,1.0,6.892183,53.274,-1.0,Tabriz,False,23.0
1.0,2.0,2.0,0.0,1.0,1.0,1.0,1.0,6.867282,53.274,-1.0,Tabriz,False,23.0
1.0,1.0,4.0,1.0,2.0,4.0,0.0,0.0,6.867564,53.274,-1.0,Tabriz,False,23.0
1.0,2.0,0.0,0.0,1.0,2.0,0.0,2.0,6.864787,53.026,-1.0,Tabriz,False,23.0
1.0,1.0,1.0,0.0,1.0,4.0,1.0,1.0,6.897126,53.323,-1.0,Tabriz,False,23.0
0.0,2.0,3.0,0.0,3.0,3.0,2.0,1.0,6.801481,52.431,-1.0,Tabriz,False,23.0
1.0,0.0,0.0,0.0,3.0,0.0,0.0,1.0,6.882041,53.323,-1.0,Tabriz,False,23.0
1.0,1.0,3.0,0.0,3.0,2.0,0.0,0.0,6.876513,53.423,-1.0,Tabriz,False,23.0
0.0,1.0,3.0,1.0,2.0,2.0,1.0,1.0,6.886247,53.125,-1.0,Tabriz,False,23.0
0.0,1.0,2.0,1.0,1.0,1.0,0.0,1.0,6.895302,53.571,-1.0,Tabriz,False,23.0
1.0,0.0,1.0,0.0,2.0,3.0,1.0,1.0,6.901937,53.373,-1.0,Tabriz,False,23.0
1.0,3.0,0.0,0.0,1.0,4.0,0.0,2.0,6.801729,52.629,-1.0,Tabriz,False,23.0
0.0,0.0,2.0,1.0,2.0,0.0,1.0,0.0,6.904521,53.423,-1.0,Tabriz,False,23.0
1.0,1.0,2.0,0.0,2.0,3.0,1.0,1.0,6.883591,53.224,-1.0,Tabriz,False,23.0
0.0,1.0,0.0,0.0,3.0,4.0,1.0,0.0,6.846709,53.175,-1.0,Tabriz,False,23.0
1.0,2.0,1.0,0.0,3.0,0.0,1.0,1.0,6.83019,52.976,-1.0,Tabriz,False,23.0
1.0,2.0,3.0,0.0,1.0,4.0,1.0,2.0,6.867861,53.224,-1.0,Tabriz,False,23.0
1.0,1.0,3.0,0.0,3.0,0.0,1.0,1.0,6.858744,52.976,-1.0,Tabriz,False,23.0
0.0,1.0,0.0,0.0,1.0,3.0,2.0,2.0,6.903613,53.224,-1.0,Tabriz,False,23.0
1.0,3.0,2.0,0.0,1.0,1.0,1.0,1.0,6.801971,52.877,-1.0,Tabriz,False,23.0
1.0,1.0,2.0,0.0,3.0,3.0,1.0,1.0,6.858744,52.976,-1.0,Tabriz,False,23.0
1.0,1.0,3.0,0.0,1.0,3.0,0.0,1.0,6.889459,53.522,-1.0,Tabriz,False,23.0
0.0,0.0,3.0,1.0,3.0,2.0,2.0,2.0,6.868239,53.224,-1.0,Tabriz,False,23.0
0.0,1.0,1.0,0.0,0.0,2.0,1.0,1.0,6.904236,53.373,-1.0,Tabriz,False,23.0
0.0,3.0,3.0,1.0,2.0,2.0,1.0,1.0,7.078061,69.048,-3.0,Tehran,False,21.0
0.0,1.0,0.0,0.0,1.0,4.0,2.0,0.0,7.255852,69.544,-2.0,Tehran,False,22.0
0.0,1.0,2.0,0.0,1.0,1.0,0.0,0.0,7.275173,69.692,-3.0,Tehran,True,21.0
0.0,2.0,3.0,1.0,2.0,4.0,0.0,0.0,7.255118,69.841,-3.0,Tehran,False,21.0
1.0,3.0,2.0,1.0,2.0,2.0,2.0,0.0,7.144444,68.998,-2.0,Tehran,False,22.0
0.0,1.0,0.0,1.0,0.0,0.0,2.0,0.0,7.265353,69.296,-2.0,Tehran,False,22.0
0.0,1.0,4.0,0.0,0.0,2.0,1.0,2.0,7.233635,69.147,7.0,Tehran,False,7.0
0.0,0.0,3.0,0.0,2.0,0.0,1.0,1.0,7.201525,69.196,-3.0,Tehran,False,21.0
1.0,0.0,4.0,1.0,0.0,2.0,1.0,0.0,7.26882,69.296,-2.0,Tehran,False,22.0
1.0,0.0,2.0,1.0,2.0,3.0,1.0,0.0,7.26882,69.296,-2.0,Tehran,False,22.0
0.0,3.0,3.0,1.0,2.0,3.0,1.0,2.0,7.13961,68.899,-3.0,Tehran,False,21.0
1.0,3.0,2.0,0.0,2.0,0.0,0.0,0.0,7.215203,70.04,-2.0,Tehran,False,22.0
0.0,2.0,4.0,1.0,1.0,2.0,2.0,1.0,7.210449,69.147,-3.0,Tehran,False,21.0
0.0,1.0,2.0,1.0,2.0,3.0,0.0,1.0,7.24361,70.139,-3.0,Tehran,True,21.0
1.0,3.0,1.0,0.0,1.0,4.0,1.0,1.0,7.076427,69.444,-3.0,Tehran,False,21.0
1.0,1.0,1.0,1.0,0.0,1.0,1.0,2.0,7.224995,69.147,-3.0,Tehran,False,21.0
0.0,3.0,4.0,0.0,1.0,1.0,2.0,0.0,7.255852,69.544,-2.0,Tehran,False,22.0
1.0,1.0,1.0,1.0,1.0,1.0,1.0,2.0,7.224995,69.147,-3.0,Tehran,False,21.0
1.0,1.0,4.0,0.0,3.0,1.0,1.0,1.0,7.186873,69.097,-3.0,Tehran,False,21.0
1.0,1.0,1.0,1.0,1.0,3.0,2.0,2.0,7.224189,69.147,-3.0,Tehran,False,21.0
1.0,2.0,3.0,1.0,1.0,1.0,1.0,1.0,7.2275,69.196,-3.0,Tehran,False,21.0
1.0,1.0,1.0,1.0,3.0,3.0,1.0,0.0,7.248099,69.593,-3.0,Tehran,False,21.0
0.0,1.0,1.0,1.0,0.0,3.0,1.0,2.0,7.240555,69.147,7.0,Tehran,False,7.0
0.0,1.0,0.0,1.0,1.0,0.0,2.0,0.0,7.253679,69.544,-3.0,Tehran,False,21.0
0.0,0.0,2.0,0.0,3.0,1.0,0.0,2.0,7.088423,69.593,-3.0,Tehran,False,21.0
1.0,2.0,3.0,0.0,1.0,4.0,1.0,1.0,7.202457,69.544,-3.0,Tehran,False,21.0
0.0,1.0,0.0,0.0,3.0,3.0,2.0,0.0,7.255852,69.544,-2.0,Tehran,False,22.0
1.0,1.0,1.0,0.0,2.0,3.0,2.0,1.0,7.214193,69.097,-3.0,Tehran,False,21.0
1.0,3.0,1.0,1.0,2.0,1.0,2.0,1.0,7.012704,69.296,-3.0,Tehran,False,21.0
1.0,2.0,0.0,1.0,3.0,1.0,1.0,0.0,7.145847,68.998,-2.0,Tehran,False,22.0
0.0,2.0,3.0,1.0,1.0,4.0,0.0,1.0,7.225763,69.544,-3.0,Tehran,False,21.0
1.0,1.0,0.0,1.0,1.0,2.0,0.0,2.0,7.24024,69.544,-3.0,Tehran,False,21.0
0.0,3.0,2.0,0.0,3.0,3.0,2.0,0.0,7.172194,68.998,-2.0,Tehran,False,22.0
1.0,0.0,3.0,1.0,2.0,1.0,1.0,1.0,7.257896,69.593,7.0,Tehran,False,7.0
1.0,3.0,2.0,0.0,3.0,0.0,0.0,2.0,7.07386,69.643,-3.0,Tehran,False,21.0
1.0,1.0,1.0,0.0,2.0,3.0,2.0,2.0,7.212179,69.097,-3.0,Tehran,False,21.0
1.0,3.0,3.0,0.0,2.0,3.0,1.0,1.0,7.0604,68.998,-3.0,Tehran,False,21.0
0.0,1.0,3.0,0.0,1.0,1.0,1.0,1.0,7.238278,69.196,-3.0,Tehran,False,21.0
0.0,3.0,1.0,1.0,2.0,3.0,1.0,1.0,7.078061,69.048,-3.0,Tehran,False,21.0
1.0,1.0,3.0,1.0,1.0,1.0,0.0,0.0,7.265322,69.643,-3.0,Tehran,False,21.0
0.0,1.0,3.0,0.0,3.0,2.0,1.0,1.0,7.238278,69.196,-3.0,Tehran,False,21.0
1.0,3.0,1.0,0.0,0.0,2.0,1.0,2.0,7.080556,69.395,-3.0,Tehran,False,21.0
1.0,2.0,3.0,1.0,0.0,2.0,2.0,2.0,7.256635,69.544,7.0,Tehran,False,7.0
0.0,1.0,3.0,0.0,0.0,3.0,0.0,1.0,7.252475,69.94,-3.0,Tehran,False,21.0
0.0,1.0,3.0,1.0,3.0,1.0,2.0,0.0,7.195345,69.444,-3.0,Tehran,False,21.0
0.0,0.0,1.0,1.0,2.0,1.0,2.0,0.0,7.240634,69.196,-3.0,Tehran,False,21.0
0.0,2.0,3.0,1.0,2.0,1.0,1.0,1.0,7.19503,69.147,-3.0,Tehran,False,21.0
0.0,2.0,2.0,1.0,2.0,3.0,0.0,1.0,7.220196,69.792,-3.0,Tehran,False,21.0
0.0,0.0,3.0,0.0,3.0,2.0,2.0,1.0,7.125003,68.948,-3.0,Tehran,False,21.0
1.0,0.0,1.0,0.0,0.0,3.0,1.0,1.0,7.259889,69.593,7.0,Tehran,False,7.0
1.0,1.0,3.0,1.0,1.0,4.0,1.0,2.0,7.224995,69.147,-3.0,Tehran,False,21.0
0.0,2.0,2.0,0.0,2.0,2.0,1.0,2.0,7.134474,69.048,-3.0,Tehran,False,21.0
1.0,1.0,4.0,0.0,0.0,3.0,2.0,0.0,7.260272,69.246,-2.0,Tehran,False,22.0
1.0,2.0,3.0,0.0,2.0,1.0,0.0,2.0,7.210269,69.692,-3.0,Tehran,False,21.0
1.0,1.0,4.0,0.0,1.0,2.0,2.0,0.0,7.24974,69.544,-2.0,Tehran,False,22.0
1.0,2.0,2.0,0.0,1.0,4.0,1.0,2.0,7.199832,69.444,-3.0,Tehran,False,21.0
1.0,3.0,2.0,0.0,0.0,2.0,0.0,0.0,7.21935,69.345,-2.0,Tehran,False,22.0
0.0,2.0,1.0,1.0,2.0,1.0,0.0,2.0,7.214312,69.643,-3.0,Tehran,False,21.0
1.0,0.0,1.0,0.0,2.0,3.0,1.0,1.0,7.234809,69.196,-3.0,Tehran,False,21.0
1.0,1.0,0.0,0.0,1.0,2.0,1.0,1.0,7.231486,69.196,-3.0,Tehran,False,21.0
0.0,1.0,1.0,1.0,2.0,1.0,1.0,2.0,7.2152,69.097,-3.0,Tehran,False,21.0
0.0,3.0,1.0,1.0,3.0,3.0,2.0,1.0,7.116792,69.345,-3.0,Tehran,False,21.0
0.0,2.0,1.0,1.0,0.0,1.0,2.0,2.0,7.21313,69.097,-3.0,Tehran,False,21.0
0.0,2.0,2.0,1.0,3.0,2.0,1.0,2.0,7.084968,68.948,-3.0,Tehran,False,21.0
0.0,1.0,3.0,0.0,3.0,2.0,1.0,0.0,7.258722,69.593,-2.0,Tehran,False,22.0
0.0,3.0,3.0,0.0,1.0,0.0,2.0,0.0,7.255852,69.544,-2.0,Tehran,False,22.0
0.0,1.0,3.0,0.0,1.0,0.0,1.0,1.0,7.238278,69.196,-3.0,Tehran,False,21.0
1.0,2.0,4.0,1.0,2.0,0.0,1.0,1.0,7.18244,69.147,-3.0,Tehran,False,21.0
0.0,0.0,1.0,0.0,0.0,4.0,2.0,1.0,7.262134,69.544,7.0,Tehran,False,7.0
1.0,3.0,4.0,0.0,3.0,2.0,0.0,1.0,7.078734,69.692,-3.0,Tehran,False,21.0
0.0,1.0,4.0,0.0,1.0,1.0,2.0,1.0,7.236104,69.147,-3.0,Tehran,False,21.0
0.0,1.0,2.0,1.0,1.0,1.0,2.0,2.0,7.229167,69.097,7.0,Tehran,False,7.0
0.0,2.0,2.0,1.0,1.0,2.0,1.0,1.0,7.211037,69.196,-3.0,Tehran,False,21.0
1.0,1.0,1.0,0.0,0.0,1.0,0.0,2.0,7.245802,69.395,-3.0,Tehran,False,21.0
1.0,2.0,2.0,1.0,3.0,0.0,1.0,0.0,7.145847,68.998,-2.0,Tehran,False,22.0
0.0,2.0,0.0,0.0,2.0,3.0,1.0,1.0,7.201525,69.196,-3.0,Tehran,False,21.0
1.0,0.0,1.0,0.0,0.0,2.0,1.0,1.0,7.259889,69.593,7.0,Tehran,False,7.0
0.0,2.0,3.0,0.0,2.0,2.0,0.0,1.0,7.225468,69.792,-3.0,Tehran,False,21.0
1.0,1.0,1.0,1.0,2.0,1.0,1.0,2.0,7.224995,69.147,-3.0,Tehran,False,21.0
1.0,1.0,4.0,0.0,2.0,2.0,0.0,0.0,7.263266,69.841,-3.0,Tehran,False,21.0
0.0,0.0,2.0,1.0,2.0,4.0,1.0,1.0,7.232259,69.196,7.0,Tehran,False,7.0
1.0,1.0,2.0,0.0,2.0,2.0,1.0,2.0,7.216437,69.147,-3.0,Tehran,False,21.0
1.0,2.0,2.0,1.0,3.0,2.0,2.0,1.0,7.012704,69.296,-3.0,Tehran,False,21.0
1.0,2.0,2.0,0.0,3.0,4.0,1.0,1.0,7.161632,69.097,-3.0,Tehran,False,21.0
1.0,2.0,3.0,0.0,2.0,0.0,0.0,0.0,7.249034,69.841,-3.0,Tehran,False,21.0
0.0,0.0,3.0,1.0,2.0,1.0,0.0,1.0,7.259535,69.841,7.0,Tehran,False,7.0
0.0,0.0,0.0,1.0,3.0,1.0,1.0,0.0,7.20406,69.147,-3.0,Tehran,False,21.0
0.0,1.0,2.0,0.0,2.0,2.0,1.0,0.0,7.232608,69.196,-2.0,Tehran,False,22.0
0.0,3.0,1.0,1.0,2.0,0.0,0.0,1.0,7.111268,69.643,-3.0,Tehran,False,21.0
1.0,3.0,1.0,0.0,2.0,1.0,1.0,0.0,7.188407,69.097,-2.0,Tehran,False,22.0
0.0,1.0,3.0,0.0,2.0,2.0,1.0,2.0,7.134474,69.048,-3.0,Tehran,False,21.0
0.0,0.0,0.0,1.0,1.0,3.0,1.0,0.0,7.261411,69.544,-3.0,Tehran,False,21.0
0.0,2.0,2.0,0.0,1.0,0.0,1.0,2.0,7.134474,69.048,-3.0,Tehran,False,21.0
0.0,3.0,2.0,0.0,2.0,1.0,1.0,1.0,7.201525,69.196,-3.0,Tehran,False,21.0
0.0,0.0,2.0,1.0,0.0,0.0,2.0,1.0,7.260889,69.544,7.0,Tehran,False,7.0
0.0,3.0,1.0,0.0,1.0,3.0,2.0,2.0,7.23011,69.097,7.0,Tehran,False,7.0
0.0,3.0,3.0,0.0,2.0,3.0,1.0,2.0,7.134474,69.048,-3.0,Tehran,False,21.0
0.0,2.0,3.0,0.0,2.0,0.0,0.0,0.0,7.260567,69.841,-3.0,Tehran,False,21.0
0.0,2.0,1.0,1.0,2.0,3.0,2.0,0.0,7.223425,69.147,-2.0,Tehran,False,22.0
1.0,2.0,2.0,1.0,2.0,3.0,1.0,0.0,7.215088,69.196,-2.0,Tehran,False,22.0
1.0,0.0,3.0,1.0,3.0,3.0,1.0,1.0,7.015456,69.296,-3.0,Tehran,False,21.0
1.0,1.0,3.0,1.0,2.0,1.0,1.0,1.0,7.2275,69.196,-3.0,Tehran,False,21.0
0.0,1.0,2.0,0.0,1.0,3.0,1.0,1.0,7.238278,69.196,-3.0,Tehran,False,21.0
1.0,1.0,2.0,0.0,3.0,4.0,1.0,1.0,7.186873,69.097,-3.0,Tehran,False,21.0
1.0,3.0,0.0,0.0,0.0,3.0,1.0,2.0,7.080556,69.395,-3.0,Tehran,False,21.0
1.0,2.0,3.0,1.0,2.0,2.0,1.0,1.0,7.18244,69.147,-3.0,Tehran,False,21.0
1.0,2.0,4.0,1.0,1.0,3.0,1.0,2.0,7.224995,69.147,-3.0,Tehran,False,21.0
1.0,2.0,2.0,1.0,2.0,2.0,0.0,1.0,7.208818,69.742,-3.0,Tehran,False,21.0
1.0,2.0,4.0,0.0,2.0,2.0,1.0,1.0,7.189432,69.147,-3.0,Tehran,False,21.0
0.0,0.0,3.0,0.0,3.0,1.0,1.0,1.0,7.127475,69.048,-3.0,Tehran,False,21.0
0.0,3.0,2.0,1.0,2.0,3.0,2.0,0.0,7.202887,69.097,-2.0,Tehran,False,22.0
1.0,2.0,0.0,0.0,2.0,0.0,1.0,1.0,7.189432,69.147,-3.0,Tehran,False,21.0
0.0,1.0,2.0,0.0,2.0,1.0,0.0,1.0,7.225468,69.792,-3.0,Tehran,False,21.0
1.0,1.0,1.0,0.0,2.0,4.0,2.0,2.0,7.212179,69.097,-3.0,Tehran,False,21.0
0.0,2.0,3.0,0.0,0.0,2.0,1.0,1.0,7.201525,69.196,-3.0,Tehran,False,21.0
0.0,1.0,1.0,1.0,0.0,2.0,1.0,1.0,7.245118,69.246,-3.0,Tehran,False,21.0
0.0,2.0,3.0,0.0,2.0,3.0,1.0,1.0,7.201525,69.196,-3.0,Tehran,False,21.0
0.0,2.0,3.0,0.0,2.0,1.0,1.0,0.0,7.232608,69.196,-2.0,Tehran,False,22.0
0.0,1.0,1.0,0.0,3.0,0.0,1.0,0.0,7.258722,69.593,-2.0,Tehran,False,22.0
1.0,1.0,2.0,0.0,3.0,3.0,0.0,1.0,7.227483,69.891,-3.0,Tehran,False,21.0
0.0,2.0,1.0,0.0,0.0,1.0,1.0,2.0,7.134474,69.048,-3.0,Tehran,False,21.0
1.0,2.0,3.0,1.0,2.0,0.0,2.0,1.0,7.181154,69.097,-3.0,Tehran,False,21.0
1.0,1.0,1.0,1.0,2.0,0.0,1.0,1.0,7.2275,69.196,-3.0,Tehran,False,21.0
1.0,1.0,1.0,1.0,3.0,1.0,0.0,1.0,7.241592,69.544,-3.0,Tehran,False,21.0
1.0,1.0,2.0,0.0,2.0,2.0,1.0,0.0,7.235495,69.246,-3.0,Tehran,False,21.0
0.0,0.0,2.0,0.0,1.0,1.0,2.0,1.0,7.236104,69.147,-3.0,Tehran,False,21.0
1.0,2.0,3.0,1.0,2.0,1.0,1.0,1.0,7.18244,69.147,-3.0,Tehran,False,21.0
0.0,0.0,0.0,1.0,2.0,4.0,2.0,1.0,7.230869,69.147,7.0,Tehran,False,7.0
0.0,2.0,0.0,0.0,3.0,4.0,1.0,1.0,7.201525,69.196,-3.0,Tehran,False,21.0
0.0,2.0,4.0,1.0,0.0,3.0,0.0,1.0,7.22856,69.395,-3.0,Tehran,False,21.0
0.0,1.0,3.0,1.0,2.0,2.0,0.0,0.0,7.264947,69.841,-3.0,Tehran,True,21.0
0.0,2.0,1.0,0.0,1.0,2.0,2.0,1.0,7.196906,69.048,-3.0,Tehran,False,21.0
0.0,1.0,2.0,0.0,0.0,3.0,0.0,1.0,7.252475,69.94,-3.0,Tehran,False,21.0
1.0,0.0,2.0,0.0,2.0,1.0,1.0,2.0,7.233514,69.147,7.0,Tehran,False,7.0
0.0,1.0,3.0,0.0,3.0,2.0,0.0,2.0,7.248776,69.792,7.0,Tehran,False,7.0
0.0,2.0,1.0,1.0,1.0,1.0,2.0,0.0,7.243724,69.246,-2.0,Tehran,False,22.0
0.0,1.0,2.0,0.0,1.0,4.0,1.0,1.0,7.238278,69.196,-3.0,Tehran,False,21.0
0.0,2.0,0.0,1.0,3.0,3.0,0.0,1.0,7.202384,69.792,-3.0,Tehran,False,21.0
0.0,2.0,3.0,1.0,0.0,3.0,2.0,2.0,7.21313,69.097,-3.0,Tehran,False,21.0
0.0,1.0,4.0,1.0,2.0,1.0,1.0,2.0,7.2152,69.097,-3.0,Tehran,False,21.0
1.0,1.0,1.0,1.0,1.0,4.0,2.0,1.0,7.225625,69.196,-3.0,Tehran,False,21.0
1.0,3.0,3.0,0.0,2.0,2.0,0.0,1.0,7.091767,69.593,-3.0,Tehran,False,21.0
0.0,1.0,2.0,0.0,1.0,4.0,2.0,1.0,7.236104,69.147,-3.0,Tehran,False,21.0
1.0,0.0,1.0,0.0,0.0,1.0,0.0,2.0,7.267202,69.444,7.0,Tehran,False,7.0
1.0,1.0,2.0,0.0,2.0,2.0,1.0,1.0,7.21796,69.196,-3.0,Tehran,False,21.0
1.0,2.0,1.0,1.0,2.0,1.0,0.0,0.0,7.244091,69.792,-3.0,Tehran,False,21.0
1.0,1.0,3.0,0.0,0.0,2.0,1.0,1.0,7.239877,69.246,-3.0,Tehran,False,21.0
1.0,2.0,4.0,0.0,2.0,3.0,2.0,2.0,7.123405,69.048,-3.0,Tehran,False,21.0
0.0,0.0,1.0,1.0,1.0,2.0,0.0,1.0,7.266642,69.643,7.0,Tehran,False,7.0
1.0,1.0,1.0,1.0,1.0,3.0,2.0,1.0,7.225625,69.196,-3.0,Tehran,False,21.0
1.0,1.0,0.0,1.0,3.0,3.0,0.0,2.0,7.24024,69.544,-3.0,Tehran,False,21.0
1.0,2.0,0.0,1.0,2.0,3.0,0.0,1.0,7.208818,69.742,-3.0,Tehran,False,21.0
0.0,0.0,1.0,0.0,1.0,3.0,1.0,2.0,7.233635,69.147,7.0,Tehran,False,7.0
0.0,1.0,0.0,0.0,1.0,1.0,2.0,1.0,7.236104,69.147,-3.0,Tehran,False,21.0
1.0,1.0,3.0,1.0,3.0,1.0,1.0,1.0,7.2275,69.196,-3.0,Tehran,False,21.0
0.0,0.0,3.0,1.0,1.0,1.0,1.0,1.0,7.250199,69.246,7.0,Tehran,False,7.0
1.0,0.0,3.0,1.0,1.0,1.0,1.0,1.0,7.2275,69.196,-3.0,Tehran,False,21.0
1.0,0.0,1.0,0.0,0.0,1.0,2.0,1.0,7.258354,69.544,7.0,Tehran,False,7.0
0.0,1.0,3.0,1.0,3.0,2.0,1.0,1.0,7.181081,69.097,-3.0,Tehran,False,21.0
1.0,2.0,2.0,1.0,3.0,2.0,0.0,1.0,7.071304,69.643,-3.0,Tehran,False,21.0
1.0,0.0,1.0,1.0,2.0,2.0,0.0,1.0,7.266344,69.494,7.0,Tehran,False,7.0
0.0,3.0,3.0,0.0,0.0,3.0,1.0,2.0,7.121434,68.899,-3.0,Tehran,False,21.0
0.0,3.0,1.0,1.0,3.0,1.0,0.0,2.0,7.14377,69.544,-3.0,Tehran,False,21.0
0.0,1.0,0.0,0.0,2.0,0.0,1.0,1.0,7.201525,69.196,-3.0,Tehran,False,21.0
0.0,1.0,3.0,0.0,1.0,3.0,2.0,2.0,7.23011,69.097,7.0,Tehran,False,7.0
1.0,1.0,2.0,1.0,3.0,3.0,0.0,1.0,7.241592,69.544,-3.0,Tehran,False,21.0
1.0,2.0,1.0,1.0,1.0,3.0,1.0,1.0,7.2275,69.196,-3.0,Tehran,False,21.0
1.0,3.0,3.0,1.0,1.0,2.0,1.0,1.0,7.2275,69.196,-3.0,Tehran,False,21.0
1.0,0.0,2.0,0.0,3.0,4.0,0.0,0.0,7.258919,69.99,-3.0,Tehran,True,21.0
1.0,1.0,1.0,1.0,1.0,0.0,1.0,0.0,7.248099,69.593,-3.0,Tehran,False,21.0
1.0,1.0,3.0,0.0,1.0,3.0,0.0,1.0,7.244954,69.593,-3.0,Tehran,False,21.0
1.0,1.0,2.0,1.0,0.0,3.0,1.0,1.0,7.2275,69.196,-3.0,Tehran,False,21.0
0.0,1.0,1.0,0.0,1.0,1.0,2.0,2.0,7.23011,69.097,7.0,Tehran,False,7.0
1.0,0.0,3.0,1.0,2.0,3.0,2.0,1.0,7.257479,69.544,7.0,Tehran,False,7.0
1.0,2.0,1.0,0.0,2.0,1.0,1.0,1.0,7.189432,69.147,-3.0,Tehran,False,21.0
0.0,1.0,2.0,0.0,3.0,1.0,2.0,1.0,7.236104,69.147,-3.0,Tehran,False,21.0
0.0,1.0,2.0,1.0,3.0,4.0,1.0,1.0,7.181081,69.097,-3.0,Tehran,False,21.0
1.0,0.0,3.0,1.0,0.0,3.0,1.0,1.0,7.257896,69.593,7.0,Tehran,False,7.0
0.0,1.0,4.0,1.0,2.0,2.0,1.0,1.0,7.218651,69.147,-3.0,Tehran,False,21.0
0.0,0.0,0.0,0.0,2.0,4.0,0.0,2.0,7.218377,69.593,-3.0,Tehran,False,21.0
1.0,1.0,1.0,0.0,1.0,1.0,0.0,2.0,7.243591,69.494,-3.0,Tehran,False,21.0
0.0,1.0,1.0,1.0,1.0,2.0,1.0,0.0,7.254722,69.593,-3.0,Tehran,False,21.0
1.0,3.0,1.0,1.0,2.0,1.0,0.0,1.0,7.071304,69.643,-3.0,Tehran,False,21.0
0.0,2.0,1.0,1.0,2.0,4.0,0.0,2.0,7.214312,69.643,-3.0,Tehran,False,21.0
1.0,2.0,4.0,1.0,3.0,2.0,1.0,1.0,7.015456,69.296,-3.0,Tehran,False,21.0
0.0,2.0,3.0,0.0,0.0,0.0,0.0,0.0,7.260567,69.841,-3.0,Tehran,False,21.0
1.0,2.0,3.0,0.0,0.0,4.0,2.0,2.0,7.207192,69.147,-3.0,Tehran,False,21.0
1.0,1.0,2.0,1.0,2.0,2.0,1.0,1.0,7.2275,69.196,-3.0,Tehran,False,21.0
0.0,2.0,0.0,0.0,2.0,2.0,2.0,1.0,7.196906,69.048,-3.0,Tehran,False,21.0
1.0,0.0,1.0,0.0,2.0,2.0,1.0,1.0,7.234809,69.196,-3.0,Tehran,False,21.0
1.0,2.0,1.0,1.0,0.0,1.0,0.0,0.0,7.279223,69.494,-3.0,Tehran,False,21.0
1.0,0.0,2.0,1.0,2.0,1.0,1.0,2.0,7.257536,69.544,7.0,Tehran,False,7.0
0.0,2.0,2.0,0.0,1.0,4.0,1.0,2.0,7.134474,69.048,-3.0,Tehran,False,21.0
0.0,1.0,2.0,1.0,3.0,3.0,0.0,2.0,7.222367,69.792,-3.0,Tehran,False,21.0
0.0,2.0,4.0,1.0,1.0,2.0,0.0,2.0,7.218533,69.444,-3.0,Tehran,False,21.0
1.0,1.0,0.0,1.0,2.0,1.0,1.0,1.0,7.2275,69.196,-3.0,Tehran,False,21.0
0.0,1.0,3.0,0.0,1.0,1.0,2.0,0.0,7.255852,69.544,-2.0,Tehran,False,22.0
0.0,2.0,3.0,1.0,3.0,3.0,1.0,0.0,7.187777,69.444,-3.0,Tehran,False,21.0
0.0,3.0,1.0,0.0,0.0,4.0,1.0,0.0,7.178229,69.048,-2.0,Tehran,False,22.0
1.0,1.0,2.0,0.0,2.0,2.0,2.0,2.0,7.212179,69.097,-3.0,Tehran,False,21.0
1.0,0.0,4.0,0.0,2.0,1.0,1.0,2.0,7.233514,69.147,7.0,Tehran,False,7.0
1.0,1.0,0.0,1.0,2.0,3.0,2.0,0.0,7.247092,69.544,-3.0,Tehran,False,21.0
1.0,1.0,0.0,0.0,3.0,3.0,1.0,0.0,7.204607,69.147,-3.0,Tehran,False,21.0
0.0,3.0,3.0,0.0,0.0,3.0,0.0,0.0,7.222531,69.841,-2.0,Tehran,False,22.0
1.0,1.0,2.0,1.0,1.0,1.0,1.0,1.0,7.2275,69.196,-3.0,Tehran,False,21.0
1.0,2.0,1.0,1.0,2.0,0.0,2.0,1.0,7.181154,69.097,-3.0,Tehran,False,21.0
1.0,2.0,2.0,0.0,2.0,1.0,2.0,0.0,7.217729,69.097,-2.0,Tehran,False,22.0
1.0,1.0,0.0,1.0,1.0,3.0,0.0,1.0,7.241592,69.544,-3.0,Tehran,False,21.0
1.0,2.0,2.0,1.0,0.0,1.0,2.0,0.0,7.268365,69.246,-2.0,Tehran,False,22.0
1.0,2.0,1.0,1.0,3.0,3.0,0.0,1.0,7.071304,69.643,-3.0,Tehran,False,21.0
0.0,2.0,0.0,0.0,3.0,3.0,1.0,1.0,7.201525,69.196,-3.0,Tehran,False,21.0
1.0,1.0,4.0,0.0,0.0,3.0,1.0,1.0,7.239877,69.246,-3.0,Tehran,False,21.0
1.0,3.0,1.0,0.0,2.0,2.0,2.0,2.0,7.124396,68.899,-3.0,Tehran,False,21.0
0.0,3.0,3.0,0.0,0.0,1.0,1.0,1.0,7.127475,69.048,-3.0,Tehran,False,21.0
0.0,0.0,4.0,0.0,0.0,4.0,2.0,0.0,7.272186,69.246,-2.0,Tehran,False,22.0
1.0,2.0,2.0,0.0,2.0,2.0,1.0,1.0,7.189432,69.147,-3.0,Tehran,False,21.0
0.0,0.0,0.0,0.0,1.0,1.0,1.0,1.0,7.238278,69.196,-3.0,Tehran,False,21.0
0.0,3.0,0.0,1.0,0.0,4.0,2.0,2.0,7.093539,68.948,-3.0,Tehran,False,21.0
0.0,0.0,1.0,1.0,0.0,3.0,1.0,2.0,7.260097,69.544,7.0,Tehran,False,7.0
0.0,1.0,3.0,1.0,2.0,0.0,1.0,0.0,7.235009,69.246,-3.0,Tehran,False,21.0
0.0,2.0,0.0,1.0,1.0,3.0,1.0,2.0,7.203499,69.345,-3.0,Tehran,False,21.0
0.0,3.0,1.0,1.0,1.0,4.0,1.0,0.0,7.221856,69.147,-2.0,Tehran,False,22.0
0.0,0.0,2.0,0.0,0.0,1.0,2.0,0.0,7.272186,69.246,-2.0,Tehran,False,22.0
1.0,1.0,3.0,1.0,1.0,0.0,2.0,0.0,7.247092,69.544,-3.0,Tehran,False,21.0
1.0,3.0,4.0,1.0,1.0,3.0,1.0,0.0,7.248099,69.593,-3.0,Tehran,False,21.0
1.0,1.0,2.0,0.0,3.0,4.0,2.0,1.0,7.180238,68.998,-3.0,Tehran,False,21.0
0.0,2.0,2.0,0.0,2.0,1.0,1.0,1.0,7.201525,69.196,-3.0,Tehran,False,21.0
0.0,2.0,4.0,1.0,1.0,2.0,0.0,0.0,7.262038,69.643,-2.0,Tehran,False,22.0
0.0,3.0,3.0,1.0,2.0,3.0,0.0,0.0,7.231664,69.742,-2.0,Tehran,False,22.0
1.0,1.0,0.0,1.0,3.0,1.0,0.0,1.0,7.241592,69.544,-3.0,Tehran,False,21.0
1.0,3.0,4.0,0.0,1.0,1.0,2.0,2.0,7.0683,69.296,-3.0,Tehran,False,21.0
0.0,1.0,2.0,0.0,1.0,3.0,0.0,2.0,7.248776,69.792,7.0,Tehran,False,7.0
0.0,1.0,2.0,0.0,2.0,3.0,1.0,1.0,7.201525,69.196,-3.0,Tehran,False,21.0
0.0,2.0,2.0,0.0,2.0,0.0,2.0,0.0,7.228852,69.147,-2.0,Tehran,False,22.0
1.0,2.0,2.0,1.0,1.0,4.0,1.0,2.0,7.224995,69.147,-3.0,Tehran,False,21.0
0.0,2.0,1.0,0.0,0.0,2.0,1.0,1.0,7.201525,69.196,-3.0,Tehran,False,21.0
0.0,2.0,1.0,0.0,2.0,3.0,0.0,1.0,7.225468,69.792,-3.0,Tehran,False,21.0
1.0,1.0,2.0,1.0,0.0,3.0,1.0,2.0,7.224995,69.147,-3.0,Tehran,False,21.0
1.0,1.0,2.0,1.0,1.0,3.0,1.0,1.0,7.2275,69.196,-3.0,Tehran,False,21.0
1.0,1.0,3.0,1.0,2.0,2.0,1.0,0.0,7.248099,69.593,-3.0,Tehran,False,21.0
1.0,2.0,3.0,1.0,1.0,4.0,2.0,1.0,7.225625,69.196,-3.0,Tehran,False,21.0
1.0,2.0,2.0,0.0,1.0,4.0,1.0,0.0,7.235681,69.246,-2.0,Tehran,False,22.0
1.0,1.0,3.0,0.0,1.0,4.0,0.0,0.0,7.268158,69.643,-3.0,Tehran,False,21.0
0.0,0.0,4.0,1.0,2.0,2.0,1.0,0.0,7.242381,69.246,-3.0,Tehran,False,21.0
0.0,1.0,0.0,0.0,1.0,0.0,1.0,1.0,7.238278,69.196,-3.0,Tehran,False,21.0
0.0,2.0,4.0,1.0,0.0,1.0,2.0,1.0,7.221408,69.196,-3.0,Tehran,False,21.0
1.0,1.0,1.0,1.0,2.0,3.0,0.0,2.0,7.24024,69.544,-3.0,Tehran,False,21.0
1.0,3.0,1.0,1.0,3.0,1.0,2.0,0.0,7.144444,68.998,-2.0,Tehran,False,22.0
0.0,1.0,1.0,0.0,3.0,3.0,1.0,2.0,7.233635,69.147,7.0,Tehran,False,7.0
0.0,1.0,3.0,1.0,0.0,2.0,1.0,2.0,7.240555,69.147,7.0,Tehran,False,7.0
1.0,1.0,4.0,1.0,2.0,3.0,1.0,1.0,7.2275,69.196,-3.0,Tehran,False,21.0
1.0,1.0,2.0,0.0,3.0,0.0,0.0,1.0,7.227483,69.891,-3.0,Tehran,False,21.0
1.0,2.0,0.0,1.0,0.0,0.0,1.0,1.0,7.257896,69.593,7.0,Tehran,False,7.0
0.0,1.0,1.0,0.0,1.0,1.0,1.0,0.0,7.258722,69.593,-2.0,Tehran,False,22.0
1.0,1.0,3.0,1.0,2.0,1.0,0.0,0.0,7.265322,69.643,-3.0,Tehran,False,21.0
0.0,2.0,3.0,1.0,2.0,3.0,2.0,2.0,7.126547,68.998,-3.0,Tehran,False,21.0
1.0,0.0,4.0,1.0,3.0,2.0,0.0,1.0,7.071304,69.643,-3.0,Tehran,False,21.0
0.0,2.0,1.0,0.0,1.0,3.0,1.0,2.0,7.134474,69.048,-3.0,Tehran,False,21.0
0.0,3.0,0.0,1.0,1.0,2.0,1.0,1.0,7.095365,69.444,-3.0,Tehran,False,21.0
1.0,1.0,2.0,1.0,2.0,1.0,2.0,0.0,7.247092,69.544,-3.0,Tehran,False,21.0
1.0,2.0,1.0,1.0,3.0,3.0,0.0,2.0,7.06608,69.643,-3.0,Tehran,False,21.0
1.0,2.0,1.0,1.0,2.0,1.0,1.0,1.0,7.18244,69.147,-3.0,Tehran,False,21.0
1.0,3.0,1.0,1.0,2.0,0.0,2.0,1.0,7.012704,69.296,-3.0,Tehran,False,21.0
0.0,2.0,4.0,1.0,1.0,2.0,1.0,0.0,7.244496,69.246,-2.0,Tehran,False,22.0
0.0,1.0,4.0,0.0,1.0,1.0,1.0,1.0,7.238278,69.196,-3.0,Tehran,False,21.0
1.0,2.0,1.0,1.0,1.0,2.0,2.0,1.0,7.225625,69.196,-3.0,Tehran,False,21.0
1.0,1.0,1.0,1.0,1.0,0.0,1.0,2.0,7.224995,69.147,-3.0,Tehran,False,21.0
1.0,3.0,3.0,1.0,2.0,2.0,1.0,1.0,7.015456,69.296,-3.0,Tehran,False,21.0
0.0,3.0,3.0,0.0,2.0,0.0,1.0,0.0,7.232608,69.196,-2.0,Tehran,False,22.0
1.0,0.0,1.0,1.0,1.0,2.0,1.0,1.0,7.2275,69.196,-3.0,Tehran,False,21.0
0.0,1.0,1.0,1.0,3.0,1.0,1.0,0.0,7.19745,69.494,-3.0,Tehran,False,21.0
1.0,3.0,3.0,1.0,0.0,3.0,2.0,0.0,7.144444,68.998,-2.0,Tehran,False,22.0
0.0,3.0,2.0,0.0,2.0,3.0,0.0,1.0,7.225468,69.792,-3.0,Tehran,False,21.0
0.0,3.0,2.0,0.0,1.0,2.0,1.0,2.0,7.233635,69.147,7.0,Tehran,False,7.0
0.0,1.0,2.0,0.0,1.0,1.0,0.0,1.0,7.252475,69.94,-3.0,Tehran,False,21.0
0.0,2.0,0.0,1.0,0.0,1.0,2.0,1.0,7.221408,69.196,-3.0,Tehran,False,21.0
0.0,2.0,3.0,0.0,1.0,0.0,2.0,2.0,7.12837,68.948,-3.0,Tehran,False,21.0
1.0,2.0,3.0,1.0,1.0,2.0,1.0,2.0,7.224995,69.147,-3.0,Tehran,False,21.0
0.0,1.0,1.0,0.0,0.0,3.0,0.0,1.0,7.252475,69.94,-3.0,Tehran,False,21.0
0.0,2.0,0.0,1.0,3.0,2.0,2.0,1.0,7.091165,68.998,-3.0,Tehran,False,21.0
0.0,2.0,4.0,1.0,3.0,2.0,0.0,0.0,7.236814,69.891,-3.0,Tehran,False,21.0
1.0,3.0,1.0,1.0,0.0,3.0,2.0,1.0,7.012704,69.296,-3.0,Tehran,False,21.0
1.0,0.0,3.0,1.0,1.0,4.0,0.0,1.0,7.241592,69.544,-3.0,Tehran,False,21.0
1.0,0.0,0.0,1.0,2.0,2.0,1.0,0.0,7.26882,69.296,-2.0,Tehran,False,22.0
1.0,2.0,2.0,1.0,1.0,4.0,2.0,0.0,7.247092,69.544,-3.0,Tehran,False,21.0
0.0,0.0,2.0,1.0,3.0,4.0,0.0,1.0,7.241961,69.841,-3.0,Tehran,False,21.0
1.0,3.0,4.0,0.0,2.0,2.0,0.0,1.0,7.091767,69.593,-3.0,Tehran,False,21.0
1.0,3.0,0.0,0.0,2.0,3.0,2.0,2.0,7.124396,68.899,-3.0,Tehran,False,21.0
0.0,0.0,1.0,0.0,2.0,2.0,1.0,2.0,7.134474,69.048,-3.0,Tehran,False,21.0
0.0,3.0,0.0,1.0,2.0,1.0,0.0,1.0,7.111268,69.643,-3.0,Tehran,False,21.0
0.0,2.0,3.0,1.0,1.0,3.0,1.0,0.0,7.244496,69.246,-2.0,Tehran,False,22.0
0.0,0.0,1.0,1.0,2.0,4.0,1.0,1.0,7.232259,69.196,7.0,Tehran,False,7.0
1.0,0.0,1.0,0.0,1.0,1.0,1.0,1.0,7.249959,69.246,7.0,Tehran,False,7.0
0.0,2.0,2.0,0.0,0.0,2.0,1.0,2.0,7.134474,69.048,-3.0,Tehran,False,21.0
0.0,3.0,4.0,0.0,1.0,4.0,1.0,2.0,7.233635,69.147,7.0,Tehran,False,7.0
0.0,3.0,1.0,0.0,2.0,0.0,0.0,2.0,7.218377,69.593,-3.0,Tehran,False,21.0
1.0,2.0,4.0,1.0,0.0,2.0,0.0,0.0,7.279223,69.494,-3.0,Tehran,False,21.0
1.0,1.0,4.0,0.0,2.0,1.0,2.0,1.0,7.214193,69.097,-3.0,Tehran,False,21.0
1.0,1.0,3.0,1.0,0.0,1.0,2.0,0.0,7.247092,69.544,-3.0,Tehran,False,21.0
1.0,2.0,1.0,0.0,2.0,2.0,2.0,0.0,7.217729,69.097,-2.0,Tehran,False,22.0
0.0,2.0,1.0,0.0,0.0,1.0,1.0,0.0,7.232608,69.196,-2.0,Tehran,False,22.0
1.0,1.0,2.0,0.0,1.0,2.0,1.0,0.0,7.25195,69.593,-2.0,Tehran,False,22.0
0.0,2.0,2.0,1.0,3.0,0.0,0.0,1.0,7.202384,69.792,-3.0,Tehran,False,21.0
1.0,0.0,2.0,0.0,0.0,0.0,0.0,0.0,7.280847,69.494,-3.0,Tehran,True,21.0
0.0,3.0,1.0,1.0,1.0,4.0,1.0,1.0,7.095365,69.444,-3.0,Tehran,False,21.0
0.0,0.0,2.0,1.0,0.0,0.0,2.0,0.0,7.271987,69.246,-2.0,Tehran,False,22.0
1.0,0.0,2.0,1.0,2.0,1.0,1.0,1.0,7.257896,69.593,7.0,Tehran,False,7.0
0.0,2.0,3.0,0.0,1.0,3.0,1.0,2.0,7.134474,69.048,-3.0,Tehran,False,21.0
1.0,2.0,1.0,1.0,1.0,2.0,0.0,2.0,7.24024,69.544,-3.0,Tehran,False,21.0
1.0,1.0,2.0,0.0,1.0,1.0,1.0,2.0,7.229208,69.196,-3.0,Tehran,False,21.0
1.0,2.0,3.0,0.0,3.0,1.0,0.0,0.0,7.234463,69.891,-3.0,Tehran,False,21.0
0.0,2.0,2.0,1.0,1.0,1.0,2.0,0.0,7.243724,69.246,-2.0,Tehran,False,22.0
0.0,1.0,2.0,1.0,2.0,4.0,0.0,1.0,7.24361,70.139,-3.0,Tehran,True,21.0
0.0,3.0,1.0,1.0,3.0,2.0,0.0,0.0,7.214381,70.139,-2.0,Tehran,False,22.0
0.0,2.0,2.0,1.0,1.0,4.0,2.0,1.0,7.210449,69.147,-3.0,Tehran,False,21.0
0.0,2.0,1.0,0.0,3.0,4.0,0.0,2.0,7.218377,69.593,-3.0,Tehran,False,21.0
0.0,1.0,2.0,1.0,1.0,3.0,2.0,0.0,7.253679,69.544,-3.0,Tehran,False,21.0
0.0,1.0,1.0,1.0,2.0,1.0,1.0,1.0,7.218651,69.147,-3.0,Tehran,False,21.0
0.0,0.0,2.0,0.0,1.0,2.0,1.0,1.0,7.238278,69.196,-3.0,Tehran,False,21.0
1.0,3.0,1.0,0.0,2.0,0.0,0.0,1.0,7.091767,69.593,-3.0,Tehran,False,21.0
1.0,2.0,2.0,0.0,2.0,4.0,2.0,0.0,7.217729,69.097,-2.0,Tehran,False,22.0
0.0,2.0,0.0,0.0,3.0,2.0,1.0,1.0,7.201525,69.196,-3.0,Tehran,False,21.0
0.0,2.0,2.0,0.0,0.0,3.0,2.0,2.0,7.12837,68.948,-3.0,Tehran,False,21.0
0.0,2.0,0.0,0.0,2.0,3.0,1.0,0.0,7.232608,69.196,-2.0,Tehran,False,22.0
1.0,2.0,3.0,0.0,2.0,3.0,2.0,2.0,7.123405,69.048,-3.0,Tehran,False,21.0
1.0,1.0,0.0,1.0,2.0,2.0,0.0,2.0,7.24024,69.544,-3.0,Tehran,False,21.0
0.0,0.0,2.0,0.0,0.0,2.0,2.0,0.0,7.272186,69.246,-2.0,Tehran,False,22.0
1.0,3.0,3.0,0.0,0.0,4.0,0.0,1.0,7.156083,69.246,-3.0,Tehran,False,21.0
0.0,2.0,4.0,1.0,2.0,2.0,1.0,1.0,7.19503,69.147,-3.0,Tehran,False,21.0
0.0,2.0,3.0,0.0,0.0,4.0,0.0,1.0,7.225468,69.792,-3.0,Tehran,False,21.0
1.0,0.0,1.0,1.0,2.0,0.0,0.0,1.0,7.266344,69.494,7.0,Tehran,False,7.0
1.0,1.0,3.0,0.0,2.0,0.0,1.0,0.0,7.235495,69.246,-3.0,Tehran,False,21.0
1.0,1.0,3.0,0.0,2.0,2.0,2.0,0.0,7.232434,69.147,-3.0,Tehran,False,21.0
0.0,2.0,2.0,0.0,2.0,3.0,1.0,1.0,7.201525,69.196,-3.0,Tehran,False,21.0
0.0,3.0,2.0,0.0,2.0,3.0,0.0,2.0,7.218377,69.593,-3.0,Tehran,False,21.0
0.0,3.0,4.0,0.0,2.0,0.0,2.0,1.0,7.196906,69.048,-3.0,Tehran,False,21.0
1.0,2.0,4.0,1.0,3.0,0.0,0.0,1.0,7.071304,69.643,-3.0,Tehran,False,21.0
1.0,1.0,0.0,1.0,1.0,1.0,1.0,0.0,7.248099,69.593,-3.0,Tehran,False,21.0
1.0,0.0,3.0,1.0,1.0,3.0,1.0,0.0,7.248099,69.593,-3.0,Tehran,False,21.0
0.0,0.0,2.0,1.0,0.0,1.0,1.0,1.0,7.261551,69.593,7.0,Tehran,False,7.0
1.0,2.0,3.0,0.0,3.0,4.0,2.0,0.0,7.183317,69.345,-3.0,Tehran,False,21.0
0.0,0.0,3.0,0.0,0.0,1.0,1.0,1.0,7.263708,69.593,7.0,Tehran,False,7.0
0.0,2.0,1.0,1.0,2.0,4.0,1.0,1.0,7.19503,69.147,-3.0,Tehran,False,21.0
0.0,0.0,4.0,1.0,3.0,1.0,2.0,1.0,7.19326,69.048,-3.0,Tehran,False,21.0
1.0,1.0,1.0,0.0,2.0,1.0,1.0,0.0,7.235495,69.246,-3.0,Tehran,False,21.0
1.0,0.0,3.0,0.0,0.0,2.0,1.0,1.0,7.259889,69.593,7.0,Tehran,False,7.0
0.0,3.0,3.0,0.0,0.0,2.0,1.0,2.0,7.121434,68.899,-3.0,Tehran,False,21.0
1.0,0.0,0.0,1.0,2.0,3.0,2.0,1.0,7.257479,69.544,7.0,Tehran,False,7.0
1.0,2.0,2.0,1.0,2.0,3.0,2.0,1.0,7.181154,69.097,-3.0,Tehran,False,21.0
0.0,2.0,1.0,0.0,2.0,2.0,0.0,1.0,7.225468,69.792,-3.0,Tehran,False,21.0
1.0,1.0,2.0,1.0,0.0,4.0,1.0,2.0,7.224995,69.147,-3.0,Tehran,False,21.0
0.0,2.0,2.0,1.0,1.0,2.0,0.0,1.0,7.225763,69.544,-3.0,Tehran,False,21.0
0.0,1.0,3.0,0.0,1.0,2.0,1.0,1.0,7.238278,69.196,-3.0,Tehran,False,21.0
0.0,2.0,3.0,0.0,1.0,4.0,1.0,0.0,7.232608,69.196,-2.0,Tehran,False,22.0
0.0,1.0,1.0,1.0,1.0,1.0,2.0,1.0,7.23378,69.196,-3.0,Tehran,False,21.0
0.0,2.0,2.0,1.0,3.0,3.0,2.0,1.0,7.091165,68.998,-3.0,Tehran,False,21.0
0.0,0.0,4.0,0.0,3.0,4.0,0.0,2.0,7.088423,69.593,-3.0,Tehran,False,21.0
0.0,2.0,2.0,1.0,1.0,0.0,1.0,1.0,7.211037,69.196,-3.0,Tehran,False,21.0
0.0,1.0,3.0,1.0,2.0,4.0,1.0,1.0,7.218651,69.147,-3.0,Tehran,False,21.0
1.0,2.0,4.0,0.0,3.0,1.0,1.0,0.0,7.189306,69.444,-3.0,Tehran,False,21.0
0.0,1.0,0.0,1.0,2.0,3.0,1.0,0.0,7.235009,69.246,-3.0,Tehran,False,21.0
1.0,1.0,0.0,0.0,2.0,4.0,1.0,1.0,7.21796,69.196,-3.0,Tehran,False,21.0
1.0,2.0,2.0,0.0,1.0,1.0,1.0,0.0,7.235681,69.246,-2.0,Tehran,False,22.0
1.0,2.0,4.0,0.0,1.0,3.0,1.0,2.0,7.199832,69.444,-3.0,Tehran,False,21.0
1.0,1.0,0.0,1.0,1.0,1.0,1.0,1.0,7.2275,69.196,-3.0,Tehran,False,21.0
1.0,3.0,3.0,0.0,3.0,1.0,2.0,2.0,7.015877,69.196,-3.0,Tehran,False,21.0
1.0,2.0,2.0,0.0,0.0,4.0,1.0,2.0,7.208416,69.147,-3.0,Tehran,False,21.0
0.0,3.0,1.0,1.0,2.0,2.0,2.0,1.0,7.07521,69.048,-3.0,Tehran,False,21.0
1.0,0.0,3.0,0.0,0.0,2.0,0.0,1.0,7.267982,69.444,7.0,Tehran,False,7.0
1.0,2.0,0.0,1.0,1.0,4.0,2.0,1.0,7.225625,69.196,-3.0,Tehran,False,21.0
1.0,1.0,0.0,1.0,2.0,3.0,1.0,1.0,7.2275,69.196,-3.0,Tehran,False,21.0
1.0,1.0,2.0,0.0,1.0,1.0,2.0,1.0,7.22823,69.147,-3.0,Tehran,False,21.0
1.0,0.0,2.0,1.0,1.0,3.0,2.0,2.0,7.224189,69.147,-3.0,Tehran,False,21.0
0.0,1.0,3.0,0.0,0.0,1.0,1.0,2.0,7.233635,69.147,7.0,Tehran,False,7.0
0.0,1.0,3.0,1.0,2.0,2.0,2.0,2.0,7.213051,69.048,-3.0,Tehran,False,21.0
0.0,2.0,1.0,0.0,3.0,2.0,1.0,0.0,7.232608,69.196,-2.0,Tehran,False,22.0
1.0,0.0,3.0,1.0,2.0,2.0,1.0,1.0,7.257896,69.593,7.0,Tehran,False,7.0
0.0,1.0,1.0,0.0,0.0,3.0,1.0,2.0,7.233635,69.147,7.0,Tehran,False,7.0
1.0,2.0,1.0,0.0,1.0,1.0,2.0,1.0,7.199665,69.444,-3.0,Tehran,False,21.0
0.0,1.0,1.0,1.0,1.0,4.0,1.0,1.0,7.234346,69.196,-3.0,Tehran,False,21.0
0.0,2.0,4.0,0.0,1.0,1.0,1.0,0.0,7.232608,69.196,-2.0,Tehran,False,22.0
1.0,3.0,3.0,1.0,1.0,3.0,0.0,2.0,7.24024,69.544,-3.0,Tehran,False,21.0
1.0,2.0,3.0,0.0,2.0,0.0,0.0,2.0,7.210269,69.692,-3.0,Tehran,False,21.0
1.0,3.0,2.0,0.0,0.0,1.0,2.0,1.0,7.083397,69.395,-3.0,Tehran,False,21.0
1.0,2.0,1.0,1.0,1.0,3.0,2.0,1.0,7.225625,69.196,-3.0,Tehran,False,21.0
1.0,1.0,4.0,0.0,1.0,3.0,0.0,0.0,7.268158,69.643,-3.0,Tehran,False,21.0
1.0,2.0,1.0,0.0,1.0,3.0,1.0,0.0,7.235681,69.246,-2.0,Tehran,False,22.0
0.0,3.0,2.0,1.0,3.0,1.0,2.0,2.0,7.10672,68.8,-3.0,Tehran,False,21.0
0.0,2.0,3.0,1.0,3.0,0.0,1.0,2.0,7.084968,68.948,-3.0,Tehran,False,21.0
0.0,2.0,2.0,1.0,2.0,2.0,1.0,1.0,7.19503,69.147,-3.0,Tehran,False,21.0
1.0,0.0,3.0,1.0,0.0,3.0,0.0,1.0,7.266344,69.494,7.0,Tehran,False,7.0
1.0,2.0,3.0,1.0,0.0,0.0,0.0,2.0,7.265728,69.395,7.0,Tehran,False,7.0
1.0,2.0,3.0,0.0,2.0,3.0,1.0,1.0,7.189432,69.147,-3.0,Tehran,False,21.0
0.0,2.0,2.0,1.0,1.0,1.0,1.0,2.0,7.203499,69.345,-3.0,Tehran,False,21.0
1.0,1.0,2.0,1.0,1.0,0.0,2.0,1.0,7.225625,69.196,-3.0,Tehran,False,21.0
0.0,0.0,0.0,0.0,2.0,0.0,1.0,0.0,7.232608,69.196,-2.0,Tehran,False,22.0
1.0,3.0,4.0,1.0,3.0,0.0,2.0,1.0,7.012704,69.296,-3.0,Tehran,False,21.0
0.0,2.0,4.0,1.0,1.0,3.0,0.0,2.0,7.218533,69.444,-3.0,Tehran,False,21.0
1.0,1.0,3.0,1.0,1.0,1.0,1.0,1.0,7.2275,69.196,-3.0,Tehran,False,21.0
1.0,2.0,1.0,0.0,2.0,4.0,2.0,1.0,7.18473,69.048,-3.0,Tehran,False,21.0
1.0,3.0,2.0,1.0,1.0,3.0,0.0,0.0,7.265322,69.643,-3.0,Tehran,False,21.0
1.0,0.0,2.0,0.0,1.0,0.0,1.0,2.0,7.249621,69.246,7.0,Tehran,False,7.0
0.0,2.0,3.0,0.0,1.0,3.0,1.0,0.0,7.232608,69.196,-2.0,Tehran,False,22.0
0.0,2.0,3.0,1.0,0.0,2.0,1.0,0.0,7.255531,69.544,-2.0,Tehran,False,22.0
0.0,1.0,3.0,1.0,1.0,1.0,1.0,1.0,7.234346,69.196,-3.0,Tehran,False,21.0
1.0,1.0,3.0,0.0,1.0,2.0,1.0,1.0,7.231486,69.196,-3.0,Tehran,False,21.0
1.0,1.0,3.0,1.0,1.0,3.0,0.0,1.0,7.241592,69.544,-3.0,Tehran,False,21.0
0.0,2.0,4.0,0.0,1.0,2.0,1.0,0.0,7.232608,69.196,-2.0,Tehran,False,22.0
0.0,0.0,1.0,0.0,1.0,1.0,1.0,1.0,7.238278,69.196,-3.0,Tehran,False,21.0
0.0,3.0,0.0,1.0,1.0,2.0,0.0,1.0,7.113993,69.444,-3.0,Tehran,False,21.0
0.0,1.0,0.0,1.0,3.0,2.0,0.0,2.0,7.222367,69.792,-3.0,Tehran,False,21.0
1.0,0.0,2.0,0.0,1.0,4.0,1.0,1.0,7.249959,69.246,7.0,Tehran,False,7.0
0.0,3.0,1.0,0.0,2.0,3.0,1.0,0.0,7.232608,69.196,-2.0,Tehran,False,22.0
0.0,0.0,1.0,1.0,2.0,0.0,1.0,2.0,7.230627,69.147,7.0,Tehran,False,7.0
0.0,1.0,3.0,1.0,1.0,0.0,1.0,2.0,7.23022,69.147,7.0,Tehran,False,7.0
1.0,0.0,2.0,0.0,1.0,2.0,1.0,0.0,7.261644,69.544,-3.0,Tehran,False,21.0
1.0,2.0,1.0,0.0,1.0,3.0,2.0,1.0,7.199665,69.444,-3.0,Tehran,False,21.0
0.0,2.0,4.0,1.0,1.0,3.0,1.0,1.0,7.211037,69.196,-3.0,Tehran,False,21.0
1.0,3.0,3.0,0.0,0.0,1.0,0.0,2.0,7.087827,69.196,-3.0,Tehran,False,21.0
0.0,3.0,4.0,0.0,1.0,4.0,2.0,1.0,7.236104,69.147,-3.0,Tehran,False,21.0
0.0,3.0,2.0,0.0,2.0,1.0,0.0,2.0,7.218377,69.593,-3.0,Tehran,False,21.0
1.0,1.0,0.0,0.0,1.0,4.0,1.0,1.0,7.231486,69.196,-3.0,Tehran,False,21.0
1.0,0.0,4.0,1.0,1.0,3.0,1.0,0.0,7.248099,69.593,-3.0,Tehran,False,21.0
0.0,2.0,3.0,1.0,1.0,1.0,1.0,2.0,7.203499,69.345,-3.0,Tehran,False,21.0
1.0,2.0,3.0,0.0,0.0,3.0,0.0,1.0,7.2181,69.345,-3.0,Tehran,False,21.0
0.0,0.0,3.0,0.0,1.0,3.0,2.0,1.0,7.236104,69.147,-3.0,Tehran,False,21.0
0.0,1.0,3.0,0.0,1.0,3.0,1.0,1.0,7.238278,69.196,-3.0,Tehran,False,21.0
1.0,0.0,4.0,1.0,2.0,1.0,0.0,1.0,7.266344,69.494,7.0,Tehran,False,7.0
1.0,1.0,1.0,1.0,2.0,0.0,1.0,2.0,7.224995,69.147,-3.0,Tehran,False,21.0
1.0,1.0,0.0,0.0,1.0,1.0,0.0,1.0,7.244954,69.593,-3.0,Tehran,False,21.0
0.0,1.0,2.0,0.0,1.0,0.0,1.0,1.0,7.238278,69.196,-3.0,Tehran,False,21.0
1.0,2.0,2.0,0.0,1.0,3.0,1.0,1.0,7.202457,69.544,-3.0,Tehran,False,21.0
0.0,2.0,1.0,1.0,2.0,3.0,1.0,1.0,7.19503,69.147,-3.0,Tehran,False,21.0
1.0,2.0,1.0,0.0,2.0,2.0,1.0,2.0,7.186952,69.097,-3.0,Tehran,False,21.0
1.0,0.0,4.0,0.0,1.0,1.0,1.0,1.0,7.249959,69.246,7.0,Tehran,False,7.0
1.0,2.0,0.0,0.0,3.0,2.0,0.0,0.0,7.234463,69.891,-3.0,Tehran,False,21.0
0.0,2.0,2.0,1.0,2.0,0.0,1.0,1.0,7.19503,69.147,-3.0,Tehran,False,21.0
0.0,2.0,2.0,0.0,3.0,2.0,2.0,1.0,7.196906,69.048,-3.0,Tehran,False,21.0
0.0,2.0,0.0,0.0,1.0,2.0,1.0,0.0,7.232608,69.196,-2.0,Tehran,False,22.0
1.0,3.0,3.0,0.0,1.0,2.0,1.0,0.0,7.205615,69.147,-2.0,Tehran,False,22.0
0.0,1.0,4.0,1.0,1.0,2.0,1.0,1.0,7.234346,69.196,-3.0,Tehran,False,21.0
0.0,2.0,4.0,1.0,0.0,2.0,1.0,2.0,7.213017,69.097,-3.0,Tehran,False,21.0
0.0,1.0,2.0,0.0,3.0,2.0,1.0,1.0,7.238278,69.196,-3.0,Tehran,False,21.0
1.0,1.0,1.0,0.0,1.0,2.0,1.0,1.0,7.231486,69.196,-3.0,Tehran,False,21.0
1.0,2.0,1.0,1.0,3.0,1.0,0.0,2.0,7.06608,69.643,-3.0,Tehran,False,21.0
1.0,2.0,1.0,1.0,1.0,1.0,2.0,1.0,7.225625,69.196,-3.0,Tehran,False,21.0
0.0,0.0,2.0,0.0,1.0,3.0,1.0,2.0,7.233635,69.147,7.0,Tehran,False,7.0
0.0,3.0,3.0,0.0,3.0,3.0,2.0,2.0,7.116043,68.8,-3.0,Tehran,False,21.0
1.0,3.0,2.0,0.0,0.0,1.0,1.0,2.0,7.080556,69.395,-3.0,Tehran,False,21.0
0.0,3.0,2.0,0.0,2.0,2.0,1.0,1.0,7.201525,69.196,-3.0,Tehran,False,21.0
1.0,0.0,1.0,0.0,2.0,1.0,0.0,1.0,7.26063,69.841,-3.0,Tehran,False,21.0
1.0,2.0,4.0,0.0,2.0,1.0,0.0,1.0,7.212961,69.692,-3.0,Tehran,False,21.0
1.0,1.0,1.0,0.0,1.0,4.0,2.0,0.0,7.24974,69.544,-2.0,Tehran,False,22.0
1.0,3.0,4.0,1.0,1.0,3.0,1.0,1.0,7.2275,69.196,-3.0,Tehran,False,21.0
0.0,1.0,2.0,0.0,0.0,1.0,0.0,2.0,7.248776,69.792,7.0,Tehran,False,7.0
1.0,1.0,0.0,0.0,1.0,0.0,0.0,1.0,7.244954,69.593,-3.0,Tehran,False,21.0
1.0,3.0,3.0,1.0,1.0,4.0,1.0,1.0,7.2275,69.196,-3.0,Tehran,False,21.0
1.0,0.0,1.0,1.0,0.0,3.0,0.0,0.0,7.279223,69.494,-3.0,Tehran,False,21.0
1.0,3.0,2.0,0.0,2.0,0.0,1.0,2.0,7.12943,68.998,-3.0,Tehran,False,21.0
1.0,0.0,0.0,1.0,1.0,0.0,2.0,1.0,7.225625,69.196,-3.0,Tehran,False,21.0
0.0,1.0,1.0,1.0,1.0,1.0,1.0,0.0,7.254722,69.593,-3.0,Tehran,False,21.0
1.0,1.0,0.0,0.0,2.0,2.0,0.0,1.0,7.241874,70.089,-3.0,Tehran,False,21.0
1.0,1.0,0.0,0.0,3.0,2.0,0.0,1.0,7.227483,69.891,-3.0,Tehran,False,21.0
1.0,1.0,1.0,1.0,1.0,4.0,0.0,1.0,7.241592,69.544,-3.0,Tehran,False,21.0
0.0,2.0,3.0,1.0,3.0,0.0,1.0,1.0,7.160686,69.048,-3.0,Tehran,False,21.0
1.0,0.0,3.0,0.0,1.0,1.0,1.0,1.0,7.249959,69.246,7.0,Tehran,False,7.0
1.0,2.0,4.0,1.0,0.0,0.0,0.0,0.0,7.279223,69.494,-3.0,Tehran,False,21.0
1.0,2.0,2.0,1.0,2.0,1.0,1.0,1.0,7.18244,69.147,-3.0,Tehran,False,21.0
0.0,3.0,2.0,0.0,3.0,4.0,1.0,1.0,7.127475,69.048,-3.0,Tehran,False,21.0
1.0,0.0,3.0,0.0,3.0,0.0,0.0,1.0,7.246574,69.891,-3.0,Tehran,False,21.0
1.0,1.0,4.0,1.0,1.0,4.0,0.0,1.0,7.241592,69.544,-3.0,Tehran,False,21.0
0.0,1.0,3.0,0.0,2.0,2.0,1.0,0.0,7.232608,69.196,-2.0,Tehran,False,22.0
0.0,2.0,2.0,1.0,1.0,2.0,2.0,0.0,7.243724,69.246,-2.0,Tehran,False,22.0
0.0,1.0,0.0,1.0,0.0,2.0,0.0,0.0,7.273416,69.494,-2.0,Tehran,False,22.0
0.0,2.0,4.0,0.0,1.0,1.0,2.0,0.0,7.228852,69.147,-2.0,Tehran,False,22.0
0.0,1.0,2.0,1.0,3.0,3.0,1.0,0.0,7.19745,69.494,-3.0,Tehran,False,21.0
0.0,2.0,1.0,0.0,0.0,2.0,2.0,1.0,7.196906,69.048,-3.0,Tehran,False,21.0
1.0,2.0,1.0,0.0,1.0,2.0,1.0,2.0,7.199832,69.444,-3.0,Tehran,False,21.0
0.0,1.0,2.0,0.0,2.0,2.0,1.0,1.0,7.201525,69.196,-3.0,Tehran,False,21.0
0.0,3.0,1.0,1.0,1.0,3.0,2.0,2.0,7.151367,69.246,-3.0,Tehran,False,21.0
1.0,3.0,4.0,0.0,3.0,2.0,2.0,1.0,7.019555,69.296,-3.0,Tehran,False,21.0
1.0,1.0,0.0,0.0,3.0,3.0,0.0,2.0,7.225407,69.841,-3.0,Tehran,False,21.0
1.0,3.0,1.0,1.0,2.0,3.0,2.0,1.0,7.012704,69.296,-3.0,Tehran,False,21.0
0.0,1.0,2.0,1.0,2.0,2.0,1.0,2.0,7.2152,69.097,-3.0,Tehran,False,21.0
